,Buy-and-Hold (EW),meta | none,primary | none,meta | standard,primary | standard
Total Return (%),169.1410643449259,-20.90929643333982,-92.84301518325961,-16.029478491672666,-20.06691734926813
Annual Return (%),12.84423909695558,-2.8224087827425692,-27.5198791458796,-2.109708331039739,-2.696670632544529
Annual Volatility (%),13.926221847037104,14.819133854917593,38.58076023671232,2.093535678904723,2.615629533765914
Sharpe Ratio,0.9374270755166044,-0.11909639805636602,-0.6401175290187553,-1.008030830155997,-1.0320423026689203
Max Drawdown (%),-26.415009799396614,-29.612723265142616,-93.19926013303512,-16.226348780638343,-20.23573217184267
Sortino Ratio,1.3180756580891244,-0.16628983864018668,-0.8739469175325295,-1.3412007250902278,-1.3525947665517624
Calmar Ratio,0.4862477505970478,-0.0953106797193776,-0.2952800173155558,-0.1300174401253529,-0.13326281498708775
Max DD Duration (days),552.2857142857143,1134.4285714285713,2062.1428571428573,2062.0,2062.4285714285716
PSR(0),0.9961679696035327,0.36664740429542686,0.032926478818541376,0.0018276657396821192,0.001259250707862587
Num Trades,0.0,2583.0,12268.0,2583.0,4541.0
Win Rate (%),,50.79365079365079,49.437561134659276,48.3933410762679,45.93701827791236
Avg Trade (bp),,-0.5690512604984126,-1.6672425643822262,-4.05707138637884,-3.3771756171296863
Avg Bars Held,,4.306233062330623,4.426312357352462,4.306233062330623,4.394186302576525
Profit Factor,,0.9659455075570963,0.9208993198357863,0.8266957233395084,0.8246474715162184
Tail Ratio,1.0038237168960196,0.9164956797932303,0.9233115135541949,0.892241941936374,0.9025635045792345
Exposure (%),0.0,50.88216979173874,84.5360824742268,50.88216979173874,31.19075624437833
Avg Bet Size,,1.4803258797018548,4.151096188030812,0.21371929354701663,0.5195608537630766
Turnover (x/yr),0.0,630.5389609676473,2995.9224262910093,92.51591949518,140.0974979216796
