family,variant,symbol,timeframe,primary,slot,per_session,n_events,long_share,precision,opportunity,recall,turnover,net_bp
F5,intraday_momentum open_to_now,SPY,5Min,intraday_momentum,12:55,0.0036779730281977932,9,0.5555555555555556,0.3333333333333333,0.6666666666666666,0.5,0.375,1.7460184564318417
F5,intraday_momentum open_to_now,SPY,5Min,intraday_momentum,15:00,0.531671434409481,1301,0.5588009223674096,0.46733282090699463,0.9108378170637971,0.5130801687763713,0.5084615384615384,-0.44262726478793535
F5,intraday_momentum open_to_now,SPY,5Min,intraday_momentum,15:30,0.5512872905598692,1349,0.5581912527798369,0.4507042253521127,0.8925129725722758,0.5049833887043189,0.5126112759643917,-0.4892172819210495
F5,intraday_momentum open_to_now,SPY,5Min,intraday_momentum,15:45,0.5594605639558643,1369,0.5529583637691746,0.46384222059897734,0.8991964937910883,0.5158407798537774,0.5182748538011696,-0.15118909784796733
F5,intraday_momentum open_to_now,SPY,5Min,intraday_momentum,all,1.6460972619534124,4028,0.5566037735849056,0.4602780536246276,0.9001986097318768,0.5113072255929398,0.19890737521728333,-0.3542889507563506
F5,intraday_momentum first30,SPY,5Min,intraday_momentum,12:55,0.0008176614881439084,2,0.5,0.0,0.5,0.0,1.0,-4.298129303954233
F5,intraday_momentum first30,SPY,5Min,intraday_momentum,15:00,0.16639411283728536,407,0.4963144963144963,0.44471744471744473,0.8992628992628993,0.49453551912568305,0.5172413793103449,-3.136413946659749
F5,intraday_momentum first30,SPY,5Min,intraday_momentum,15:30,0.16639411283728536,407,0.4963144963144963,0.44471744471744473,0.9164619164619164,0.48525469168900803,0.5172413793103449,-3.0482553038790767
F5,intraday_momentum first30,SPY,5Min,intraday_momentum,15:45,0.16639411283728536,407,0.4963144963144963,0.4398034398034398,0.8943488943488943,0.49175824175824173,0.5172413793103449,-2.97145956774561
F5,intraday_momentum first30,SPY,5Min,intraday_momentum,all,0.5,1223,0.4963205233033524,0.4423548650858545,0.902698282910875,0.490036231884058,0.1734860883797054,-3.0540806930904933
F7,gap_fade fade non_macro,SPY,5Min,gap_fade,09:35,0.20199501246882792,486,0.448559670781893,0.411522633744856,0.9423868312757202,0.4366812227074236,0.49896907216494846,-6.919470151307197
F7,gap_fade fade non_macro,SPY,5Min,gap_fade,09:45,0.20241064006650042,487,0.44969199178644764,0.4188911704312115,0.9486652977412731,0.44155844155844154,0.49382716049382713,-5.537998572678221
F7,gap_fade fade non_macro,SPY,5Min,gap_fade,10:00,0.2028262676641729,488,0.45081967213114754,0.4036885245901639,0.9426229508196722,0.4282608695652174,0.49691991786447637,-5.146906357172989
F7,gap_fade fade non_macro,SPY,5Min,gap_fade,all,0.6072319201995012,1461,0.44969199178644764,0.4113620807665982,0.944558521560575,0.4355072463768116,0.16575342465753426,-5.86691177325805
F7,gap_fade follow macro,SPY,5Min,gap_fade,09:35,0.0392156862745098,90,0.5777777777777777,0.5444444444444444,0.9555555555555556,0.5697674418604651,0.5393258426966292,6.982895020510899
F7,gap_fade follow macro,SPY,5Min,gap_fade,all,0.0392156862745098,90,0.5777777777777777,0.5444444444444444,0.9555555555555556,0.5697674418604651,0.5393258426966292,6.982895020510899
