stage,label,kind,sharpe,psr,dsr,n_trials,dsr_all,n_trials_all,ret_ann,max_dd,meta_auc,n_trades,n_obs,wfe,pbo,cache_hit,cell_hash
U6,SPY_1Day_wavelet_trend_logit_l2,legacy,1.0734615747478982,,,35,,179,,,0.5758951642672573,69.0,,,,False,legacy-73a64c5c44185f1c
U6,SPY_1Day_wavelet_trend_legacy,legacy,0.9365117256984484,,,35,,179,,,0.5447766703580657,67.0,,,,False,legacy-0fd42cb9392ce6f5
U6,SPY_1Day_wavelet_trend_logit_l1,legacy,0.8759437642084281,,,35,,179,,,0.5746031746031747,67.0,,,,False,legacy-4c2391e0b0c53100
U6,SPY_1Day_wavelet_trend_legacy,legacy,0.6034746125195312,,,35,,179,,,0.5314876338132153,69.0,,,,False,legacy-f3a5bb7bc89e672a
U6,SPY_1Day_wavelet_trend_rf_ldp,legacy,0.5985195336150584,,,35,,179,,,0.5788113695090439,64.0,,,,False,legacy-114f14c27312b28d
U6,SPY_1Day_wavelet_trend_logit_l1,legacy,0.586397871914327,,,35,,179,,,0.4328165374677002,88.0,,,,False,legacy-de512241bad1defa
U6,SPY_1Day_wavelet_trend_logit_l2,legacy,0.46150156927042674,,,35,,179,,,0.5292358803986711,72.0,,,,False,legacy-99015a017a6dda68
U6,SPY_1Day_wavelet_trend_lightgbm,legacy,0.44889506070127383,,,35,,179,,,0.5224806201550388,90.0,,,,False,legacy-fa9802609fc9bc42
U6,SPY_1Day_ml_xgb_extra_trees,legacy,0.42491579442900124,,,35,,179,,,0.4327639401008353,72.0,,,,False,legacy-0088141832f67d20
U6,SPY_1Day_ml_xgb_lightgbm,legacy,0.36279919243917147,,,35,,179,,,0.42975393182331245,75.0,,,,False,legacy-ffdc281d48ee865b
U6,SPY_1Day_ml_xgb_logit_l1,legacy,0.36098134605456095,,,35,,179,,,0.4301301828580029,73.0,,,,False,legacy-b961fd4e5691d37d
U6,SPY_1Day_ml_xgb_rf_ldp,legacy,0.345420456621767,,,35,,179,,,0.4271954247874182,73.0,,,,False,legacy-0e297c155882740a
U6,SPY_1Day_ml_xgb_logit_l2,legacy,0.3417414079209218,,,35,,179,,,0.4426969674166604,73.0,,,,False,legacy-9ebb9a320e30e76a
U6,SPY_1Day_ml_xgb_xgb,legacy,0.3362293726423459,,,35,,179,,,0.4504830917874396,73.0,,,,False,legacy-ca52959c12faea52
U6,SPY_1Day_wavelet_trend_extra_trees,legacy,0.31642557529844856,,,35,,179,,,0.567515688445921,59.0,,,,False,legacy-688c77bcfc2fdc3d
U6,SPY_1Day_ml_xgb_legacy,legacy,0.11915878897532996,,,35,,179,,,0.5065249266862171,68.0,,,,False,legacy-5a9f1486ada3fbc5
U6,SPY_1Day_wavelet_trend_xgb,legacy,-0.019946059335450756,,,35,,179,,,0.4750461424880029,77.0,,,,False,legacy-11165f491860a355
U6,SPY_1Day_wavelet_trend_xgb,legacy,-0.07448017340011122,,,35,,179,,,0.540125507567368,83.0,,,,False,legacy-79926efe6123460f
U6,SPY_1Day_wavelet_trend_lightgbm,legacy,-0.07760765507754615,,,35,,179,,,0.4696936138796604,79.0,,,,False,legacy-d534c76f7b4f5fc1
U6,SPY_1Day_wavelet_trend_rf_ldp,legacy,-0.14509802392396895,,,35,,179,,,0.5423403469915098,75.0,,,,False,legacy-0dc05dbab5ffde26
U6,SPY_1Day_wavelet_trend_extra_trees,legacy,-0.22560692338235294,,,35,,179,,,0.5287559985234404,78.0,,,,False,legacy-df24f3cf61f73b52
U6,SPY_5Min_wavelet_trend_logit_l1,legacy,-0.7635270787832275,,,35,,179,,,0.5087141696611758,1372.0,,,,False,legacy-2dccedd0c395dca2
U6,SPY_5Min_wavelet_trend_logit_l2,legacy,-0.983768142544929,,,35,,179,,,0.49535601477401675,281.0,,,,False,legacy-89ff7d025ca7a97a
U6,SPY_5Min_wavelet_trend_rf_ldp,legacy,-1.1653111355518082,,,35,,179,,,0.5002833559509833,1466.0,,,,False,legacy-e992a34ef53df28a
U6,SPY_5Min_wavelet_trend_logit_l2,legacy,-1.213509497768317,,,35,,179,,,0.49766453704974356,1474.0,,,,False,legacy-43a84fb160f93d36
U6,SPY_5Min_wavelet_trend_lightgbm,legacy,-1.4938632313938356,,,35,,179,,,0.4987160883494537,1335.0,,,,False,legacy-effdb248fac3b1ee
U6,SPY_5Min_wavelet_trend_extra_trees,legacy,-1.540076642819881,,,35,,179,,,0.5079743099075472,1478.0,,,,False,legacy-e80acd642b55909d
U6,SPY_5Min_wavelet_trend_xgb,legacy,-2.0662193057150513,,,35,,179,,,0.4998648658951253,1413.0,,,,False,legacy-c65758594504a9af
U6,SPY_5Min_wavelet_trend_logit_l1,legacy,-2.1105153327926383,,,35,,179,,,0.4936249105535919,349.0,,,,False,legacy-25dda4a7cd746388
U6,SPY_5Min_wavelet_trend_xgb,legacy,-2.5841624545090127,,,35,,179,,,0.5116936873122228,353.0,,,,False,legacy-d714a1d07138b10a
U6,SPY_5Min_wavelet_trend_legacy,legacy,-2.6706421143452195,,,35,,179,,,0.5023348064454373,2288.0,,,,False,legacy-a663899b7edd6c50
U6,SPY_5Min_wavelet_trend_legacy,legacy,-2.699231499055026,,,35,,179,,,0.5086266091318458,455.0,,,,False,legacy-78849b57ae903c9b
U6,SPY_5Min_wavelet_trend_extra_trees,legacy,-3.1168833403057423,,,35,,179,,,0.49615229862210364,302.0,,,,False,legacy-d7f8cc1fe6b01c5a
U6,SPY_5Min_wavelet_trend_rf_ldp,legacy,-3.523273494872806,,,35,,179,,,0.5003348969890592,304.0,,,,False,legacy-942ecac8b356808b
U6,SPY_5Min_wavelet_trend_lightgbm,legacy,-4.036045701625099,,,35,,179,,,0.5050535714715951,333.0,,,,False,legacy-a708597782ec5f64
U7,SPY_1Day_wavelet_trend_logit_l2_fixed_single,legacy,1.0734615747478982,,,135,,179,0.12111180268557309,-0.07901617606364864,0.5758951642672573,69.0,,,,False,legacy-2ee9fd1c20eddb17
U7,SPY_1Day_wavelet_trend_logit_l2_fixed_single,legacy,1.0734615747478982,,,135,,179,0.12111180268557309,-0.07901617606364864,0.5758951642672573,69.0,,,,False,legacy-cc55ee478fdfaa12
U7,SPY_1Day_wavelet_trend_logit_l2_fixed_average,legacy,0.8762518881381425,,,135,,179,0.10238096966843324,-0.12370355413060974,0.5758951642672573,159.0,,,,False,legacy-98fab9fab28b47ea
U7,SPY_1Day_wavelet_trend_logit_l2_fixed_average,legacy,0.8719281032149104,,,135,,179,0.10183115062951863,-0.12370355413060974,0.5758951642672573,159.0,,,,False,legacy-ed11250ff3b1aa2e
U7,SPY_1Day_wavelet_trend_logit_l2_ecdf_single,legacy,0.7665099015402852,,,135,,179,0.051167555299698186,-0.05835319878848466,0.5758951642672573,66.0,,,,False,legacy-e7336ff3b30aa723
U7,SPY_1Day_wavelet_trend_logit_l2_ecdf_single,legacy,0.7665099015402852,,,135,,179,0.051167555299698186,-0.05835319878848466,0.5758951642672573,66.0,,,,False,legacy-6e8f2c8704009950
U7,SPY_1Day_wavelet_trend_rf_ldp_fixed_average,legacy,0.7506129406816296,,,135,,179,0.08692339932272052,-0.183585753147394,0.5788113695090439,142.0,,,,False,legacy-3e0decdc4f01efec
U7,SPY_1Day_wavelet_trend_rf_ldp_fixed_average,legacy,0.7506129406816296,,,135,,179,0.08692339932272052,-0.183585753147394,0.5788113695090439,142.0,,,,False,legacy-dcec23d875bfa3c5
U7,SPY_1Day_wavelet_trend_rf_ldp_linear_single,legacy,0.7456009606889757,,,135,,179,0.019518658299220393,-0.05295869193646019,0.5788113695090439,59.0,,,,False,legacy-f27e0f1e12cc16e5
U7,SPY_1Day_wavelet_trend_rf_ldp_linear_single,legacy,0.7456009606889757,,,135,,179,0.019518658299220393,-0.05295869193646019,0.5788113695090439,59.0,,,,False,legacy-5415449afcd27bd8
U7,QQQ_1Day_wavelet_trend_logit_l2_ldp_sigmoid_average,legacy,0.7442145248839068,,,135,,179,0.023735042221827207,-0.04448566811848897,0.5406356801093644,158.0,,,,False,legacy-919988aed7d8746a
U7,QQQ_1Day_wavelet_trend_logit_l2_ldp_sigmoid_average,legacy,0.7335344731018514,,,135,,179,0.023331903936256948,-0.04448566811848897,0.5406356801093644,158.0,,,,False,legacy-0a92c3596ec8cc60
U7,QQQ_1Day_wavelet_trend_logit_l2_ecdf_average,legacy,0.728906873663081,,,135,,179,0.07678783312125259,-0.12415768589501086,0.5406356801093644,158.0,,,,False,legacy-eee8cb16150cedaf
U7,QQQ_1Day_wavelet_trend_logit_l2_ecdf_average,legacy,0.7245821085507337,,,135,,179,0.07620130517859192,-0.12415768589501086,0.5406356801093644,158.0,,,,False,legacy-65bd2c7444646239
U7,SPY_1Day_wavelet_trend_rf_ldp_ecdf_single,legacy,0.7005663368140309,,,135,,179,0.043758048964842144,-0.1236934632114538,0.5788113695090439,60.0,,,,False,legacy-cce218203a16c721
U7,SPY_1Day_wavelet_trend_rf_ldp_ecdf_single,legacy,0.7005663368140309,,,135,,179,0.043758048964842144,-0.1236934632114538,0.5788113695090439,60.0,,,,False,legacy-06ee4beab9fb790a
U7,SPY_1Day_wavelet_trend_logit_l2_linear_single,legacy,0.6853409281558844,,,135,,179,0.01729639576154951,-0.026287739371212426,0.5758951642672573,64.0,,,,False,legacy-9e04befab2eaf8a8
U7,SPY_1Day_wavelet_trend_logit_l2_linear_single,legacy,0.6853409281558844,,,135,,179,0.01729639576154951,-0.026287739371212426,0.5758951642672573,64.0,,,,False,legacy-8f2e4c2d2d22776a
U7,SPY_1Day_wavelet_trend_logit_l2_ecdf_average,legacy,0.6724526587846731,,,135,,179,0.04707996472216669,-0.10951639561579718,0.5758951642672573,158.0,,,,False,legacy-fc4f1b487dbce1e0
U7,SPY_1Day_wavelet_trend_logit_l2_ecdf_average,legacy,0.6714086224839126,,,135,,179,0.04701270896319354,-0.10951639561579718,0.5758951642672573,158.0,,,,False,legacy-cf65c7c9a237c188
U7,SPY_1Day_wavelet_trend_rf_ldp_ldp_sigmoid_single,legacy,0.6084022021688134,,,135,,179,0.013593276120504427,-0.04896495994208516,0.5788113695090439,59.0,,,,False,legacy-455e2c0213cc50b4
U7,SPY_1Day_wavelet_trend_rf_ldp_ldp_sigmoid_single,legacy,0.6084022021688134,,,135,,179,0.013593276120504427,-0.04896495994208516,0.5788113695090439,59.0,,,,False,legacy-38f94a2367a05638
U7,SPY_1Day_wavelet_trend_rf_ldp_linear_average,legacy,0.6024846992600229,,,135,,179,0.016837373262893918,-0.055576659639344106,0.5788113695090439,142.0,,,,False,legacy-1cbc014a7ba2a15e
U7,QQQ_1Day_wavelet_trend_logit_l2_linear_average,legacy,0.6017161495246485,,,135,,179,0.022577140609854274,-0.0533502387949577,0.5406356801093644,158.0,,,,False,legacy-0eb07015986a0a15
U7,SPY_1Day_wavelet_trend_rf_ldp_linear_average,legacy,0.5989943115256448,,,135,,179,0.016725626936720417,-0.055576659639344106,0.5788113695090439,142.0,,,,False,legacy-fdf1aec2f2f87892
U7,SPY_1Day_wavelet_trend_rf_ldp_fixed_single,legacy,0.5985195336150584,,,135,,179,0.0623504289650294,-0.1547574939322619,0.5788113695090439,64.0,,,,False,legacy-f8824f5dba07633b
U7,SPY_1Day_wavelet_trend_rf_ldp_fixed_single,legacy,0.5985195336150584,,,135,,179,0.0623504289650294,-0.1547574939322619,0.5788113695090439,64.0,,,,False,legacy-2e01350a70a12a34
U7,QQQ_1Day_wavelet_trend_logit_l2_linear_average,legacy,0.598331241602079,,,135,,179,0.022440180563337853,-0.0533502387949577,0.5406356801093644,158.0,,,,False,legacy-0dbd707581c8ee38
U7,SPY_1Day_wavelet_trend_rf_ldp_ecdf_average,legacy,0.5680854858704156,,,135,,179,0.03644248774314307,-0.13587051358712388,0.5788113695090439,142.0,,,,False,legacy-5e248eb6445ccdef
U7,SPY_1Day_wavelet_trend_rf_ldp_ecdf_average,legacy,0.5671969414364941,,,135,,179,0.03637395893368023,-0.13587051358712388,0.5788113695090439,142.0,,,,False,legacy-43f0abac48a6332b
U7,SPY_1Day_wavelet_trend_rf_ldp_ldp_sigmoid_average,legacy,0.5454093967431016,,,135,,179,0.012741139398923185,-0.05583289254787149,0.5788113695090439,142.0,,,,False,legacy-9899d6b234db573a
U7,SPY_1Day_wavelet_trend_rf_ldp_ldp_sigmoid_average,legacy,0.5454093967431016,,,135,,179,0.012741139398923185,-0.05583289254787149,0.5788113695090439,142.0,,,,False,legacy-f30a6f58026320e0
U7,QQQ_1Day_wavelet_trend_logit_l2_kelly_capped_single,legacy,0.5343063577399667,,,135,,179,0.006090146435604238,-0.020496007035916253,0.5406356801093644,44.0,,,,False,legacy-f7985cafb98704a6
U7,QQQ_1Day_wavelet_trend_logit_l2_kelly_capped_single,legacy,0.5343063577399667,,,135,,179,0.006090146435604238,-0.020496007035916253,0.5406356801093644,44.0,,,,False,legacy-69b40577dd0748ad
U7,SPY_1Day_wavelet_trend_logit_l2_ldp_sigmoid_average,legacy,0.5073380723560728,,,135,,179,0.01140405942751066,-0.04309364684520456,0.5758951642672573,159.0,,,,False,legacy-27190fd7c79b1aa0
U7,SPY_1Day_wavelet_trend_logit_l2_ldp_sigmoid_average,legacy,0.5073380723560728,,,135,,179,0.01140405942751066,-0.04309364684520456,0.5758951642672573,159.0,,,,False,legacy-c1caac773d24bc5b
U7,SPY_1Day_wavelet_trend_logit_l2_ldp_sigmoid_single,legacy,0.5061910723449281,,,135,,179,0.01001786903656976,-0.026602919378252654,0.5758951642672573,62.0,,,,False,legacy-8641eda1221945bc
U7,SPY_1Day_wavelet_trend_logit_l2_ldp_sigmoid_single,legacy,0.5061910723449281,,,135,,179,0.01001786903656976,-0.026602919378252654,0.5758951642672573,62.0,,,,False,legacy-1ac0fbf5d2a731e9
U7,SPY_1Day_wavelet_trend_logit_l2_kelly_capped_single,legacy,0.489053966609143,,,135,,179,0.0022129715268539574,-0.005484545091657966,0.5758951642672573,13.0,,,,False,legacy-c6dda85f71fc6621
U7,SPY_1Day_wavelet_trend_logit_l2_kelly_capped_single,legacy,0.489053966609143,,,135,,179,0.0022129715268539574,-0.005484545091657966,0.5758951642672573,13.0,,,,False,legacy-f317645508d4bc33
U7,SPY_1Day_wavelet_trend_logit_l2_linear_average,legacy,0.4607997022032574,,,135,,179,0.011926885326355219,-0.0485766294881892,0.5758951642672573,159.0,,,,False,legacy-356ce83a1b5b28e6
U7,SPY_1Day_wavelet_trend_logit_l2_linear_average,legacy,0.4607997022032574,,,135,,179,0.011926885326355219,-0.0485766294881892,0.5758951642672573,159.0,,,,False,legacy-95e3b62bc0970c9c
U7,QQQ_1Day_wavelet_trend_logit_l2_kelly_capped_average,legacy,0.4525466397835557,,,135,,179,0.005046131741722304,-0.015283428068212812,0.5406356801093644,145.0,,,,False,legacy-e85d2008b51c2060
U7,QQQ_1Day_wavelet_trend_logit_l2_kelly_capped_average,legacy,0.4525466397835557,,,135,,179,0.005046131741722304,-0.015283428068212812,0.5406356801093644,145.0,,,,False,legacy-0fdcc58d76a8b87e
U7,IWM_1Day_wavelet_trend_logit_l2_linear_single,legacy,0.42922771956643563,,,135,,179,0.001755509621509166,-0.006941883972583773,0.47923208678275764,3.0,,,,False,legacy-d8e2464401925a42
U7,IWM_1Day_wavelet_trend_logit_l2_ldp_sigmoid_single,legacy,0.42922771956643563,,,135,,179,0.001755509621509166,-0.006941883972583773,0.47923208678275764,3.0,,,,False,legacy-76091e28f8a694fd
U7,IWM_1Day_wavelet_trend_logit_l2_linear_single,legacy,0.42922771956643563,,,135,,179,0.001755509621509166,-0.006941883972583773,0.47923208678275764,3.0,,,,False,legacy-d6e8c871e94ca4d2
U7,IWM_1Day_wavelet_trend_logit_l2_ldp_sigmoid_single,legacy,0.42922771956643563,,,135,,179,0.001755509621509166,-0.006941883972583773,0.47923208678275764,3.0,,,,False,legacy-6dccb6b67d08dd41
U7,QQQ_1Day_wavelet_trend_logit_l2_fixed_average,legacy,0.393277175783374,,,135,,179,0.049705714368503795,-0.180594578992757,0.5406356801093644,158.0,,,,False,legacy-d14787373f0546c6
U7,QQQ_1Day_wavelet_trend_logit_l2_fixed_average,legacy,0.3878271054562635,,,135,,179,0.04880243296048281,-0.180594578992757,0.5406356801093644,158.0,,,,False,legacy-e93b00e038a93b6a
U7,QQQ_1Day_wavelet_trend_logit_l2_ecdf_single,legacy,0.322280413134304,,,135,,179,0.028613946993717665,-0.14844500468934463,0.5406356801093644,65.0,,,,False,legacy-c9e25bc55ef6248e
U7,QQQ_1Day_wavelet_trend_logit_l2_ecdf_single,legacy,0.322280413134304,,,135,,179,0.028613946993717665,-0.14844500468934463,0.5406356801093644,65.0,,,,False,legacy-58fd47580a92fdc5
U7,IWM_1Day_wavelet_trend_logit_l2_linear_average,legacy,0.28207320629537636,,,135,,179,0.001207541634795195,-0.00679114656718538,0.47923208678275764,85.0,,,,False,legacy-0cb81f5e9e49f896
U7,IWM_1Day_wavelet_trend_logit_l2_linear_average,legacy,0.28207320629537636,,,135,,179,0.001207541634795195,-0.00679114656718538,0.47923208678275764,85.0,,,,False,legacy-fbfd08e30b762e6e
U7,SPY_1Day_wavelet_trend_logit_l2_kelly_capped_average,legacy,0.2773130361229677,,,135,,179,0.0012510274731178939,-0.008919121477710346,0.5758951642672573,115.0,,,,False,legacy-74b98ef5525eddac
U7,SPY_1Day_wavelet_trend_logit_l2_kelly_capped_average,legacy,0.2773130361229677,,,135,,179,0.0012510274731178939,-0.008919121477710346,0.5758951642672573,115.0,,,,False,legacy-1aff17af68cae66b
U7,IWM_1Day_wavelet_trend_logit_l2_ldp_sigmoid_average,legacy,0.18814204269585516,,,135,,179,0.0006862710205455258,-0.0065876059163513245,0.47923208678275764,85.0,,,,False,legacy-430f6fbbcf3bda89
U7,IWM_1Day_wavelet_trend_logit_l2_ldp_sigmoid_average,legacy,0.18814204269585516,,,135,,179,0.0006862710205455258,-0.0065876059163513245,0.47923208678275764,85.0,,,,False,legacy-fabe1c4fb37540c5
U7,SPY_1Day_wavelet_trend_rf_ldp_kelly_capped_single,legacy,0.14390333757220236,,,135,,179,0.0007800321762054807,-0.014903806626821448,0.5788113695090439,24.0,,,,False,legacy-6563d76453dcfc91
U7,SPY_1Day_wavelet_trend_rf_ldp_kelly_capped_single,legacy,0.14390333757220236,,,135,,179,0.0007800321762054807,-0.014903806626821448,0.5788113695090439,24.0,,,,False,legacy-6512f191bcbe0d14
U7,QQQ_1Day_wavelet_trend_logit_l2_ldp_sigmoid_single,legacy,0.0803973919832708,,,135,,179,0.0020175826682389264,-0.05564077566244907,0.5406356801093644,63.0,,,,False,legacy-f3c7393933306de5
U7,QQQ_1Day_wavelet_trend_logit_l2_ldp_sigmoid_single,legacy,0.0803973919832708,,,135,,179,0.0020175826682389264,-0.05564077566244907,0.5406356801093644,63.0,,,,False,legacy-cf990a57bef673f3
U7,QQQ_1Day_wavelet_trend_logit_l2_linear_single,legacy,0.0602787405199732,,,135,,179,0.0015122721785125748,-0.06486873615352551,0.5406356801093644,64.0,,,,False,legacy-14708a92d976ff8e
U7,QQQ_1Day_wavelet_trend_logit_l2_linear_single,legacy,0.0602787405199732,,,135,,179,0.0015122721785125748,-0.06486873615352551,0.5406356801093644,64.0,,,,False,legacy-af41b42dfabe5edd
U7,IWM_1Day_wavelet_trend_logit_l2_kelly_capped_single,legacy,0.0,,,135,,179,0.0,0.0,0.47923208678275764,0.0,,,,False,legacy-1276e44e08aebe7e
U7,IWM_1Day_wavelet_trend_logit_l2_kelly_capped_average,legacy,0.0,,,135,,179,0.0,0.0,0.47923208678275764,24.0,,,,False,legacy-4bece6fec2bb9558
U7,SPY_5Min_wavelet_trend_logit_l1_kelly_capped_single,legacy,0.0,,,135,,179,0.0,0.0,0.4936249105535919,0.0,,,,False,legacy-2b477b639341380a
U7,SPY_5Min_wavelet_trend_logit_l1_kelly_capped_average,legacy,0.0,,,135,,179,0.0,0.0,0.4936249105535919,288.0,,,,False,legacy-45ca211c41a8a07a
U7,IWM_1Day_wavelet_trend_logit_l2_kelly_capped_single,legacy,0.0,,,135,,179,0.0,0.0,0.47923208678275764,0.0,,,,False,legacy-f8f552ed482a00ba
U7,IWM_1Day_wavelet_trend_logit_l2_kelly_capped_average,legacy,0.0,,,135,,179,0.0,0.0,0.47923208678275764,24.0,,,,False,legacy-c4fa00c25e4e23f7
U7,SPY_5Min_wavelet_trend_logit_l1_kelly_capped_single,legacy,0.0,,,135,,179,0.0,0.0,0.4936249105535919,0.0,,,,False,legacy-45424a43f136bc7c
U7,SPY_5Min_wavelet_trend_logit_l1_kelly_capped_average,legacy,0.0,,,135,,179,0.0,0.0,0.4936249105535919,288.0,,,,False,legacy-2e62c357efc97b56
U7,SPY_5Min_wavelet_trend_logit_l1_ecdf_average,legacy,-0.19159468708057267,,,135,,179,-0.012961486165661729,-0.06320772300460975,0.4936249105535919,463.0,,,,False,legacy-30070a4ea936a655
U7,IWM_1Day_wavelet_trend_logit_l2_ecdf_average,legacy,-0.22807587865669554,,,135,,179,-0.015344292462703524,-0.17985677610318895,0.47923208678275764,80.0,,,,False,legacy-b33b7d9645ed777f
U7,IWM_1Day_wavelet_trend_logit_l2_ecdf_average,legacy,-0.22807587865669554,,,135,,179,-0.015344292462703524,-0.17985677610318895,0.47923208678275764,80.0,,,,False,legacy-ebc37ce296eaddd3
U7,SPY_5Min_wavelet_trend_logit_l1_ecdf_average,legacy,-0.22905968215188774,,,135,,179,-0.01514772563661615,-0.06421726900877478,0.4936249105535919,463.0,,,,False,legacy-3f89e9f0af73ab24
U7,SPY_1Day_wavelet_trend_rf_ldp_kelly_capped_average,legacy,-0.2756511284845196,,,135,,179,-0.0015838758884603177,-0.012086230812207055,0.5788113695090439,103.0,,,,False,legacy-0f9513c3c4093f42
U7,SPY_1Day_wavelet_trend_rf_ldp_kelly_capped_average,legacy,-0.2756511284845196,,,135,,179,-0.0015838758884603177,-0.012086230812207055,0.5788113695090439,103.0,,,,False,legacy-0e67c64fed4eda01
U7,QQQ_1Day_wavelet_trend_logit_l2_fixed_single,legacy,-0.27635828168979154,,,135,,179,-0.05120641900487466,-0.24120257401991707,0.5406356801093644,67.0,,,,False,legacy-85dd9487a6855c8a
U7,QQQ_1Day_wavelet_trend_logit_l2_fixed_single,legacy,-0.27635828168979154,,,135,,179,-0.05120641900487466,-0.24120257401991707,0.5406356801093644,67.0,,,,False,legacy-613e779df5e266d5
U7,IWM_1Day_wavelet_trend_logit_l2_fixed_average,legacy,-0.38520536658530247,,,135,,179,-0.06720862701942831,-0.3972759870058439,0.47923208678275764,85.0,,,,False,legacy-8644d66dc79b1733
U7,IWM_1Day_wavelet_trend_logit_l2_fixed_average,legacy,-0.38520536658530247,,,135,,179,-0.06720862701942831,-0.3972759870058439,0.47923208678275764,85.0,,,,False,legacy-a8c921e3e5ed24c2
U7,SPY_5Min_wavelet_trend_logit_l1_ecdf_single,legacy,-0.41345749703493656,,,135,,179,-0.02552923579216715,-0.0848992227216504,0.4936249105535919,215.0,,,,False,legacy-ee4110770b58238b
U7,SPY_5Min_wavelet_trend_logit_l1_ecdf_single,legacy,-0.41345749703493656,,,135,,179,-0.02552923579216715,-0.0848992227216504,0.4936249105535919,215.0,,,,False,legacy-7bbd4776e3eace5f
U7,IWM_1Day_wavelet_trend_logit_l2_fixed_single,legacy,-0.43435187973040196,,,135,,179,-0.06738906289768098,-0.3749766284824007,0.47923208678275764,39.0,,,,False,legacy-49f55d6a151efbf3
U7,IWM_1Day_wavelet_trend_logit_l2_fixed_single,legacy,-0.43435187973040196,,,135,,179,-0.06738906289768098,-0.3749766284824007,0.47923208678275764,39.0,,,,False,legacy-ea83964c714f2d3e
U7,SPY_5Min_wavelet_trend_logit_l1_ldp_sigmoid_average,legacy,-0.4661533337306088,,,135,,179,-0.002343377232381205,-0.006300168101195602,0.4936249105535919,772.0,,,,False,legacy-ce67971aff683187
U7,SPY_5Min_wavelet_trend_logit_l1_ldp_sigmoid_average,legacy,-0.47524708608607674,,,135,,179,-0.002390265425765037,-0.006322877976615238,0.4936249105535919,772.0,,,,False,legacy-b613aea054df3c22
U7,IWM_1Day_wavelet_trend_logit_l2_ecdf_single,legacy,-0.6187576997054541,,,135,,179,-0.031551024590243726,-0.1732671050340762,0.47923208678275764,25.0,,,,False,legacy-36ccf302e37d9a0d
U7,IWM_1Day_wavelet_trend_logit_l2_ecdf_single,legacy,-0.6187576997054541,,,135,,179,-0.031551024590243726,-0.1732671050340762,0.47923208678275764,25.0,,,,False,legacy-fd6bd2a908620c1e
U7,SPY_5Min_wavelet_trend_logit_l1_fixed_average,legacy,-1.6522097783013794,,,135,,179,-0.11928221095669533,-0.10855182227034177,0.4936249105535919,772.0,,,,False,legacy-dd8c3c6725fe48a7
U7,SPY_5Min_wavelet_trend_logit_l1_fixed_average,legacy,-1.6890731892743238,,,135,,179,-0.12178800823464464,-0.10978604882688925,0.4936249105535919,772.0,,,,False,legacy-7ea916b23492c072
U7,SPY_5Min_wavelet_trend_logit_l1_ldp_sigmoid_single,legacy,-1.8451320328429408,,,135,,179,-0.009043130670982058,-0.009392903095082339,0.4936249105535919,133.0,,,,False,legacy-657fc50050d73756
U7,SPY_5Min_wavelet_trend_logit_l1_ldp_sigmoid_single,legacy,-1.8451320328429408,,,135,,179,-0.009043130670982058,-0.009392903095082339,0.4936249105535919,133.0,,,,False,legacy-6b395c2b0dd3e48f
U7,SPY_5Min_wavelet_trend_logit_l1_linear_average,legacy,-1.9340546770287772,,,135,,179,-0.011227727913646013,-0.010691758241576865,0.4936249105535919,772.0,,,,False,legacy-549bbbd0493ad107
U7,SPY_5Min_wavelet_trend_logit_l1_linear_average,legacy,-1.9836320768385876,,,135,,179,-0.011507350736910893,-0.01082781226781826,0.4936249105535919,772.0,,,,False,legacy-a447e5668d5e5c30
U7,SPY_5Min_wavelet_trend_logit_l1_fixed_single,legacy,-2.1105153327926383,,,135,,179,-0.14921574469291787,-0.13810682567957078,0.4936249105535919,349.0,,,,False,legacy-ad1dac43a552ec55
U7,SPY_5Min_wavelet_trend_logit_l1_fixed_single,legacy,-2.1105153327926383,,,135,,179,-0.14921574469291787,-0.13810682567957078,0.4936249105535919,349.0,,,,False,legacy-e5356aae7eb09ff0
U7,SPY_5Min_wavelet_trend_logit_l1_linear_single,legacy,-3.097677254514587,,,135,,179,-0.017759178591963853,-0.013767269137793914,0.4936249105535919,202.0,,,,False,legacy-889c8619876225cc
U7,SPY_5Min_wavelet_trend_logit_l1_linear_single,legacy,-3.097677254514587,,,135,,179,-0.017759178591963853,-0.013767269137793914,0.4936249105535919,202.0,,,,False,legacy-ba542cd7fe987989
U8,DIA-GLD-IWM-QQQ-SPY-TLT_1Hour_wavelet_trend_logit_l2_fixed_none,legacy,-0.11909639805636602,,,139,,179,-0.028224087827425692,-0.29612723265142615,0.5016136387066443,2583.0,,,,False,legacy-f51c4883c807df6d
U8,DIA-GLD-IWM-QQQ-SPY-TLT_1Hour_wavelet_trend_logit_l2_fixed_none,legacy,-0.11909639805636602,,,139,,179,-0.028224087827425692,-0.29612723265142615,0.5016136387066443,2583.0,,,,False,legacy-ad9765ec0d3cc082
U8,DIA-GLD-IWM-QQQ-SPY-TLT_1Hour_wavelet_trend_logit_l2_fixed_standard,legacy,-1.008030830155997,,,139,,179,-0.02109708331039739,-0.16226348780638344,0.5016136387066443,2583.0,,,,False,legacy-87e26a46c51e5420
U8,DIA-GLD-IWM-QQQ-SPY-TLT_1Hour_wavelet_trend_logit_l2_fixed_standard,legacy,-1.008030830155997,,,139,,179,-0.02109708331039739,-0.16226348780638344,0.5016136387066443,2583.0,,,,False,legacy-4e8b96a44de46a8d
U9,SPY_1Hour_wavelet_trend_logit_l2_fixed_none_IS504_OOS21,legacy,0.09412510665730264,,,163,,179,0.0037978187998999324,-0.10693106416540332,,771.0,,2.4240448878151173,,False,legacy-19f4e000d6163840
U9,SPY_1Hour_wavelet_trend_logit_l2_fixed_none_IS504_OOS21,legacy,0.09412510665730264,,,163,,179,0.0037978187998999324,-0.10693106416540332,,771.0,,,,False,legacy-f2fb81ed3418f8f0
U9,SPY_1Hour_wavelet_trend_logit_l2_fixed_none_IS504_OOS63,legacy,0.05014839122521407,,,163,,179,0.0011370663820207128,-0.15355319306487292,,715.0,,0.4278373166588054,,False,legacy-a336a1366c012757
U9,SPY_1Hour_wavelet_trend_logit_l2_fixed_none_IS504_OOS63,legacy,0.05014839122521407,,,163,,179,0.0011370663820207128,-0.15355319306487292,,715.0,,,,False,legacy-e5d25025305278c8
U9,SPY_1Hour_wavelet_trend_logit_l2_fixed_none_nested,legacy,0.049943358666726195,,,163,,179,0.0011636606357425805,-0.12540915309309686,,,,,0.7676767676767676,False,legacy-1a9c052c9573485c
U9,SPY_1Hour_wavelet_trend_logit_l2_fixed_none_nested,legacy,0.049943358666726195,,,163,,179,0.0011636606357425805,-0.12540915309309686,,,,,0.7676767676767676,False,legacy-41e4a456bd54e65a
U9,SPY_1Hour_wavelet_trend_logit_l2_fixed_none_IS252_OOS5,legacy,0.004759418831122068,,,163,,179,-0.0018855534000224994,-0.1565259788440302,,930.0,,,,False,legacy-03783c614369be43
U9,SPY_1Hour_wavelet_trend_logit_l2_fixed_none_IS252_OOS5,legacy,0.004759418831122068,,,163,,179,-0.0018855534000224994,-0.1565259788440302,,930.0,,,,False,legacy-7ada349fd5597387
U9,SPY_1Hour_wavelet_trend_logit_l2_fixed_none_IS252_OOS10,legacy,0.004471738072290163,,,163,,179,-0.0017509840651390718,-0.13380043119800644,,922.0,,,,False,legacy-65fd3688e33e5810
U9,SPY_1Hour_wavelet_trend_logit_l2_fixed_none_IS252_OOS10,legacy,0.004471738072290163,,,163,,179,-0.0017509840651390718,-0.13380043119800644,,922.0,,,,False,legacy-6cbfcde79e909c0c
U9,SPY_1Hour_wavelet_trend_logit_l2_fixed_none_IS252_OOS63,legacy,-0.05843245244381559,,,163,,179,-0.005745109221845235,-0.12418710618482143,,933.0,,,,False,legacy-6ceed6fde27650ed
U9,SPY_1Hour_wavelet_trend_logit_l2_fixed_none_IS252_OOS63,legacy,-0.05843245244381559,,,163,,179,-0.005745109221845235,-0.12418710618482143,,933.0,,,,False,legacy-b302132e808bb56e
U9,SPY_1Hour_wavelet_trend_logit_l2_fixed_none_IS504_OOS10,legacy,-0.10821746205333894,,,163,,179,-0.009027668549667967,-0.09078324478003397,,796.0,,-2.510264521601227,,False,legacy-b63af51d0dc885e3
U9,SPY_1Hour_wavelet_trend_logit_l2_fixed_none_IS504_OOS10,legacy,-0.10821746205333894,,,163,,179,-0.009027668549667967,-0.09078324478003397,,796.0,,,,False,legacy-ba679a016d464675
U9,SPY_1Hour_wavelet_trend_logit_l2_fixed_none_IS252_OOS21,legacy,-0.2171383167193593,,,163,,179,-0.016922978589173576,-0.16557232915905906,,918.0,,,,False,legacy-7a5d948cd2bd9b98
U9,SPY_1Hour_wavelet_trend_logit_l2_fixed_none_IS252_OOS21,legacy,-0.2171383167193593,,,163,,179,-0.016922978589173576,-0.16557232915905906,,918.0,,,,False,legacy-89208977b37e7736
U9,SPY_1Hour_wavelet_trend_logit_l2_fixed_none_IS504_OOS5,legacy,-0.27058527599151705,,,163,,179,-0.018845841511180295,-0.14747153235375277,,784.0,,-6.475671296071214,,False,legacy-911dc98e301f9328
U9,SPY_1Hour_wavelet_trend_logit_l2_fixed_none_IS504_OOS5,legacy,-0.27058527599151705,,,163,,179,-0.018845841511180295,-0.14747153235375277,,784.0,,,,False,legacy-2deeb047d02641b1
U10,QQQ_1Hour_wavelet_trend_logit_l2_oof_fixed_none,wfo,0.02374422982441459,0.5271256188799853,5.594081311357008e-14,179,5.594081311357008e-14,179,-0.0019034371267123706,-0.18334476382746512,0.5056947365483508,1070.0,2070.0,,,False,d6f03debb7cd5761
U10,QQQ_1Hour_wavelet_trend_logit_l2_oof_fixed_none,wfo,0.02374422982441459,0.5271256188799853,5.594081311357008e-14,179,5.594081311357008e-14,179,-0.0019034371267123706,-0.18334476382746512,0.5056947365483508,1070.0,2070.0,,,False,ae96e8a6a0192be9
U10,IWM-QQQ-SPY_1Hour_wavelet_trend_logit_l2_oof_fixed_none,portfolio,-0.05873025796929386,0.4332519828640106,9.823556585658303e-15,179,9.823556585658303e-15,179,-0.014838789546017694,-0.18988849002859443,0.5046534205909893,1577.0,2072.0,,,False,a2e06842c562f254
U10,IWM-QQQ-SPY_1Hour_wavelet_trend_logit_l2_oof_fixed_none,portfolio,-0.05873025796929386,0.4332519828640106,9.823556585658303e-15,179,9.823556585658303e-15,179,-0.014838789546017694,-0.18988849002859443,0.5046534205909893,1577.0,2072.0,,,False,218bb500c5a757a1
U10,IWM_1Hour_wavelet_trend_logit_l2_oof_fixed_none,wfo,-0.11956960730528027,0.3658015075440022,2.1762854021770843e-15,179,2.1762854021770843e-15,179,-0.004972285696948853,-0.12030388916952894,0.5030126502824586,199.0,2072.0,,,False,461fe6f3fc30819e
U10,IWM_1Hour_wavelet_trend_logit_l2_oof_fixed_none,wfo,-0.11956960730528027,0.3658015075440022,2.1762854021770843e-15,179,2.1762854021770843e-15,179,-0.004972285696948853,-0.12030388916952894,0.5030126502824586,199.0,2072.0,,,False,2610ebe14a1f2140
U10,SPY_1Hour_wavelet_trend_logit_l2_oof_fixed_none,wfo,-0.12372172305446882,0.36096536055400974,1.6656016411583637e-15,179,1.6656016411583637e-15,179,-0.0062798660826015595,-0.12002603019105852,0.5052528749421584,308.0,2072.0,,,False,fb4aad0069fd2e95
U10,SPY_1Hour_wavelet_trend_logit_l2_oof_fixed_none,wfo,-0.12372172305446882,0.36096536055400974,1.6656016411583637e-15,179,1.6656016411583637e-15,179,-0.0062798660826015595,-0.12002603019105852,0.5052528749421584,308.0,2072.0,,,False,7e9fcb36817f5b65
U10,IWM_1Hour_wavelet_trend_logit_l2_oof_fixed_standard,wfo,-0.4268760941725872,0.10546947579081883,2.451451479134778e-19,179,2.451451479134778e-19,179,-0.003028481092961499,-0.0359869309347417,0.5030126502824586,199.0,2072.0,,,False,cddf130651da68b3
U10,IWM_1Hour_wavelet_trend_logit_l2_oof_fixed_standard,wfo,-0.4268760941725872,0.10546947579081883,2.451451479134778e-19,179,2.451451479134778e-19,179,-0.003028481092961499,-0.0359869309347417,0.5030126502824586,199.0,2072.0,,,False,4b927ca7b4bbefbd
U10,QQQ_1Hour_wavelet_trend_logit_l2_oof_fixed_standard,wfo,-0.6432218461737795,0.03187553959884761,2.9719971018742803e-21,179,2.9719971018742803e-21,179,-0.011456507199913646,-0.10278390973582863,0.5056947365483508,1070.0,2070.0,,,False,82bd1a7429b878be
U10,QQQ_1Hour_wavelet_trend_logit_l2_oof_fixed_standard,wfo,-0.6432218461737795,0.03187553959884761,2.9719971018742803e-21,179,2.9719971018742803e-21,179,-0.011456507199913646,-0.10278390973582863,0.5056947365483508,1070.0,2070.0,,,False,59b41e3157a26535
U10,SPY_1Hour_wavelet_trend_logit_l2_oof_fixed_standard,wfo,-0.5679701928865533,0.04638398271405985,2.2469007433223643e-21,179,2.2469007433223643e-21,179,-0.004449603228368848,-0.04178226093165483,0.5052528749421584,308.0,2072.0,,,False,b6a5653172633441
U10,SPY_1Hour_wavelet_trend_logit_l2_oof_fixed_standard,wfo,-0.5679701928865533,0.04638398271405985,2.2469007433223643e-21,179,2.2469007433223643e-21,179,-0.004449603228368848,-0.04178226093165483,0.5052528749421584,308.0,2072.0,,,False,90356c5bbfa7804d
U10,IWM-QQQ-SPY_1Hour_wavelet_trend_logit_l2_oof_fixed_standard,portfolio,-0.7900628067474966,0.009880008218044729,4.794568872865972e-24,179,4.794568872865972e-24,179,-0.015952322325875734,-0.12665140720892165,0.5046534205909893,1577.0,2072.0,,,False,47239b605a6fecc0
U10,IWM-QQQ-SPY_1Hour_wavelet_trend_logit_l2_oof_fixed_standard,portfolio,-0.7900628067474966,0.009880008218044729,4.794568872865972e-24,179,4.794568872865972e-24,179,-0.015952322325875734,-0.12665140720892165,0.5046534205909893,1577.0,2072.0,,,False,927314e28f92bcb0
