label,n_events,n_sessions,auc,auc_ub95,status,below_gate
SPY_5Min_wavelet_trend_xgb_oof_fixed_none,37451,2380,0.5299745973258606,0.5358803307368227,ok,False
SPY_5Min_wavelet_trend_rf_ldp_oof_fixed_none,37451,2380,0.5358255546252911,0.5417769057058577,ok,False
SPY_5Min_sma_cross_xgb_oof_fixed_none,37451,2380,0.5180709691581061,0.5244861982242516,ok,False
SPY_5Min_sma_cross_rf_ldp_oof_fixed_none,37451,2380,0.523352520898915,0.5296272783905501,ok,False
SPY_5Min_bollinger_mr_xgb_oof_fixed_none,37451,2380,0.5257393961731988,0.5319029140947303,ok,False
SPY_5Min_bollinger_mr_rf_ldp_oof_fixed_none,37451,2380,0.5325070532615728,0.5392780261006241,ok,False
SPY_5Min_donchian_breakout_xgb_oof_fixed_none,37451,2380,0.5312633114824246,0.5374770542357774,ok,False
SPY_5Min_donchian_breakout_rf_ldp_oof_fixed_none,37451,2380,0.5360401961795282,0.5422311608529331,ok,False
SPY_5Min_ml_xgb_xgb_oof_fixed_none,37451,2380,0.5198251793443064,0.5250689639411625,ok,False
SPY_5Min_ml_xgb_rf_ldp_oof_fixed_none,37451,2380,0.5260382798281033,0.5314135325612017,ok,False
AAPL_5Min_wavelet_trend_xgb_oof_fixed_none,37086,2380,0.513005376463882,0.518943192800101,ok,True
AAPL_5Min_wavelet_trend_rf_ldp_oof_fixed_none,37086,2380,0.5189804721770334,0.5250807863599056,ok,False
AAPL_5Min_sma_cross_xgb_oof_fixed_none,37086,2380,0.5088160485069506,0.5149990344528904,ok,True
AAPL_5Min_sma_cross_rf_ldp_oof_fixed_none,37086,2380,0.5148272873683307,0.5209251752356182,ok,False
AAPL_5Min_bollinger_mr_xgb_oof_fixed_none,37086,2380,0.5137893031523564,0.5197712341102778,ok,True
AAPL_5Min_bollinger_mr_rf_ldp_oof_fixed_none,37086,2380,0.5145479898050185,0.5209709513148646,ok,False
AAPL_5Min_donchian_breakout_xgb_oof_fixed_none,37086,2380,0.5201026143791212,0.526077742316217,ok,False
AAPL_5Min_donchian_breakout_rf_ldp_oof_fixed_none,37086,2380,0.5235983200829508,0.5294497977376633,ok,False
AAPL_5Min_ml_xgb_xgb_oof_fixed_none,37086,2380,0.5043645874179544,0.5099701494649622,ok,True
AAPL_5Min_ml_xgb_rf_ldp_oof_fixed_none,37086,2380,0.5089689110466161,0.5146349386782918,ok,True
TLT_5Min_wavelet_trend_xgb_oof_fixed_none,31901,2380,0.5128620348396645,0.5187792023935496,ok,True
TLT_5Min_wavelet_trend_rf_ldp_oof_fixed_none,31901,2380,0.5176211996000192,0.5242544780433717,ok,False
TLT_5Min_sma_cross_xgb_oof_fixed_none,31901,2380,0.5109570299473054,0.5176407298759307,ok,True
TLT_5Min_sma_cross_rf_ldp_oof_fixed_none,31901,2380,0.5143378515436229,0.5210791813326047,ok,False
TLT_5Min_bollinger_mr_xgb_oof_fixed_none,31901,2380,0.5102296566717,0.5163443665550795,ok,True
TLT_5Min_bollinger_mr_rf_ldp_oof_fixed_none,31901,2380,0.5147620395368872,0.5212019255377873,ok,False
TLT_5Min_donchian_breakout_xgb_oof_fixed_none,31901,2380,0.5143183912227655,0.520423795467722,ok,False
TLT_5Min_donchian_breakout_rf_ldp_oof_fixed_none,31901,2380,0.5183268228199447,0.5249340418363319,ok,False
TLT_5Min_ml_xgb_xgb_oof_fixed_none,31901,2380,0.5096431917769251,0.5157808235064912,ok,True
TLT_5Min_ml_xgb_rf_ldp_oof_fixed_none,31901,2380,0.5166845961988391,0.523131804624501,ok,False
