symbol,timeframe,primary,model,sizer,c_sharpe,c_cell_hash,has_row,status,n_obs,sharpe,psr,beta,alpha_sr,top_days_share,label,cell_hash,ci_lo,ci_hi,bh_sharpe,dsr,n_trials_total,c_max_diff,n_pre_holdout_days,p_holm,p_bh,verdict
NVDA,1Day,ml_xgb,logit_l2,ecdf,1.3895767296795283,68878e5a62b3d84e,True,ok,248,-0.41143133111996943,0.3410986789291266,0.1721912963002299,-1.0170782493677701,inf,NVDA_1Day_ml_xgb_logit_l2_oof_ecdf_none_pwfo,67d7fbbf1bbbc1cd,-2.064177876011985,1.241315213772046,0.6982947838753072,0.01584552338034071,1402,0.0,808,1.0,0.9224618494992228,not_demonstrated
SPY,1Day,wavelet_trend,logit_l2,fixed,1.1266503263543117,a52bf71cec3e9215,True,ok,248,-1.2238051499477955,0.10598543135358823,0.08578930312934617,-1.3714250868565656,inf,SPY_1Day_wavelet_trend_logit_l2_oof_fixed_none_pwfo,b7088935d42162d5,-2.8365577325918787,0.38894743269628723,1.296609228688649,0.0012223473478245436,1402,0.0,808,1.0,0.9830657616014825,not_demonstrated
GOOGL,1Day,bollinger_mr,rf_ldp_fast,linear,0.6867930495472311,37efa8fbfff4dfef,True,ok,248,0.722243182515232,0.7593088453727315,0.03902982107213991,0.12128787518326255,1.7392975246998508,GOOGL_1Day_bollinger_mr_rf_ldp_fast_oof_linear_none_pwfo,2af9ce0aba88ee40,-0.965040322278605,2.4095266873090693,1.2696973615892793,0.1588618455975805,1402,0.0,808,1.0,0.6739352329563519,not_demonstrated
XLK,30Min,donchian_breakout,rf_ldp_fast,linear,0.43818449357415484,68172a9f91bf9586,True,ok,248,0.14223076803837353,0.5563792840990587,0.0014327020426844821,0.04590316474090121,10.017919802030164,XLK_30Min_donchian_breakout_rf_ldp_fast_oof_linear_none_pwfo,13d026f65a68a2a4,-1.5076704737252082,1.7921320098019555,1.4117959789629246,0.05479679931250822,1402,0.0,1568,1.0,0.8872414318018826,not_demonstrated
QQQ,1Hour,donchian_breakout,xgb,ldp_sigmoid,0.42099847975627874,70babc42461bd4e1,True,ok,248,2.310967578265456,0.9934827026824057,0.002592095632961781,2.175475227972566,0.6640369301406641,QQQ_1Hour_donchian_breakout_xgb_oof_ldp_sigmoid_none_pwfo,38a046f1bc255bc3,0.7799668335975104,3.8419683229334023,1.2187516432200978,0.7276535053128207,1402,0.0,1566,0.09124216244632044,0.09124216244632044,not_demonstrated
XLE,1Hour,donchian_breakout,catboost,ecdf,0.3514777085467433,d58cd5f713ed54c5,True,ok,248,-1.2702408211143503,0.016934238398517532,-0.0010961089534965566,-1.2425439936186107,inf,XLE_1Hour_donchian_breakout_catboost_oof_ecdf_none_pwfo,eddf443441961e97,-2.2550290204768646,-0.2854526217518357,1.757298935166989,2.3294438721517493e-07,1402,0.0,1568,1.0,0.9830657616014825,negative
SPY,30Min,donchian_breakout,rf_ldp_fast,fixed,0.07363343145084704,cf66d9e959a00370,True,ok,248,0.22936469243290092,0.5898735420147936,0.11430806866696197,-0.1571791003888667,4.210923557393204,SPY_30Min_donchian_breakout_rf_ldp_fast_oof_fixed_none_pwfo,b71ee70a89fc8c87,-1.431016688245402,1.889746073111204,1.296609228688649,0.06634164743383276,1402,0.0,1568,1.0,0.8872414318018826,not_demonstrated
XLK,1Hour,donchian_breakout,catboost,fixed,0.052192608928549676,8c2422da6db5348e,True,ok,248,0.7662830753477525,0.7775735913536737,-0.005128593169954341,0.786768468793612,1.4106853578244634,XLK_1Hour_donchian_breakout_catboost_oof_fixed_none_pwfo,0f7a005fca69a243,-0.8834336280980987,2.4159997787936036,1.4117959789629246,0.16403994665955218,1402,0.0,1568,1.0,0.6739352329563519,not_demonstrated
QQQ,30Min,donchian_breakout,rf_ldp_fast,fixed,0.003161143171497861,0b9348c5fe0b35d5,True,ok,248,-1.4185772772799499,0.07697631078414859,0.03391252736081616,-1.5272070455098465,inf,QQQ_30Min_donchian_breakout_rf_ldp_fast_oof_fixed_none_pwfo,20b8bb372396e548,-3.0552040194096852,0.21804946484978552,1.2187516432200978,0.0007321835220586171,1402,0.0,1566,1.0,0.9830657616014825,not_demonstrated
AMZN,15Min,ml_xgb,catboost,linear,-0.0466399941706235,1d158445369a8177,True,ok,248,-0.051156293639228315,0.47987573676398154,-0.0006193566420550147,-0.034683701874851744,inf,AMZN_15Min_ml_xgb_catboost_oof_linear_none_pwfo,330e51ac67904ed1,-1.7185267233825932,1.6162141361041367,0.5476450535839354,0.038028731651817686,1402,0.0,1566,1.0,0.8971804465129642,not_demonstrated
MSFT,1Hour,donchian_breakout,rf_ldp_fast,fixed,-0.2589598749419264,3f45d22d834c7810,True,ok,248,-0.19576966707896742,0.4232411415273801,0.020593741321725728,-0.20989216805241254,inf,MSFT_1Hour_donchian_breakout_rf_ldp_fast_oof_fixed_none_pwfo,f208f56419cce0af,-1.85898233155893,1.467442997400995,0.17474210201051615,0.027335215710680174,1402,0.0,1566,1.0,0.8971804465129642,not_demonstrated
XLE,1Day,ml_xgb,catboost,fixed,-0.37478567546114283,906620a7171b0b61,True,ok,248,0.7766818982899993,0.7754804124794576,0.026891769425876406,0.7132617780534509,1.0684537592479224,XLE_1Day_ml_xgb_catboost_oof_fixed_none_pwfo,c19873a42bf7bee1,-0.9108979333842679,2.4642617299642664,1.757298935166989,0.17209706802981023,1402,0.0,808,1.0,0.6739352329563519,not_demonstrated
GLD,1Day,bollinger_mr,rf_ldp_fast,ldp_sigmoid,-0.38742689338209874,a056324cbc4f0665,True,ok,248,-0.8783783595547845,0.19620656469197384,0.03891740683277443,-1.12539329334692,inf,GLD_1Day_bollinger_mr_rf_ldp_fast_oof_ldp_sigmoid_none_pwfo,1315466b900dd405,-2.567714757131572,0.810958038022003,0.49896367196270114,0.005287964219561278,1402,0.0,808,1.0,0.9830657616014825,not_demonstrated
AMZN,1Hour,wavelet_trend,rf_ldp_fast,ldp_sigmoid,-0.40128272996140185,2dfc205f85035126,True,ok,248,0.723579545931938,0.7803357356352987,0.0005348932503115548,0.6892305067685571,2.2507390063680695,AMZN_1Hour_wavelet_trend_rf_ldp_fast_oof_ldp_sigmoid_none_pwfo,1820e49f8ef40865,-0.8154608927603841,2.2626199846242603,0.5476450535839354,0.13698672594405725,1402,0.0,1566,1.0,0.6739352329563519,not_demonstrated
