symbol,timeframe,primary,meta_auc,psr,sharpe,dsr,n_trials,n_trades,label,cell_hash,passed,survivor
NVDA,1Day,ml_xgb,0.5876257944915253,0.9680953708791011,0.9331890720758841,0.04096650891897263,737,62,NVDA_1Day_ml_xgb_xgb_oof_fixed_none,8f453ed603ad09d6,True,True
SPY,1Day,donchian_breakout,0.5143957826439578,0.9392827269588679,0.8032881501744196,0.026244823276699632,737,88,SPY_1Day_donchian_breakout_xgb_oof_fixed_none,fc5e3642dbc6c225,False,False
NVDA,1Day,donchian_breakout,0.4539206392199351,0.9393548583393242,0.7914041800562442,0.023172211911793444,737,98,NVDA_1Day_donchian_breakout_xgb_oof_fixed_none,484274d84c828e75,False,False
IWM,1Day,ml_xgb,0.499802371541502,0.920394127254136,0.7291284624134083,0.01853739463241324,737,54,IWM_1Day_ml_xgb_xgb_oof_fixed_none,fe4923f8e32c2dc7,False,False
META,1Day,sma_cross,0.4948742661876807,0.8755662988059405,0.583999698761416,0.007786095668091759,737,85,META_1Day_sma_cross_xgb_oof_fixed_none,8fc66f404a44ff26,False,False
XLE,1Day,ml_xgb,0.5395643269409793,0.8324603275292685,0.500854063264786,0.005906813502004322,737,82,XLE_1Day_ml_xgb_xgb_oof_fixed_none,91f686cb6bde2b92,True,True
GLD,1Day,donchian_breakout,0.4853333333333333,0.836145858532992,0.5037746802174832,0.005608858700560528,737,42,GLD_1Day_donchian_breakout_xgb_oof_fixed_none,b6d29d092746a6f5,False,False
UNH,1Day,bollinger_mr,0.4845700720942501,0.8143707841853993,0.46839603940065194,0.005247120761718735,737,96,UNH_1Day_bollinger_mr_xgb_oof_fixed_none,d9a274b84d325368,False,False
QQQ,1Day,wavelet_trend,0.5106832298136645,0.8258716453698975,0.48485139550913864,0.005208318154239839,737,90,QQQ_1Day_wavelet_trend_xgb_oof_fixed_none,7351377208f7037c,False,False
META,1Day,wavelet_trend,0.4221813725490196,0.8426449261284956,0.5055070383942707,0.004763896711795643,737,76,META_1Day_wavelet_trend_xgb_oof_fixed_none,f5043ac0a6119b25,False,False
QQQ,15Min,bollinger_mr,0.5321246478713415,0.9999763790649877,1.0961033772207986,0.004067416079261884,737,739,QQQ_15Min_bollinger_mr_xgb_oof_fixed_none,7b1ec750bdf686e8,True,True
JPM,1Day,donchian_breakout,0.48490909090909085,0.7964556021614351,0.4292202992534513,0.003848953421829762,737,48,JPM_1Day_donchian_breakout_xgb_oof_fixed_none,37f02c02362dbb64,False,False
GLD,1Day,bollinger_mr,0.5470666666666666,0.7964616519740835,0.4280591891918719,0.0037410672604936725,737,66,GLD_1Day_bollinger_mr_xgb_oof_fixed_none,cc932fae4bd3f3f8,True,True
QQQ,1Day,ml_xgb,0.557467372568333,0.7718291887063488,0.38696865670252795,0.0030969915986065423,737,80,QQQ_1Day_ml_xgb_xgb_oof_fixed_none,26dd16ef4275f74f,True,True
AMZN,1Day,wavelet_trend,0.4731646273637375,0.7658739018302156,0.3772613915368509,0.0029552599010892124,737,68,AMZN_1Day_wavelet_trend_xgb_oof_fixed_none,a2c449c3503fc8df,False,False
SPY,1Day,wavelet_trend,0.5310849248273061,0.7691121505161607,0.381491365847647,0.0029453331465578362,737,92,SPY_1Day_wavelet_trend_xgb_oof_fixed_none,27a465facf38fabf,True,True
MSFT,1Day,wavelet_trend,0.5075520833333332,0.7535896202477188,0.36006608420993524,0.002891283832187442,737,67,MSFT_1Day_wavelet_trend_xgb_oof_fixed_none,eff57d65cd551cdc,False,False
NVDA,1Day,wavelet_trend,0.492198486573361,0.7658810499131106,0.3739617794858768,0.0026889415313557713,737,98,NVDA_1Day_wavelet_trend_xgb_oof_fixed_none,e063d60aa43b600b,False,False
AMZN,1Day,bollinger_mr,0.49805339265850945,0.7424165250571946,0.3389439074084736,0.002380918912553576,737,49,AMZN_1Day_bollinger_mr_xgb_oof_fixed_none,b26afdef095c95e8,False,False
GOOGL,1Day,sma_cross,0.5033783783783784,0.7321127926790695,0.32260781801429667,0.0021652745820782055,737,93,GOOGL_1Day_sma_cross_xgb_oof_fixed_none,dbe9f56e8664ed0f,False,False
JPM,1Day,ml_xgb,0.5233304170312044,0.7350015065210826,0.324490126025465,0.0020322084438037023,737,61,JPM_1Day_ml_xgb_xgb_oof_fixed_none,0e753fbf81604a38,True,True
XOM,1Day,ml_xgb,0.4579211060375443,0.7172346414801173,0.2993937299501306,0.0018806360792083111,737,76,XOM_1Day_ml_xgb_xgb_oof_fixed_none,4566558ee5ab0790,False,False
MSFT,1Day,bollinger_mr,0.519297984680598,0.703970272268,0.2775213343905867,0.001552742506017772,737,66,MSFT_1Day_bollinger_mr_xgb_oof_fixed_none,ab1e90b25b804d7f,True,True
XLV,1Day,wavelet_trend,0.5965413943355121,0.7019714113634833,0.2747321768323434,0.0015366543118543307,737,76,XLV_1Day_wavelet_trend_xgb_oof_fixed_none,a07dc16efe87aa1c,True,True
META,1Day,donchian_breakout,0.3953092243186582,0.7136038726929785,0.2876296977652971,0.0014275503764281834,737,75,META_1Day_donchian_breakout_xgb_oof_fixed_none,d63fe62ef5e12908,False,False
JPM,1Day,bollinger_mr,0.404927536231884,0.6947455924500715,0.263640663046271,0.0014149789096697472,737,101,JPM_1Day_bollinger_mr_xgb_oof_fixed_none,889b6238e837efd6,False,False
NVDA,1Day,sma_cross,0.4372546410273472,0.6651257971964015,0.22124189144819492,0.0011037612488938526,737,98,NVDA_1Day_sma_cross_xgb_oof_fixed_none,d98369e0817c18fd,False,False
XLK,1Day,bollinger_mr,0.5397041420118343,0.6624333484316851,0.2175865451007088,0.0010868970749985266,737,24,XLK_1Day_bollinger_mr_xgb_oof_fixed_none,10d935799d1f6308,True,True
SPY,1Day,ml_xgb,0.5247928361400694,0.6474105026283038,0.1969694968681594,0.0009793695761965123,737,70,SPY_1Day_ml_xgb_xgb_oof_fixed_none,2a882f4a2c70c459,True,True
XLK,1Day,donchian_breakout,0.4449884279864697,0.6105837353101606,0.14556990646578688,0.0006655117027785194,737,83,XLK_1Day_donchian_breakout_xgb_oof_fixed_none,a2de5d69ad86cff1,False,False
AAPL,1Day,bollinger_mr,0.5738888888888888,0.6030710175412649,0.13612770986465214,0.0006609164668187552,737,19,AAPL_1Day_bollinger_mr_xgb_oof_fixed_none,692d01bf3f30f26a,True,True
AMZN,1Day,donchian_breakout,0.49742411584516844,0.5981419211861472,0.12896567081966695,0.0006023432375861562,737,76,AMZN_1Day_donchian_breakout_xgb_oof_fixed_none,122e68a6d0ddea0c,False,False
QQQ,1Hour,ml_xgb,0.500012611167441,0.9682715965438179,0.6497256386522154,0.00046385425333002946,737,1719,QQQ_1Hour_ml_xgb_xgb_oof_fixed_none,69662c7f5f069f16,False,False
GOOGL,1Day,bollinger_mr,0.5252100840336135,0.5603803685291973,0.07893904598202305,0.000434426928833698,737,82,GOOGL_1Day_bollinger_mr_xgb_oof_fixed_none,1c6d95b86451b62c,True,True
XLF,1Day,wavelet_trend,0.5054498487903226,0.5520008460470702,0.06790458091823412,0.0004016037525171244,737,71,XLF_1Day_wavelet_trend_xgb_oof_fixed_none,1427434c6b4c252d,False,False
GOOGL,1Day,wavelet_trend,0.5171372383761765,0.5483601455236836,0.06314708470794055,0.0003900986175642591,737,53,GOOGL_1Day_wavelet_trend_xgb_oof_fixed_none,5d3e6ec2625e760c,True,True
XLE,1Hour,ml_xgb,0.5097507125107655,0.969211352418748,0.6456036848228207,0.00037771356747677077,737,1106,XLE_1Hour_ml_xgb_xgb_oof_fixed_none,8236736e4f7a52a5,False,False
QQQ,1Day,bollinger_mr,0.5262278856860076,0.535510113950407,0.04638197516956235,0.0003531600425127746,737,32,QQQ_1Day_bollinger_mr_xgb_oof_fixed_none,62103166d5de605f,True,True
AMZN,1Day,ml_xgb,0.529585387874158,0.5280329781111024,0.036552488816821584,0.0003245972041226054,737,94,AMZN_1Day_ml_xgb_xgb_oof_fixed_none,80091af7b0dc1351,True,True
AAPL,1Day,sma_cross,0.552428601209089,0.5128539151558524,0.01679550393738341,0.00029221579434159214,737,72,AAPL_1Day_sma_cross_xgb_oof_fixed_none,fdc6e3f0a9739c97,True,True
TLT,1Day,bollinger_mr,0.4537512218963832,0.5033595381573406,0.004385609244704496,0.0002648802193087276,737,27,TLT_1Day_bollinger_mr_xgb_oof_fixed_none,3e65faa378c9e380,False,False
XLK,1Day,sma_cross,0.4884176764076978,0.5070127341183399,0.009122061909726762,0.00026159222160907067,737,70,XLK_1Day_sma_cross_xgb_oof_fixed_none,9e05c17ac817bf17,False,False
XLK,1Day,wavelet_trend,0.46541104003790573,0.4943748121958803,-0.0073168210946941885,0.00023230211895488293,737,93,XLK_1Day_wavelet_trend_xgb_oof_fixed_none,cdbfe719e210fe40,False,False
GOOGL,1Day,ml_xgb,0.489378969654199,0.49010316476655486,-0.012907286591478757,0.00023081970673743125,737,97,GOOGL_1Day_ml_xgb_xgb_oof_fixed_none,75e1856fcbc90aef,False,False
QQQ,1Day,donchian_breakout,0.4783805517753309,0.4843073113410533,-0.020473307077712742,0.00021910020404484053,737,86,QQQ_1Day_donchian_breakout_xgb_oof_fixed_none,60fe518818cbb496,False,False
XLF,1Day,bollinger_mr,0.45814173228346455,0.4828161188422295,-0.022378996077812813,0.00021091190883322026,737,59,XLF_1Day_bollinger_mr_xgb_oof_fixed_none,28609c456a0c210d,False,False
MSFT,1Day,sma_cross,0.3776306982970179,0.4739969932251863,-0.03395454386291942,0.00019982385264968302,737,97,MSFT_1Day_sma_cross_xgb_oof_fixed_none,485681728b894d71,False,False
UNH,1Day,wavelet_trend,0.48568453930244665,0.4537713265531172,-0.060851799529608,0.0001793534915538836,737,10,UNH_1Day_wavelet_trend_xgb_oof_fixed_none,99ac42022589a8b1,False,False
NVDA,1Day,bollinger_mr,0.46681845576910197,0.4560185209271793,-0.05722234457184411,0.00015738437144239073,737,3,NVDA_1Day_bollinger_mr_xgb_oof_fixed_none,dc1b47ca721df6d5,False,False
XLK,30Min,wavelet_trend,0.5210281429281294,0.9542693973999191,0.5764784660243962,0.000154005288050179,737,2187,XLK_30Min_wavelet_trend_xgb_oof_fixed_none,49fd7b1912c53242,True,True
XLV,1Day,ml_xgb,0.5235791685095091,0.44529751078036284,-0.07139490989633947,0.00014568662287150626,737,96,XLV_1Day_ml_xgb_xgb_oof_fixed_none,4353be78822d4e53,False,False
XOM,1Day,bollinger_mr,0.4935969515242378,0.4113447276623393,-0.11926886378475705,0.00014563570056212334,737,7,XOM_1Day_bollinger_mr_xgb_oof_fixed_none,6f230042f795594c,False,False
UNH,1Day,ml_xgb,0.47730422730422734,0.44566093564649534,-0.07081082509103793,0.0001432623787260201,737,95,UNH_1Day_ml_xgb_xgb_oof_fixed_none,63ea2d2629b42572,False,False
XLF,1Day,ml_xgb,0.597245856179492,0.4392000675638838,-0.07950545901769104,0.00013941730177779413,737,84,XLF_1Day_ml_xgb_xgb_oof_fixed_none,4365334bda772348,False,False
IWM,1Day,bollinger_mr,0.4291251384274641,0.4403188773613288,-0.07787016671582855,0.00013707523553808642,737,62,IWM_1Day_bollinger_mr_xgb_oof_fixed_none,e9e4d99b4d95b232,False,False
AMZN,15Min,ml_xgb,0.5163381616762241,0.9649774458451813,0.598040425488244,0.000122055454842067,737,4171,AMZN_15Min_ml_xgb_xgb_oof_fixed_none,10daa31f95ebd4af,True,True
GLD,1Day,sma_cross,0.4863050483351235,0.4207919910374436,-0.10368486251094422,0.00011345072228194672,737,90,GLD_1Day_sma_cross_xgb_oof_fixed_none,cbf9464e23758cbc,False,False
MSFT,1Day,donchian_breakout,0.5221610768201086,0.4061470861624693,-0.12363916378823071,0.000102832658556231,737,52,MSFT_1Day_donchian_breakout_xgb_oof_fixed_none,af67e0fb849abc41,False,False
XLK,1Day,ml_xgb,0.5471311475409837,0.4071597127743998,-0.12188643243672387,9.938712410156564e-05,737,77,XLK_1Day_ml_xgb_xgb_oof_fixed_none,e7afd3b0d841ed91,False,False
XLE,1Hour,donchian_breakout,0.5406239607805275,0.9402680488400809,0.5327061189582839,9.555641042914514e-05,737,908,XLE_1Hour_donchian_breakout_xgb_oof_fixed_none,f9de018835d8840a,True,True
DIA,1Day,wavelet_trend,0.45794903327184533,0.39478333972438223,-0.1384820365874769,8.733402815806005e-05,737,95,DIA_1Day_wavelet_trend_xgb_oof_fixed_none,7666e3c18f3d5164,False,False
AAPL,1Day,donchian_breakout,0.5513888888888889,0.38137688358477945,-0.15746988985500585,8.171692684578269e-05,737,98,AAPL_1Day_donchian_breakout_xgb_oof_fixed_none,6e162ed2492ed2e5,False,False
TLT,1Day,ml_xgb,0.5755050967466275,0.38098753741471086,-0.15753971442573259,7.812153728526258e-05,737,58,TLT_1Day_ml_xgb_xgb_oof_fixed_none,69c60570beb59eda,False,False
GOOGL,1Hour,donchian_breakout,0.5087406567565298,0.9431865848911782,0.5329249602202202,7.582652845752083e-05,737,234,GOOGL_1Hour_donchian_breakout_xgb_oof_fixed_none,07cbf2b7bb62eb64,False,False
XLV,1Day,bollinger_mr,0.5701056759995642,0.37854903847232363,-0.16062356575328413,7.4508122879811e-05,737,41,XLV_1Day_bollinger_mr_xgb_oof_fixed_none,e6264b1830b08787,False,False
XLK,1Hour,donchian_breakout,0.5324163632225762,0.9186151695938083,0.4862628368628679,7.32395889226341e-05,737,877,XLK_1Hour_donchian_breakout_xgb_oof_fixed_none,6679a97756be43e6,True,False
DIA,1Day,donchian_breakout,0.524671052631579,0.3737222852764083,-0.16720616141570632,7.065311902795331e-05,737,66,DIA_1Day_donchian_breakout_xgb_oof_fixed_none,9124374114e64448,False,False
MSFT,1Day,ml_xgb,0.43872384781475693,0.37354389664295645,-0.16742723193957806,7.0379597579566e-05,737,94,MSFT_1Day_ml_xgb_xgb_oof_fixed_none,2b1a71543914ba85,False,False
QQQ,1Hour,donchian_breakout,0.5331492546018006,0.9128341127531742,0.47470321107247965,6.71909215984784e-05,737,939,QQQ_1Hour_donchian_breakout_xgb_oof_fixed_none,a7e19d1408b3b1e2,True,False
XLF,1Day,sma_cross,0.4892120370954514,0.36573057879181237,-0.17802063445134764,6.392916157583286e-05,737,65,XLF_1Day_sma_cross_xgb_oof_fixed_none,85fad37559e9a783,False,False
TLT,1Day,sma_cross,0.4109053120606394,0.3594815705872064,-0.18736835158995785,6.301242322894211e-05,737,94,TLT_1Day_sma_cross_xgb_oof_fixed_none,b8f4a0ad84c29d4a,False,False
AMZN,1Day,sma_cross,0.5112222917100966,0.3495389388875645,-0.2007581628551566,5.444472308485848e-05,737,27,AMZN_1Day_sma_cross_xgb_oof_fixed_none,4116ba530880420b,False,False
AAPL,1Day,ml_xgb,0.5136881067113626,0.34576500926138165,-0.20656372463418485,5.405187549760314e-05,737,92,AAPL_1Day_ml_xgb_xgb_oof_fixed_none,129e11e60f251a48,False,False
AMZN,30Min,wavelet_trend,0.5274236017142284,0.9189763297161768,0.47614218386957174,4.537792104653992e-05,737,2733,AMZN_30Min_wavelet_trend_xgb_oof_fixed_none,128f3362fcb5d694,True,False
GOOGL,1Day,donchian_breakout,0.5260123734533183,0.3275806927055711,-0.23275506142360483,4.4700565514783e-05,737,68,GOOGL_1Day_donchian_breakout_xgb_oof_fixed_none,fd49f7d67303375e,False,False
NVDA,15Min,ml_xgb,0.514978065302347,0.9394494397290907,0.5083875682026434,3.656574911549464e-05,737,3090,NVDA_15Min_ml_xgb_xgb_oof_fixed_none,9ecf3601e46a564b,False,False
UNH,1Day,sma_cross,0.4978798892350295,0.29800290259492057,-0.27512765097569813,2.959576440474877e-05,737,92,UNH_1Day_sma_cross_xgb_oof_fixed_none,5c5484f1ea9ecd94,False,False
MSFT,1Hour,donchian_breakout,0.5227669558574781,0.8792110020127144,0.4080373609969191,2.900559147001786e-05,737,929,MSFT_1Hour_donchian_breakout_xgb_oof_fixed_none,b3242873db697fbb,True,False
SPY,1Day,bollinger_mr,0.5794557823129253,0.31049622705830393,-0.2533669033849292,2.8520130868015563e-05,737,25,SPY_1Day_bollinger_mr_xgb_oof_fixed_none,1ace9f97225a541b,False,False
QQQ,30Min,donchian_breakout,0.5355662353339332,0.8948628449146929,0.42817340030895434,2.6694720135577393e-05,737,1703,QQQ_30Min_donchian_breakout_xgb_oof_fixed_none,8f404d9d72898c9b,True,False
IWM,15Min,ml_xgb,0.4998802077323842,0.9282690273594255,0.4802571435486571,2.58467289557158e-05,737,1157,IWM_15Min_ml_xgb_xgb_oof_fixed_none,47b47659beb3940a,False,False
IWM,5Min,bollinger_mr,0.5049607661978556,0.9971932388747121,0.7348068331872358,2.574290575103348e-05,737,356,IWM_5Min_bollinger_mr_xgb_oof_fixed_none,9e93f73b64e9133b,False,False
AMZN,30Min,ml_xgb,0.49912332630335354,0.8990585939356341,0.43304946354167206,2.5066676514765225e-05,737,2692,AMZN_30Min_ml_xgb_xgb_oof_fixed_none,d195808ee1cc39bf,False,False
XLV,1Day,donchian_breakout,0.5516677567037279,0.2825819445824709,-0.2989949304823529,2.503865224783833e-05,737,93,XLV_1Day_donchian_breakout_xgb_oof_fixed_none,5dcc8c4d88bbe14a,False,False
AMZN,30Min,donchian_breakout,0.519240333222263,0.8933862501291893,0.4245233729401645,2.459361051876829e-05,737,2568,AMZN_30Min_donchian_breakout_xgb_oof_fixed_none,f7297af2be350d8f,True,False
JPM,1Day,sma_cross,0.5176693925233644,0.28070494597949486,-0.30122899284761645,2.366774437347302e-05,737,93,JPM_1Day_sma_cross_xgb_oof_fixed_none,a8e8dcb7068b0fc7,False,False
NVDA,1Hour,ml_xgb,0.49595772951633416,0.8666213565812875,0.3865335753719039,2.1851301081137745e-05,737,1274,NVDA_1Hour_ml_xgb_xgb_oof_fixed_none,add06b228a0032d7,False,False
UNH,5Min,wavelet_trend,0.5114962726897543,0.9688729927799385,0.5661006312070929,2.123540737867777e-05,737,597,UNH_5Min_wavelet_trend_xgb_oof_fixed_none,6afb53e0ebffc7b0,False,False
XLV,1Day,sma_cross,0.4752296587926509,0.27476551441994085,-0.3096746358424024,2.1155279293200993e-05,737,53,XLV_1Day_sma_cross_xgb_oof_fixed_none,6d094ec07dbd526b,False,False
NVDA,30Min,donchian_breakout,0.4971189011749433,0.8909500483087496,0.4171708354616463,1.9861056930380107e-05,737,2086,NVDA_30Min_donchian_breakout_xgb_oof_fixed_none,09894a1c9b110ec2,False,False
QQQ,15Min,ml_xgb,0.5237998699734234,0.9279093183118687,0.46565539478089363,1.259608214385247e-05,737,2352,QQQ_15Min_ml_xgb_xgb_oof_fixed_none,c03ae2e12266e83a,True,False
NVDA,5Min,sma_cross,0.5031240073960818,0.9218358661098347,0.454122631396666,1.1723121562879821e-05,737,1103,NVDA_5Min_sma_cross_xgb_oof_fixed_none,5dcfcbd631926b02,False,False
XLE,1Hour,bollinger_mr,0.5224227862304978,0.8263603729497675,0.32776946399132617,1.0809393258325368e-05,737,543,XLE_1Hour_bollinger_mr_xgb_oof_fixed_none,16093ee1c3293842,True,False
JPM,1Day,wavelet_trend,0.46361913094196555,0.21595797547891288,-0.40757866664772463,9.592505013897062e-06,737,82,JPM_1Day_wavelet_trend_xgb_oof_fixed_none,df703971b7500671,False,False
AMZN,30Min,bollinger_mr,0.5290130281511702,0.898783386340541,0.4150780121358267,9.319408091804373e-06,737,384,AMZN_30Min_bollinger_mr_xgb_oof_fixed_none,6923a135e309d77d,True,False
NVDA,15Min,wavelet_trend,0.5029956108528169,0.8612728480393232,0.36092726020522464,6.58068729803879e-06,737,2347,NVDA_15Min_wavelet_trend_xgb_oof_fixed_none,47e92b4bfbd166b7,False,False
META,5Min,bollinger_mr,0.5060100891971413,0.882471853128457,0.38707561896725196,6.441034609068869e-06,737,1198,META_5Min_bollinger_mr_xgb_oof_fixed_none,7c2256875ab717cf,False,False
AMZN,1Hour,ml_xgb,0.48934272891515707,0.7921305691904055,0.2839855913408859,6.201469514170994e-06,737,1792,AMZN_1Hour_ml_xgb_xgb_oof_fixed_none,df2522674ef057a4,False,False
SPY,1Day,sma_cross,0.37209535256410253,0.19221515338825396,-0.44946070551889394,6.199967969739963e-06,737,99,SPY_1Day_sma_cross_xgb_oof_fixed_none,b53cafae681500d2,False,False
GLD,1Day,wavelet_trend,0.47010797120767794,0.1961150634847914,-0.43816109844723655,5.720507521321665e-06,737,27,GLD_1Day_wavelet_trend_xgb_oof_fixed_none,84ee3051cd6e587e,False,False
XLF,1Hour,donchian_breakout,0.4915275625295967,0.8853803510413181,0.38895933451786063,5.678724846583353e-06,737,125,XLF_1Hour_donchian_breakout_xgb_oof_fixed_none,1e857fb362a8c0fc,False,False
IWM,15Min,bollinger_mr,0.5087791150779027,0.9923637349331371,0.6416327616601954,5.083657112297095e-06,737,222,IWM_15Min_bollinger_mr_xgb_oof_fixed_none,bb90ccc47cc93cce,False,False
XLE,1Day,donchian_breakout,0.5250626566416041,0.17620106108617034,-0.48237378003899506,4.993899239512519e-06,737,91,XLE_1Day_donchian_breakout_xgb_oof_fixed_none,c8b1395fc26feb5b,False,False
MSFT,15Min,ml_xgb,0.5052882929533474,0.8656755640276604,0.361715092013353,4.7983222555142e-06,737,1966,MSFT_15Min_ml_xgb_xgb_oof_fixed_none,bf05b857d531b5a0,False,False
JPM,1Hour,donchian_breakout,0.5090195315034716,0.8346189414447183,0.3248713729004578,4.432697419306493e-06,737,243,JPM_1Hour_donchian_breakout_xgb_oof_fixed_none,9c11ce1e7da652ec,False,False
AMZN,15Min,bollinger_mr,0.5065903865985071,0.893919641472706,0.395494917836413,4.114076211830736e-06,737,89,AMZN_15Min_bollinger_mr_xgb_oof_fixed_none,a9c0a7a4f58553ac,False,False
XOM,1Hour,donchian_breakout,0.5026022211120227,0.7630370752216528,0.25024637888416346,4.0868265873391016e-06,737,780,XOM_1Hour_donchian_breakout_xgb_oof_fixed_none,b3c6f9691fef47d3,False,False
XLK,1Hour,bollinger_mr,0.5216874879958799,0.7870172324946438,0.27383214213738777,4.036191631840267e-06,737,162,XLK_1Hour_bollinger_mr_xgb_oof_fixed_none,d4be329049ebf878,True,False
DIA,15Min,donchian_breakout,0.5078803293965127,0.8978581762375072,0.40046977688693886,4.0048106293892986e-06,737,175,DIA_15Min_donchian_breakout_xgb_oof_fixed_none,03ba12f2981066b7,False,False
XLK,1Hour,ml_xgb,0.50934567868062,0.7637098394415193,0.25000880666931974,3.7478604368819987e-06,737,1790,XLK_1Hour_ml_xgb_xgb_oof_fixed_none,d72c644efe4c597d,False,False
UNH,1Day,donchian_breakout,0.4431127323258642,0.1802095231413644,-0.4593919899900911,3.1510160644470846e-06,737,30,UNH_1Day_donchian_breakout_xgb_oof_fixed_none,4b8d2871d5762d99,False,False
GLD,1Day,ml_xgb,0.47226677358994923,0.15156057373715515,-0.5335429393524478,3.073747776385086e-06,737,72,GLD_1Day_ml_xgb_xgb_oof_fixed_none,960c984ff0b614bd,False,False
AMZN,1Hour,donchian_breakout,0.52757200467492,0.7419771456713437,0.22685860560708024,2.957333227540724e-06,737,1106,AMZN_1Hour_donchian_breakout_xgb_oof_fixed_none,44a24aec075470e7,True,False
QQQ,1Hour,wavelet_trend,0.5219058755161525,0.7390500127131278,0.22375290923740995,2.848967136551806e-06,737,1135,QQQ_1Hour_wavelet_trend_xgb_oof_fixed_none,dd5a0f5401dfbf1c,True,False
UNH,1Hour,bollinger_mr,0.5220546905101878,0.7406428210761389,0.22506755135773202,2.791398120460711e-06,737,1135,UNH_1Hour_bollinger_mr_xgb_oof_fixed_none,99d5f28dd26c342b,True,False
AAPL,1Hour,donchian_breakout,0.4843941080326516,0.7415914022176227,0.2257603531112507,2.7306279871271495e-06,737,1518,AAPL_1Hour_donchian_breakout_xgb_oof_fixed_none,4ea276ed7a6bf69b,False,False
NVDA,15Min,bollinger_mr,0.5045922299231222,0.8433694641960543,0.3272925903498225,2.4944018956741433e-06,737,287,NVDA_15Min_bollinger_mr_xgb_oof_fixed_none,5439ddac57b212e8,False,False
QQQ,1Day,sma_cross,0.4934793307086614,0.14495306891330617,-0.5458964259166077,2.491971795022243e-06,737,77,QQQ_1Day_sma_cross_xgb_oof_fixed_none,4bc203f9f453f39e,False,False
AAPL,1Day,wavelet_trend,0.5690362031825447,0.135122810926598,-0.5756503624120651,2.4718543240345415e-06,737,97,AAPL_1Day_wavelet_trend_xgb_oof_fixed_none,d0bf8e8dd6183107,False,False
XOM,1Hour,ml_xgb,0.4958435602672308,0.7302734532288286,0.21346356800232003,2.251415698455862e-06,737,481,XOM_1Hour_ml_xgb_xgb_oof_fixed_none,2c15705a624c7bcd,False,False
TLT,30Min,bollinger_mr,0.5040145857859922,0.7449950386069907,0.2269452703055225,2.1871646981688146e-06,737,34,TLT_30Min_bollinger_mr_xgb_oof_fixed_none,3bfe82baab397d08,False,False
NVDA,30Min,ml_xgb,0.4911116369482925,0.7771962396481973,0.2575788318199716,2.1719141132516427e-06,737,1396,NVDA_30Min_ml_xgb_xgb_oof_fixed_none,8e2d3e49bc5f455f,False,False
GOOGL,30Min,donchian_breakout,0.5021759386451878,0.7724830248734194,0.25295648916691205,2.1588949707530563e-06,737,496,GOOGL_30Min_donchian_breakout_xgb_oof_fixed_none,2a45f203e994eb46,False,False
JPM,15Min,donchian_breakout,0.4999756279502824,0.828929643412602,0.3093219854301531,2.055981429766963e-06,737,132,JPM_15Min_donchian_breakout_xgb_oof_fixed_none,9721c0842764f318,False,False
TLT,30Min,wavelet_trend,0.5140574364336872,0.8486980641352456,0.3300503005810509,1.924780212643652e-06,737,48,TLT_30Min_wavelet_trend_xgb_oof_fixed_none,d9bfee9f0192dd87,False,False
IWM,1Day,sma_cross,0.5115699770567027,0.13387075886396288,-0.5706652471770751,1.9045332647768661e-06,737,49,IWM_1Day_sma_cross_xgb_oof_fixed_none,9a0d0726d49b8f99,False,False
XLE,1Day,bollinger_mr,0.5483348895113601,0.20106771170929427,-0.40043935542615483,1.8938547855679724e-06,737,4,XLE_1Day_bollinger_mr_xgb_oof_fixed_none,ceeb75d576feed55,False,False
AAPL,1Hour,ml_xgb,0.5026162969111213,0.717118666116246,0.19970876165666365,1.84702492773039e-06,737,1484,AAPL_1Hour_ml_xgb_xgb_oof_fixed_none,59a595a5296aa96d,False,False
QQQ,1Hour,bollinger_mr,0.5487006121848149,0.703793006504015,0.1869520372441962,1.7018882870419664e-06,737,446,QQQ_1Hour_bollinger_mr_xgb_oof_fixed_none,d5d27aa606a3321e,True,False
XLV,15Min,bollinger_mr,0.49297392694627534,0.7930774194859157,0.2698986292040133,1.5822914695137148e-06,737,31,XLV_15Min_bollinger_mr_xgb_oof_fixed_none,fb6316e534e471da,False,False
AAPL,30Min,wavelet_trend,0.5096335707637139,0.7517167857532472,0.2297582230677766,1.481606965185992e-06,737,1553,AAPL_30Min_wavelet_trend_xgb_oof_fixed_none,0a026d0cf8c6a9ec,False,False
AAPL,15Min,wavelet_trend,0.520307479195512,0.7883833783868025,0.26458514842296843,1.4729317479710076e-06,737,2299,AAPL_15Min_wavelet_trend_xgb_oof_fixed_none,ea86bde8432a94a6,True,False
DIA,1Day,bollinger_mr,0.4949767632586113,0.13002346208838317,-0.5736974491969958,1.450312459873724e-06,737,22,DIA_1Day_bollinger_mr_xgb_oof_fixed_none,c5b18dc80ac52b69,False,False
TLT,1Day,wavelet_trend,0.4296798631476051,0.11384619489108944,-0.6260763076694101,1.353130887517785e-06,737,67,TLT_1Day_wavelet_trend_xgb_oof_fixed_none,9d3a95f715d2f0d7,False,False
XLE,1Hour,wavelet_trend,0.5110367063492064,0.6878934560761399,0.1704056548957887,1.2341158722454436e-06,737,524,XLE_1Hour_wavelet_trend_xgb_oof_fixed_none,c011696a9990764d,False,False
GOOGL,30Min,wavelet_trend,0.49909953080547914,0.733867595450627,0.2110073794826944,1.1232303625096903e-06,737,775,GOOGL_30Min_wavelet_trend_xgb_oof_fixed_none,ea19636370a80de0,False,False
GLD,15Min,ml_xgb,0.5078322428223233,0.9661655841687438,0.5036560837288165,1.0915149772014258e-06,737,251,GLD_15Min_ml_xgb_xgb_oof_fixed_none,6f6d7c83980f1936,False,False
XLE,1Day,wavelet_trend,0.5240746599177476,0.1000447748223387,-0.6655782529938429,9.498448301538488e-07,737,98,XLE_1Day_wavelet_trend_xgb_oof_fixed_none,b0bdd90b2f7e32b0,False,False
XLF,1Day,donchian_breakout,0.4803464566929134,0.10894453410293059,-0.6293607990466307,9.036917221032417e-07,737,31,XLF_1Day_donchian_breakout_xgb_oof_fixed_none,598af53d89f55c19,False,False
QQQ,30Min,wavelet_trend,0.5369642192496912,0.7045006686020185,0.18278558037702103,8.716138833809989e-07,737,1912,QQQ_30Min_wavelet_trend_xgb_oof_fixed_none,2fb3dfed95dbcf9b,True,False
XLK,15Min,donchian_breakout,0.525310854981026,0.7597007615055746,0.23250623732892567,8.653557758321601e-07,737,2488,XLK_15Min_donchian_breakout_xgb_oof_fixed_none,70f583feee4306a4,True,False
DIA,1Day,ml_xgb,0.481188322368421,0.09903691470249221,-0.6640155504642629,8.196091773129533e-07,737,71,DIA_1Day_ml_xgb_xgb_oof_fixed_none,f6e9b4d614c40e01,False,False
META,1Day,ml_xgb,0.4679841897233201,0.11834653983754417,-0.5926160889447952,8.117246597941079e-07,737,78,META_1Day_ml_xgb_xgb_oof_fixed_none,d2e317f777a23d05,False,False
MSFT,5Min,bollinger_mr,0.5083902177520231,0.8803181531628832,0.35573073532705796,7.67051865255994e-07,737,612,MSFT_5Min_bollinger_mr_xgb_oof_fixed_none,181ce0c6e28516fb,False,False
JPM,1Hour,sma_cross,0.5003104618958277,0.64591907111418,0.13062796576065272,7.562731584630992e-07,737,1091,JPM_1Hour_sma_cross_xgb_oof_fixed_none,1701637b760c8981,False,False
GOOGL,30Min,bollinger_mr,0.4882798741818256,0.7033517507547222,0.18056019552122032,7.298081507746613e-07,737,373,GOOGL_30Min_bollinger_mr_xgb_oof_fixed_none,7eb3d85e83c9fea6,False,False
XLK,15Min,wavelet_trend,0.5281910833846456,0.7356398517788896,0.20884980017768093,6.942858387683718e-07,737,2099,XLK_15Min_wavelet_trend_xgb_oof_fixed_none,f7369840b877b427,True,False
GOOGL,5Min,wavelet_trend,0.5094764890032555,0.7650753782269804,0.23537686512398878,6.763177626625432e-07,737,2350,GOOGL_5Min_wavelet_trend_xgb_oof_fixed_none,46ab9d481b21c36b,False,False
SPY,30Min,donchian_breakout,0.539103170378538,0.6786221501484357,0.15761805381999802,5.873709102232571e-07,737,1414,SPY_30Min_donchian_breakout_xgb_oof_fixed_none,2d65538a262302ea,True,False
GLD,15Min,wavelet_trend,0.5191030974178252,0.8735648779642958,0.34405896797568564,5.623256163225186e-07,737,27,GLD_15Min_wavelet_trend_xgb_oof_fixed_none,76b63db11bc1d220,True,False
AMZN,1Hour,bollinger_mr,0.5262812543168947,0.6156537386689398,0.1024622160848733,4.837689411954061e-07,737,487,AMZN_1Hour_bollinger_mr_xgb_oof_fixed_none,344538616373671b,True,False
TLT,1Day,donchian_breakout,0.4283052297165201,0.07928877814483087,-0.728798384024201,4.5667739014193344e-07,737,50,TLT_1Day_donchian_breakout_xgb_oof_fixed_none,16a7d0b510f7ddd0,False,False
IWM,1Day,donchian_breakout,0.44263681915793585,0.07129602842232338,-0.768954741684434,4.426585804341361e-07,737,40,IWM_1Day_donchian_breakout_xgb_oof_fixed_none,6ea0d6e5571cf7c5,False,False
XOM,30Min,donchian_breakout,0.518908462339535,0.6653740473333161,0.14442969236969924,4.254954744073555e-07,737,1018,XOM_30Min_donchian_breakout_xgb_oof_fixed_none,8887435dda5be7fb,True,False
XLK,5Min,bollinger_mr,0.5215325847271728,0.8125919384717954,0.2757553770978014,4.0150875692431304e-07,737,1123,XLK_5Min_bollinger_mr_xgb_oof_fixed_none,df1dbd8060729135,True,False
AMZN,1Hour,wavelet_trend,0.5375564930191654,0.5924534521250143,0.08165690862995455,3.767125340370311e-07,737,1134,AMZN_1Hour_wavelet_trend_xgb_oof_fixed_none,f0134fd225e48ad8,True,False
XLF,1Hour,ml_xgb,0.4825142178083355,0.602998503281604,0.0906030001728687,3.6645212405871884e-07,737,954,XLF_1Hour_ml_xgb_xgb_oof_fixed_none,fc9a6477ab6e06ac,False,False
GOOGL,15Min,bollinger_mr,0.49771523709476406,0.7286307778070649,0.1977710089236824,3.544494466639458e-07,737,259,GOOGL_15Min_bollinger_mr_xgb_oof_fixed_none,7259e436775ef7d9,False,False
NVDA,1Hour,wavelet_trend,0.48585588333551205,0.5905252093889817,0.07969338385032051,3.4001433710151017e-07,737,653,NVDA_1Hour_wavelet_trend_xgb_oof_fixed_none,a3b5a4bb1998cf6d,False,False
META,1Hour,wavelet_trend,0.48691256452130294,0.583460204928426,0.073487596001017,3.2240620027269084e-07,737,881,META_1Hour_wavelet_trend_xgb_oof_fixed_none,58e1bfd31420afec,False,False
TLT,15Min,sma_cross,0.5010071641344351,0.663648971605262,0.14144223781154006,3.170853058125363e-07,737,64,TLT_15Min_sma_cross_xgb_oof_fixed_none,1d1d832c6bde1d9d,False,False
UNH,1Hour,donchian_breakout,0.4925300297742742,0.6015348288737936,0.08878882794800452,3.0908932868238506e-07,737,201,UNH_1Hour_donchian_breakout_xgb_oof_fixed_none,328b6c91c058ab99,False,False
GLD,1Hour,donchian_breakout,0.4950957095309953,0.5794511822901639,0.06990268647233633,3.0504154689176585e-07,737,47,GLD_1Hour_donchian_breakout_xgb_oof_fixed_none,0abf9f18f8afe785,False,False
NVDA,1Hour,sma_cross,0.5161181587615973,0.5761557591660522,0.06706993643197066,3.04369038632088e-07,737,798,NVDA_1Hour_sma_cross_xgb_oof_fixed_none,d48b1e202d3b266d,True,False
XLV,5Min,bollinger_mr,0.5115072737015108,0.8826623248292473,0.3476455407384567,2.9327637183240787e-07,737,281,XLV_5Min_bollinger_mr_xgb_oof_fixed_none,3106718daaef5499,False,False
QQQ,15Min,sma_cross,0.5197085543008593,0.674113912033598,0.14983234240105683,2.9033593042592776e-07,737,652,QQQ_15Min_sma_cross_xgb_oof_fixed_none,5145e1f5c9d12586,True,False
XLV,30Min,ml_xgb,0.5062087647468841,0.6111704767968611,0.09658953586345076,2.7767538954301057e-07,737,449,XLV_30Min_ml_xgb_xgb_oof_fixed_none,91b4c94e18a9dee9,False,False
DIA,30Min,sma_cross,0.497489515252057,0.7783685988791135,0.24000270146099445,2.6897459320197373e-07,737,127,DIA_30Min_sma_cross_xgb_oof_fixed_none,da132c86b84ff62c,False,False
XLK,30Min,donchian_breakout,0.5159822034697654,0.6207359216542687,0.10428353378006427,2.51283879555125e-07,737,1870,XLK_30Min_donchian_breakout_xgb_oof_fixed_none,8170131461dbb73e,True,False
DIA,1Hour,donchian_breakout,0.5040425512092718,0.5900438025043712,0.0780454907259494,2.2180825163868315e-07,737,234,DIA_1Hour_donchian_breakout_xgb_oof_fixed_none,a72bc6626a4fc303,False,False
MSFT,1Hour,sma_cross,0.5101216636082009,0.5377932319185135,0.03327593957884559,2.063994043426124e-07,737,220,MSFT_1Hour_sma_cross_xgb_oof_fixed_none,900a71688889d2ba,False,False
GOOGL,15Min,donchian_breakout,0.5043471794168986,0.6215254970287999,0.10379254593546233,1.8414580649060606e-07,737,551,GOOGL_15Min_donchian_breakout_xgb_oof_fixed_none,365874e0cf38a6fe,False,False
TLT,30Min,ml_xgb,0.5035637849759342,0.6074768699672002,0.09205654939389063,1.8180948754188708e-07,737,289,TLT_30Min_ml_xgb_xgb_oof_fixed_none,66c53e99a26dd9c6,False,False
MSFT,15Min,wavelet_trend,0.510007406889245,0.6369107106009891,0.1165062354924509,1.8128921921749885e-07,737,1193,MSFT_15Min_wavelet_trend_xgb_oof_fixed_none,7e81e1eb0b3a86ab,False,False
XLV,5Min,sma_cross,0.5044127325740962,0.7321501606604512,0.19588347871593137,1.6957736818271384e-07,737,184,XLV_5Min_sma_cross_xgb_oof_fixed_none,6ad33405c0767cbe,False,False
XLF,15Min,bollinger_mr,0.484362457151735,0.6318135263195259,0.11183724706571856,1.6196007398656572e-07,737,29,XLF_15Min_bollinger_mr_xgb_oof_fixed_none,d8360abbc2ae1b18,False,False
SPY,15Min,sma_cross,0.5025675260987701,0.6958705367930116,0.16464810056875823,1.53557503268421e-07,737,46,SPY_15Min_sma_cross_xgb_oof_fixed_none,0e576d1a45f061de,False,False
XLK,30Min,ml_xgb,0.5163044387469911,0.5861334183293,0.07371382102978971,1.5054007358518753e-07,737,2618,XLK_30Min_ml_xgb_xgb_oof_fixed_none,95b3241d00ec75fe,True,False
XLF,5Min,ml_xgb,0.5096975856976496,0.7119163974986885,0.1777616859589848,1.4512628615412342e-07,737,888,XLF_5Min_ml_xgb_xgb_oof_fixed_none,2f6e9e817473192e,False,False
XLK,15Min,bollinger_mr,0.5269259770083251,0.6720512894658341,0.1444428053917021,1.411001525394868e-07,737,880,XLK_15Min_bollinger_mr_xgb_oof_fixed_none,3817b78489062f30,True,False
GOOGL,5Min,ml_xgb,0.5090778085130874,0.678914411792542,0.1499313893921523,1.3604866073637793e-07,737,2585,GOOGL_5Min_ml_xgb_xgb_oof_fixed_none,8f16b1a47af5e6a4,False,False
AAPL,5Min,donchian_breakout,0.5201026143791212,0.6613687490168987,0.13536463661910145,1.3310051703000653e-07,737,2269,AAPL_5Min_donchian_breakout_xgb_oof_fixed_none,cd9cdd00a81ac945,True,False
GOOGL,1Hour,sma_cross,0.5027880940035933,0.5135068931590684,0.011824995005277637,1.326127648834495e-07,737,200,GOOGL_1Hour_sma_cross_xgb_oof_fixed_none,9673cf03beeb70ff,False,False
XOM,1Day,sma_cross,0.4364644364644365,0.05023635106409795,-0.8471056539020538,1.3002762182506894e-07,737,21,XOM_1Day_sma_cross_xgb_oof_fixed_none,96357dae84a7d84f,False,False
MSFT,30Min,wavelet_trend,0.5114463997041959,0.5704038846669854,0.060109239541425954,1.2241564603345813e-07,737,158,MSFT_30Min_wavelet_trend_xgb_oof_fixed_none,20f3f3d54e0fa853,False,False
DIA,15Min,wavelet_trend,0.5178153893188138,0.6042966127832383,0.08776284898027037,1.0673193153580293e-07,737,655,DIA_15Min_wavelet_trend_xgb_oof_fixed_none,eb0fc7a66e106798,True,False
XLV,1Hour,donchian_breakout,0.49320310961936453,0.49772514496276643,-0.001988474386999264,1.0328389415085752e-07,737,116,XLV_1Hour_donchian_breakout_xgb_oof_fixed_none,ab9f1553b3f8979f,False,False
JPM,15Min,wavelet_trend,0.5028924147624066,0.5778426203797917,0.06585355189690731,1.0063015246908742e-07,737,395,JPM_15Min_wavelet_trend_xgb_oof_fixed_none,d3416f621644f11a,False,False
AMZN,15Min,donchian_breakout,0.501373021570029,0.5907125022739098,0.07631471658534117,9.546350677013351e-08,737,4834,AMZN_15Min_donchian_breakout_xgb_oof_fixed_none,81db68e4636b115b,False,False
XLF,5Min,bollinger_mr,0.5021820651289275,0.7452925389195206,0.20320770437674285,9.263650651409063e-08,737,230,XLF_5Min_bollinger_mr_xgb_oof_fixed_none,6de2c0259c100185,False,False
AAPL,15Min,ml_xgb,0.5108446863806624,0.5837911406302895,0.0703464809053611,8.479632144816483e-08,737,3479,AAPL_15Min_ml_xgb_xgb_oof_fixed_none,d160e7607442a6a9,False,False
XLV,30Min,sma_cross,0.4858168444044713,0.5688182211888861,0.05795813183942704,8.124055783068362e-08,737,201,XLV_30Min_sma_cross_xgb_oof_fixed_none,7364282a70ea24b4,False,False
UNH,30Min,ml_xgb,0.495406765296522,0.5413386117721394,0.03515080891544979,8.092338067146322e-08,737,1035,UNH_30Min_ml_xgb_xgb_oof_fixed_none,81b716bc6311e7ae,False,False
TLT,15Min,bollinger_mr,0.5029181544417902,0.5734832857277882,0.06157903126977923,7.327138074751762e-08,737,209,TLT_15Min_bollinger_mr_xgb_oof_fixed_none,a0735f819d5c0a1d,False,False
XLE,15Min,donchian_breakout,0.5013164027353773,0.573618573644254,0.06158732493035974,6.974943720101772e-08,737,105,XLE_15Min_donchian_breakout_xgb_oof_fixed_none,581b7c441f2b4f14,False,False
XLV,15Min,wavelet_trend,0.496563907368726,0.5478429201368871,0.04028288693999436,6.5191811354298e-08,737,318,XLV_15Min_wavelet_trend_xgb_oof_fixed_none,3706fd50fea67e2f,False,False
XLE,1Day,sma_cross,0.4700801590753745,0.042232477124664596,-0.878437534360393,6.513943850701437e-08,737,54,XLE_1Day_sma_cross_xgb_oof_fixed_none,d9effb808fe2d0de,False,False
UNH,1Hour,wavelet_trend,0.5104515064391555,0.4607197904376088,-0.034426744468989065,6.430430540234155e-08,737,215,UNH_1Hour_wavelet_trend_xgb_oof_fixed_none,3bdc8d5a1a84c3d5,False,False
DIA,1Day,sma_cross,0.3863902876457198,0.03854120659212715,-0.9090547710299026,6.253342565544977e-08,737,101,DIA_1Day_sma_cross_xgb_oof_fixed_none,02f3a49557881d44,False,False
XLF,30Min,sma_cross,0.5138229873795693,0.5194356764055995,0.016513034368790033,6.099935499149357e-08,737,462,XLF_30Min_sma_cross_xgb_oof_fixed_none,d9bfc8b53987c313,False,False
AMZN,15Min,wavelet_trend,0.5002611930778195,0.5556840386506573,0.04659675441723717,5.9009752353813256e-08,737,4683,AMZN_15Min_wavelet_trend_xgb_oof_fixed_none,07b2baf746220c14,False,False
XOM,15Min,ml_xgb,0.5073369895131131,0.5546678189039042,0.045724423205526,5.756183355224551e-08,737,927,XOM_15Min_ml_xgb_xgb_oof_fixed_none,b89e250e450e7fb4,False,False
XLF,1Hour,wavelet_trend,0.4857622170300472,0.41024235442417256,-0.08075593485000039,5.475211871833651e-08,737,30,XLF_1Hour_wavelet_trend_xgb_oof_fixed_none,6dce9d31f888a70f,False,False
XLF,5Min,sma_cross,0.5128492352731046,0.6214457542909633,0.0990715606593799,4.696775912806286e-08,737,313,XLF_5Min_sma_cross_xgb_oof_fixed_none,6c757b7f4980dc29,False,False
GLD,30Min,sma_cross,0.5018659662068157,0.4958898856876668,-0.0034885056318411426,4.3271151599609795e-08,737,34,GLD_30Min_sma_cross_xgb_oof_fixed_none,1556faf3a188acbc,False,False
XLV,1Hour,ml_xgb,0.5040381516501203,0.4299782121027068,-0.06161841752177687,4.2514527398996635e-08,737,485,XLV_1Hour_ml_xgb_xgb_oof_fixed_none,ba903dd4b41d154f,False,False
GOOGL,1Hour,bollinger_mr,0.5104048029091084,0.43053540605802765,-0.061079884913270294,4.199069171116323e-08,737,783,GOOGL_1Hour_bollinger_mr_xgb_oof_fixed_none,c7927b860a76f129,False,False
SPY,30Min,wavelet_trend,0.5144190230696973,0.49296620662128976,-0.005971182623722334,4.175140945326701e-08,737,1058,SPY_30Min_wavelet_trend_xgb_oof_fixed_none,43f84553dfa7da60,False,False
XLE,15Min,bollinger_mr,0.49575059878282024,0.5530233083812837,0.04388766125988943,4.1297292263920706e-08,737,120,XLE_15Min_bollinger_mr_xgb_oof_fixed_none,d63f39ef878cf60d,False,False
NVDA,30Min,wavelet_trend,0.49407663462954304,0.486746050746534,-0.011258653906342427,3.885447793989089e-08,737,1995,NVDA_30Min_wavelet_trend_xgb_oof_fixed_none,1b9aff11fac7cf5d,False,False
MSFT,1Hour,ml_xgb,0.5243460913255505,0.42488579446814156,-0.06604086791197726,3.770116784419735e-08,737,1413,MSFT_1Hour_ml_xgb_xgb_oof_fixed_none,fbd976fc836cec7a,False,False
META,1Hour,donchian_breakout,0.48887017768956786,0.420408191115171,-0.07014795538830336,3.714566623143263e-08,737,942,META_1Hour_donchian_breakout_xgb_oof_fixed_none,f6f86181915887ef,False,False
XLV,5Min,ml_xgb,0.5081866145921334,0.5718184698105723,0.05873218726332756,3.441985805379049e-08,737,1423,XLV_5Min_ml_xgb_xgb_oof_fixed_none,6d09e1579aef0385,False,False
NVDA,30Min,bollinger_mr,0.49607822682271585,0.47047194174445267,-0.025180839572887494,3.401034064148228e-08,737,135,NVDA_30Min_bollinger_mr_xgb_oof_fixed_none,5aca69d9e6877afc,False,False
DIA,30Min,bollinger_mr,0.5018919364138045,0.4446031544935593,-0.04787894908003665,3.279994247692445e-08,737,396,DIA_30Min_bollinger_mr_xgb_oof_fixed_none,123512e261a6d357,False,False
IWM,1Day,wavelet_trend,0.4212754869389616,0.032264383493762545,-0.9401087756705435,3.230910809224588e-08,737,41,IWM_1Day_wavelet_trend_xgb_oof_fixed_none,4152606eb72fe780,False,False
AAPL,15Min,donchian_breakout,0.5173910261701296,0.5127016974200277,0.010588957908373428,3.1803748669817055e-08,737,2137,AAPL_15Min_donchian_breakout_xgb_oof_fixed_none,652a12abd5e57882,True,False
QQQ,15Min,wavelet_trend,0.5309801102231365,0.5117512753361728,0.009798054514943172,3.154608498716002e-08,737,2351,QQQ_15Min_wavelet_trend_xgb_oof_fixed_none,2cb616015bfc89c8,True,False
GLD,15Min,sma_cross,0.4975475116507604,0.5115297467719956,0.00959813246436685,2.997391693098984e-08,737,106,GLD_15Min_sma_cross_xgb_oof_fixed_none,e17b2c23ddb3358e,False,False
MSFT,30Min,donchian_breakout,0.5098944653449832,0.46890508270981596,-0.0264079954992897,2.9341679016255167e-08,737,697,MSFT_30Min_donchian_breakout_xgb_oof_fixed_none,2796f57263d6d9d5,False,False
TLT,5Min,ml_xgb,0.5096431917769251,0.5878618116224301,0.07112066182768781,2.8824586592117613e-08,737,775,TLT_5Min_ml_xgb_xgb_oof_fixed_none,eae544a3eb74eeef,False,False
GOOGL,15Min,sma_cross,0.497573315150472,0.5059423109640694,0.0049525506374297505,2.880604786261135e-08,737,206,GOOGL_15Min_sma_cross_xgb_oof_fixed_none,46c909f7d879c3bf,False,False
META,15Min,ml_xgb,0.5041952453547816,0.504861755834305,0.004052452070279515,2.848503717256467e-08,737,1320,META_15Min_ml_xgb_xgb_oof_fixed_none,fa50de4c42262570,False,False
NVDA,5Min,donchian_breakout,0.505528261247731,0.5531258470524971,0.0434421334728262,2.8453399685892504e-08,737,2293,NVDA_5Min_donchian_breakout_xgb_oof_fixed_none,4f284b887f5ba4da,False,False
XLV,1Hour,wavelet_trend,0.49507201643125515,0.4001486854435571,-0.08841515133600704,2.8384114904790342e-08,737,49,XLV_1Hour_wavelet_trend_xgb_oof_fixed_none,1f488950e057b9a8,False,False
XOM,1Hour,wavelet_trend,0.4935240254673735,0.38491662345869454,-0.10297466210670644,2.7746371629475537e-08,737,108,XOM_1Hour_wavelet_trend_xgb_oof_fixed_none,80edd0dc325616fd,False,False
META,5Min,ml_xgb,0.5040436274211665,0.5503117068443408,0.04110543378387646,2.687071189906226e-08,737,1504,META_5Min_ml_xgb_xgb_oof_fixed_none,f55eb868fe72a853,False,False
XOM,15Min,bollinger_mr,0.4983438767496824,0.49162939835510605,-0.00699736095721975,2.5783318619621276e-08,737,65,XOM_15Min_bollinger_mr_xgb_oof_fixed_none,85b9ddedf9074d27,False,False
XOM,30Min,wavelet_trend,0.5109287130779668,0.45729885994607367,-0.03628946409694175,2.4739689604399e-08,737,136,XOM_30Min_wavelet_trend_xgb_oof_fixed_none,1e34b3847f23eb12,False,False
XOM,1Day,donchian_breakout,0.5454601990049751,0.02375371622372608,-1.0295364037904395,2.3287531284644352e-08,737,103,XOM_1Day_donchian_breakout_xgb_oof_fixed_none,109286818c97c06f,False,False
QQQ,1Hour,sma_cross,0.5253191917160953,0.39054420773509446,-0.09692564203780236,2.3193100142131192e-08,737,1040,QQQ_1Hour_sma_cross_xgb_oof_fixed_none,40345de3766ba327,False,False
AAPL,5Min,sma_cross,0.5088160485069507,0.537116834002896,0.03029746685077121,2.2497521215166906e-08,737,1860,AAPL_5Min_sma_cross_xgb_oof_fixed_none,ac1b090ac8745f4e,False,False
XLF,5Min,donchian_breakout,0.5151770327491877,0.5301868955454735,0.024611004748481578,1.9931331380969345e-08,737,693,XLF_5Min_donchian_breakout_xgb_oof_fixed_none,8948a4f0765d376f,True,False
XLF,30Min,donchian_breakout,0.5128132367125346,0.4392134975239559,-0.05174424917691746,1.89161893579034e-08,737,499,XLF_30Min_donchian_breakout_xgb_oof_fixed_none,eba8ca061863f265,False,False
QQQ,15Min,donchian_breakout,0.5296399468070623,0.47597500458948144,-0.020029605896604775,1.8710992993331146e-08,737,2249,QQQ_15Min_donchian_breakout_xgb_oof_fixed_none,dc0b06a860b2f733,False,False
META,1Hour,ml_xgb,0.506597789512584,0.3736026689308135,-0.11243432348663902,1.8104143712552412e-08,737,451,META_1Hour_ml_xgb_xgb_oof_fixed_none,467de0e552142f19,False,False
XLK,1Hour,wavelet_trend,0.49570104983556784,0.3583549348583301,-0.1265830905134461,1.440361912252995e-08,737,893,XLK_1Hour_wavelet_trend_xgb_oof_fixed_none,85a1f84e4cf79644,False,False
UNH,15Min,bollinger_mr,0.4933279136667615,0.4067579053884073,-0.08027606415836216,1.4143132596347576e-08,737,391,UNH_15Min_bollinger_mr_xgb_oof_fixed_none,f9423b8acfc687f6,False,False
UNH,5Min,sma_cross,0.5000003302108276,0.47777303057543014,-0.01834095189401201,1.3969562534904747e-08,737,127,UNH_5Min_sma_cross_xgb_oof_fixed_none,07f9661262162851,False,False
GOOGL,1Hour,ml_xgb,0.5028657712806164,0.3516905993316349,-0.13299354459494583,1.3490960965658214e-08,737,1111,GOOGL_1Hour_ml_xgb_xgb_oof_fixed_none,68d2856155a1f6ef,False,False
TLT,5Min,donchian_breakout,0.5143183912227655,0.42615972447282835,-0.06263211644556005,1.3254741970260242e-08,737,334,TLT_5Min_donchian_breakout_xgb_oof_fixed_none,c1ad8d446e8bb8f0,False,False
TLT,5Min,bollinger_mr,0.5102296566717,0.5003374184785474,0.00027497506348222886,1.3226621382142272e-08,737,164,TLT_5Min_bollinger_mr_xgb_oof_fixed_none,feb8a7806e51f995,False,False
AAPL,5Min,wavelet_trend,0.513005376463882,0.4999273271246263,-5.922560072914713e-05,1.3161199753088576e-08,737,1891,AAPL_5Min_wavelet_trend_xgb_oof_fixed_none,04a24cc4e3fde3cf,False,False
SPY,1Hour,wavelet_trend,0.4906739069631437,0.38110793936093107,-0.10399945528208564,1.3058086858966031e-08,737,156,SPY_1Hour_wavelet_trend_xgb_oof_fixed_none,a09f4b3d5387e638,False,False
JPM,1Hour,wavelet_trend,0.5131272231384417,0.28681836084280565,-0.20339536723404342,1.2925395726697073e-08,737,248,JPM_1Hour_wavelet_trend_xgb_oof_fixed_none,1360e4ed32ac9b61,False,False
NVDA,5Min,bollinger_mr,0.5059476668967274,0.4978685528053198,-0.0017370344963966722,1.2772287498044748e-08,737,1520,NVDA_5Min_bollinger_mr_xgb_oof_fixed_none,6fc7ba556ce06124,False,False
NVDA,1Hour,donchian_breakout,0.4875872284933239,0.34891184863817826,-0.13553698151146543,1.2709305252729455e-08,737,1584,NVDA_1Hour_donchian_breakout_xgb_oof_fixed_none,61836761b875cb3a,False,False
UNH,30Min,wavelet_trend,0.5074133063704327,0.4069722633001131,-0.07960677083821746,1.1799003434109434e-08,737,65,UNH_30Min_wavelet_trend_xgb_oof_fixed_none,42a4ded36dacddd1,False,False
TLT,5Min,sma_cross,0.5109570299473054,0.4046630949142642,-0.08166414340939658,1.1587952211080187e-08,737,109,TLT_5Min_sma_cross_xgb_oof_fixed_none,61f591ecf5a57b92,False,False
MSFT,1Hour,wavelet_trend,0.5160296635963839,0.35167141950406167,-0.13231981556948497,1.1544612145033685e-08,737,356,MSFT_1Hour_wavelet_trend_xgb_oof_fixed_none,bc2ce9598c148be1,False,False
META,1Day,bollinger_mr,0.4725140056022409,0.031279334396857206,-0.903795631971052,1.1361113026669279e-08,737,75,META_1Day_bollinger_mr_xgb_oof_fixed_none,4e60d50c98fb9a35,False,False
AAPL,1Hour,wavelet_trend,0.5053145845949529,0.34347870464528174,-0.14053166152373864,1.1320149648720048e-08,737,1668,AAPL_1Hour_wavelet_trend_xgb_oof_fixed_none,ac40c7ce3bf60341,False,False
XLE,1Hour,sma_cross,0.5110361223156139,0.3475508238475038,-0.1363401601358696,1.1199073230094958e-08,737,1416,XLE_1Hour_sma_cross_xgb_oof_fixed_none,78249e7dc7d0c696,False,False
IWM,30Min,bollinger_mr,0.4870478610747686,0.38963845462187163,-0.09533228386761433,1.081208712343013e-08,737,73,IWM_30Min_bollinger_mr_xgb_oof_fixed_none,e8cbecfd4f81b11b,False,False
MSFT,1Hour,bollinger_mr,0.5202814593106622,0.3436823046005567,-0.1401084434030252,1.081192131699646e-08,737,548,MSFT_1Hour_bollinger_mr_xgb_oof_fixed_none,f56ab4e08674797f,False,False
GOOGL,5Min,donchian_breakout,0.5100328735847477,0.47769634324035776,-0.018188685727601146,9.58928351266895e-09,737,1958,GOOGL_5Min_donchian_breakout_xgb_oof_fixed_none,63ebdf2ea0000d02,False,False
NVDA,5Min,wavelet_trend,0.5053745382479272,0.47578234999965496,-0.019751314791585983,9.324896072150295e-09,737,1848,NVDA_5Min_wavelet_trend_xgb_oof_fixed_none,6e74cc686dd4fe2b,False,False
XLE,5Min,sma_cross,0.5050860658679293,0.46973809151591256,-0.024696478463032457,8.61822259266939e-09,737,157,XLE_5Min_sma_cross_xgb_oof_fixed_none,cba8d35e7aaf3d73,False,False
GOOGL,15Min,ml_xgb,0.5069397672753552,0.4183812793282252,-0.06861621624736601,8.60011754859752e-09,737,1967,GOOGL_15Min_ml_xgb_xgb_oof_fixed_none,477c978e57389caf,False,False
JPM,5Min,bollinger_mr,0.5086314628248066,0.4684547405522163,-0.025749433796678555,8.495243016361933e-09,737,1732,JPM_5Min_bollinger_mr_xgb_oof_fixed_none,83c7fa0ef372ecd9,False,False
AMZN,15Min,sma_cross,0.5049080177951383,0.4100028402409658,-0.07563376462775652,7.147827714444356e-09,737,791,AMZN_15Min_sma_cross_xgb_oof_fixed_none,51a2bc90a32d5bfb,False,False
META,30Min,ml_xgb,0.4925338761408528,0.3744017562140252,-0.10819115075590657,6.957440088542676e-09,737,1571,META_30Min_ml_xgb_xgb_oof_fixed_none,2220af2e598e226f,False,False
MSFT,15Min,bollinger_mr,0.5023845995681185,0.37817227832649136,-0.10446714393279181,6.603616693631725e-09,737,558,MSFT_15Min_bollinger_mr_xgb_oof_fixed_none,aa304f65cb8c55e7,False,False
TLT,5Min,wavelet_trend,0.5128620348396645,0.3024098146747415,-0.1807808603533673,6.141093866695806e-09,737,176,TLT_5Min_wavelet_trend_xgb_oof_fixed_none,eb05e46831e13a7b,False,False
DIA,30Min,ml_xgb,0.5118800620487055,0.35417287494507377,-0.12710346462329233,6.053817935313052e-09,737,545,DIA_30Min_ml_xgb_xgb_oof_fixed_none,a4fcdc81cfcdf441,False,False
TLT,1Hour,wavelet_trend,0.4879463989721333,0.3151545134457676,-0.1665823427534493,5.717995350777538e-09,737,264,TLT_1Hour_wavelet_trend_xgb_oof_fixed_none,34ece90cf0b4cccc,False,False
META,1Hour,sma_cross,0.48775459840784247,0.29768211832294345,-0.18556907299639108,5.705832011363305e-09,737,1318,META_1Hour_sma_cross_xgb_oof_fixed_none,ef732051e723097a,False,False
XOM,1Hour,sma_cross,0.4666666093834493,0.2455627473473374,-0.2481115892356071,5.6949344598420055e-09,737,187,XOM_1Hour_sma_cross_xgb_oof_fixed_none,deffd2d4640e229c,False,False
QQQ,30Min,ml_xgb,0.5050334153120937,0.3478987498204942,-0.1326083028694781,5.173472952158065e-09,737,1315,QQQ_30Min_ml_xgb_xgb_oof_fixed_none,2ed528f2428bc6ad,False,False
JPM,5Min,sma_cross,0.5070587041161789,0.4437776474918664,-0.04579948000078881,5.128057503461332e-09,737,713,JPM_5Min_sma_cross_xgb_oof_fixed_none,68010349c7d130a7,False,False
XLE,15Min,wavelet_trend,0.5039093027528734,0.385999086715515,-0.09639664051565201,5.094499990603505e-09,737,292,XLE_15Min_wavelet_trend_xgb_oof_fixed_none,9e65d06b726c9b9b,False,False
IWM,15Min,sma_cross,0.497814651462696,0.33426405555197325,-0.1461090272068098,5.037864634573367e-09,737,401,IWM_15Min_sma_cross_xgb_oof_fixed_none,f941452b4ea27f02,False,False
XLK,15Min,ml_xgb,0.5131597038297774,0.366720799302661,-0.11397142328327903,4.569946435545791e-09,737,3340,XLK_15Min_ml_xgb_xgb_oof_fixed_none,9602741a5977c075,False,False
AAPL,30Min,bollinger_mr,0.4961469264811167,0.09051441693011908,-0.5482661180292029,4.435420953595352e-09,737,242,AAPL_30Min_bollinger_mr_xgb_oof_fixed_none,4632e8c02461d670,False,False
XOM,1Day,wavelet_trend,0.42891791044776123,0.012068332129120387,-1.1664235182073357,4.405398234543907e-09,737,101,XOM_1Day_wavelet_trend_xgb_oof_fixed_none,51e497571fe52091,False,False
UNH,15Min,donchian_breakout,0.49022409431427627,0.33721048718906343,-0.14236689447076611,4.2549581965583494e-09,737,210,UNH_15Min_donchian_breakout_xgb_oof_fixed_none,25532a52b6d2b75a,False,False
META,15Min,bollinger_mr,0.5015212425855016,0.3413326576326209,-0.13747179352302044,3.5470263073476336e-09,737,578,META_15Min_bollinger_mr_xgb_oof_fixed_none,c909fd07d2a07839,False,False
NVDA,15Min,donchian_breakout,0.49778331109955454,0.35958527027281073,-0.11956106819128934,3.3157635336840027e-09,737,2596,NVDA_15Min_donchian_breakout_xgb_oof_fixed_none,56d3829181f766f4,False,False
META,15Min,donchian_breakout,0.4973567446459732,0.33866296176052946,-0.13956888178861143,3.1316216306872692e-09,737,292,META_15Min_donchian_breakout_xgb_oof_fixed_none,7688536e03d5c431,False,False
IWM,5Min,ml_xgb,0.5012620025830568,0.37631267770914806,-0.10377177994414473,3.1312433592589224e-09,737,1161,IWM_5Min_ml_xgb_xgb_oof_fixed_none,bcbf5623a6d247d1,False,False
UNH,30Min,bollinger_mr,0.4908912466570776,0.3059436011359671,-0.17309188569518538,3.121340117436417e-09,737,684,UNH_30Min_bollinger_mr_xgb_oof_fixed_none,4cf9607ea757418f,False,False
GLD,5Min,wavelet_trend,0.5270689184440276,0.39496358454933445,-0.08683693070277822,3.009121904515153e-09,737,242,GLD_5Min_wavelet_trend_xgb_oof_fixed_none,d4b8aa46f721fdc7,False,False
SPY,1Hour,donchian_breakout,0.4922236978248276,0.2880177049177648,-0.19184038292384803,2.735229605784306e-09,737,364,SPY_1Hour_donchian_breakout_xgb_oof_fixed_none,b57a6274abe6c7fd,False,False
XLE,30Min,donchian_breakout,0.49764377863954334,0.31710770728600507,-0.16029900283601242,2.527450092833666e-09,737,464,XLE_30Min_donchian_breakout_xgb_oof_fixed_none,328163bd8581231f,False,False
AAPL,30Min,ml_xgb,0.5089395452009619,0.32056939128496353,-0.1565116146779869,2.4060959295814678e-09,737,791,AAPL_30Min_ml_xgb_xgb_oof_fixed_none,faea8bf5ce911b86,False,False
DIA,1Hour,wavelet_trend,0.5102249694939092,0.20891235460757113,-0.2899480823968935,2.24389721185417e-09,737,530,DIA_1Hour_wavelet_trend_xgb_oof_fixed_none,b8197a1c591d3833,False,False
XLF,30Min,wavelet_trend,0.511306572064085,0.28533391631075233,-0.19325164729073185,2.1096360181502465e-09,737,131,XLF_30Min_wavelet_trend_xgb_oof_fixed_none,d8c2c079fb8c9d15,False,False
IWM,30Min,sma_cross,0.4895797665849941,0.2829147095846555,-0.19590075080555708,2.093737441554359e-09,737,509,IWM_30Min_sma_cross_xgb_oof_fixed_none,1f51d8e55e4030a2,False,False
JPM,15Min,bollinger_mr,0.5005451614501712,0.3234058564508469,-0.1523834075445768,1.8434612573155915e-09,737,1016,JPM_15Min_bollinger_mr_xgb_oof_fixed_none,bd49229e49a2a726,False,False
SPY,15Min,bollinger_mr,0.5199815966233157,0.20227603132424266,-0.29765494628947253,1.825410431404017e-09,737,432,SPY_15Min_bollinger_mr_xgb_oof_fixed_none,e6670da52d362abb,False,False
GLD,15Min,donchian_breakout,0.5178614983294562,0.28974460633279353,-0.1873361151768527,1.7620190699773492e-09,737,51,GLD_15Min_donchian_breakout_xgb_oof_fixed_none,b9d3e83a5ea6be2f,False,False
TLT,1Hour,bollinger_mr,0.4859531720169926,0.23761515821559526,-0.24825881134483194,1.6418623075133246e-09,737,105,TLT_1Hour_bollinger_mr_xgb_oof_fixed_none,3c34ef1680993c43,False,False
DIA,1Hour,ml_xgb,0.49690376846148754,0.23053545288440186,-0.2573497685222594,1.6258970402578886e-09,737,526,DIA_1Hour_ml_xgb_xgb_oof_fixed_none,3bd6ad34afacb30e,False,False
JPM,5Min,donchian_breakout,0.5143512285887386,0.36026002108862654,-0.11634673989403836,1.60527078274578e-09,737,2410,JPM_5Min_donchian_breakout_xgb_oof_fixed_none,46797574a9915927,False,False
GOOGL,30Min,sma_cross,0.48942269392407695,0.26452355973833075,-0.21497371376565566,1.5480866506581909e-09,737,242,GOOGL_30Min_sma_cross_xgb_oof_fixed_none,0866e6e978fdf06b,False,False
XOM,5Min,ml_xgb,0.5018836425979785,0.33507116633290734,-0.13997584371276883,1.5066597748674077e-09,737,1056,XOM_5Min_ml_xgb_xgb_oof_fixed_none,ec22ab700e14128f,False,False
GLD,30Min,ml_xgb,0.49331106387286167,0.31019718795366213,-0.16447962511375622,1.4016718894605574e-09,737,102,GLD_30Min_ml_xgb_xgb_oof_fixed_none,b73f1eac41b6fc16,False,False
TLT,1Hour,ml_xgb,0.4918959641255605,0.23078609570222908,-0.25485034441988413,1.2420767226778671e-09,737,200,TLT_1Hour_ml_xgb_xgb_oof_fixed_none,a18ada94856102a3,False,False
SPY,30Min,ml_xgb,0.5217435437139897,0.26644935355028354,-0.21121765346391982,1.2274639329692117e-09,737,1244,SPY_30Min_ml_xgb_xgb_oof_fixed_none,72c0bdf4e79d8b6d,False,False
JPM,30Min,donchian_breakout,0.5029453161581882,0.2529116452739465,-0.22703821192937482,1.209484707958218e-09,737,184,JPM_30Min_donchian_breakout_xgb_oof_fixed_none,e509fa8578ff14bc,False,False
IWM,1Hour,wavelet_trend,0.5018832297354173,0.22558925268609276,-0.2605282436236571,1.0809078638259934e-09,737,235,IWM_1Hour_wavelet_trend_xgb_oof_fixed_none,661cd6fcb036566f,False,False
QQQ,30Min,bollinger_mr,0.5229027913226786,0.27543807901340495,-0.19971747597186063,9.92683814227026e-10,737,426,QQQ_30Min_bollinger_mr_xgb_oof_fixed_none,57cc6086b3502899,False,False
SPY,1Hour,ml_xgb,0.5114937322806616,0.1925359258739226,-0.3055176756019421,9.182853117818551e-10,737,884,SPY_1Hour_ml_xgb_xgb_oof_fixed_none,c7331ec6726dfb61,False,False
XLE,5Min,wavelet_trend,0.5028292668901219,0.2670576434839729,-0.20842757315295785,8.828919619874195e-10,737,403,XLE_5Min_wavelet_trend_xgb_oof_fixed_none,aefada089cfad517,False,False
SPY,5Min,bollinger_mr,0.5257393961731988,0.2667834192918105,-0.20869265530342024,8.763150891024521e-10,737,514,SPY_5Min_bollinger_mr_xgb_oof_fixed_none,9097fd532925a5c0,False,False
JPM,30Min,wavelet_trend,0.5052282559261073,0.22344396364426228,-0.2615562200282125,8.651598862032157e-10,737,146,JPM_30Min_wavelet_trend_xgb_oof_fixed_none,324c8c4c4e45b34d,False,False
UNH,1Hour,sma_cross,0.49424379948904296,0.19087554536498963,-0.3074203706036233,8.62968339775687e-10,737,1129,UNH_1Hour_sma_cross_xgb_oof_fixed_none,675c787911a928d3,False,False
UNH,15Min,sma_cross,0.49591734842004886,0.8293740929324129,0.2465716705397711,8.168463556542702e-10,737,24,UNH_15Min_sma_cross_xgb_oof_fixed_none,de168d4f8bdbaeed,False,False
XLV,1Hour,sma_cross,0.49673458311118796,0.18290100864319647,-0.31841225500285075,7.592255707182697e-10,737,305,XLV_1Hour_sma_cross_xgb_oof_fixed_none,29d1776ffd826436,False,False
SPY,5Min,wavelet_trend,0.5299745973258606,0.32141642874475707,-0.15013044568351358,7.168100096048629e-10,737,2382,SPY_5Min_wavelet_trend_xgb_oof_fixed_none,a0de35f95dbabc70,False,False
QQQ,5Min,donchian_breakout,0.5239473802406798,0.3146934783505869,-0.15672026451979698,7.103820569014517e-10,737,2551,QQQ_5Min_donchian_breakout_xgb_oof_fixed_none,8b282f1fbbfe1a5f,False,False
XLK,5Min,wavelet_trend,0.5267925808155396,0.3034293063891607,-0.16748124444707896,6.296136107510086e-10,737,2868,XLK_5Min_wavelet_trend_xgb_oof_fixed_none,6c227cc4f58efe5b,False,False
XLK,30Min,bollinger_mr,0.5253252849628676,0.1999622216378762,-0.2908943857401135,6.142546305850489e-10,737,449,XLK_30Min_bollinger_mr_xgb_oof_fixed_none,3c37d98408dca2b5,False,False
MSFT,15Min,sma_cross,0.5065125943953783,0.25742902146202995,-0.216443084540811,5.48054204506215e-10,737,87,MSFT_15Min_sma_cross_xgb_oof_fixed_none,e97e07d8ee13bc37,False,False
XOM,1Hour,bollinger_mr,0.4892665571975917,0.11739610247710341,-0.4375849781535842,5.308760559605912e-10,737,144,XOM_1Hour_bollinger_mr_xgb_oof_fixed_none,f4db1068a1917047,False,False
SPY,30Min,sma_cross,0.4961399817820304,0.2483626834802174,-0.22625587237632858,4.865342285308513e-10,737,150,SPY_30Min_sma_cross_xgb_oof_fixed_none,f477793425c0df03,False,False
XLK,30Min,sma_cross,0.4983700930498999,0.20199451273745894,-0.2857739370607846,4.761190246203769e-10,737,1741,XLK_30Min_sma_cross_xgb_oof_fixed_none,37b259ad92525949,False,False
QQQ,5Min,wavelet_trend,0.5249040972037204,0.2878474768025677,-0.18193034492674762,4.537612160718715e-10,737,2803,QQQ_5Min_wavelet_trend_xgb_oof_fixed_none,a0b47a5435675178,False,False
XLV,5Min,donchian_breakout,0.5149299582296057,0.2870595543705792,-0.18239360701983645,4.231768507070294e-10,737,2361,XLV_5Min_donchian_breakout_xgb_oof_fixed_none,a99b7f6f7f166d89,False,False
DIA,1Hour,bollinger_mr,0.5236004914038014,0.18823315804431828,-0.3032862024664327,3.642348598966646e-10,737,580,DIA_1Hour_bollinger_mr_xgb_oof_fixed_none,e4b6984af99a2bba,False,False
GOOGL,15Min,wavelet_trend,0.5000560452544645,0.2529914123828993,-0.21879569235219634,3.541045360310691e-10,737,741,GOOGL_15Min_wavelet_trend_xgb_oof_fixed_none,75a23bb1417dd460,False,False
NVDA,5Min,ml_xgb,0.5051607895153082,0.26631817555120507,-0.20321885682806573,3.233603443900272e-10,737,6824,NVDA_5Min_ml_xgb_xgb_oof_fixed_none,0cbe4e7c2b09246f,False,False
MSFT,30Min,sma_cross,0.5036760754147863,0.1830335603037413,-0.30967120746976884,3.1248199719038417e-10,737,22,MSFT_30Min_sma_cross_xgb_oof_fixed_none,f76dd478f73a91df,False,False
TLT,1Hour,donchian_breakout,0.4751500531391528,0.19568448152081896,-0.2907841129473249,3.0171305772120196e-10,737,62,TLT_1Hour_donchian_breakout_xgb_oof_fixed_none,ff70feec44eb5cf4,False,False
XOM,15Min,wavelet_trend,0.5119017009046682,0.2203418879287699,-0.2574050751164154,3.011574482439444e-10,737,117,XOM_15Min_wavelet_trend_xgb_oof_fixed_none,bd500fb30931fd96,False,False
META,30Min,sma_cross,0.4832849405821741,0.19710210104205822,-0.28833267102286736,2.8659848892134973e-10,737,658,META_30Min_sma_cross_xgb_oof_fixed_none,1eaf9a24b68c2f55,False,False
XLE,30Min,bollinger_mr,0.5000000686469952,0.21367854918487972,-0.265368412843855,2.743052626354555e-10,737,486,XLE_30Min_bollinger_mr_xgb_oof_fixed_none,084a16797c9e0cef,False,False
GLD,30Min,wavelet_trend,0.49183233832640433,0.2634084545608547,-0.20538470498679043,2.697228420134578e-10,737,18,GLD_30Min_wavelet_trend_xgb_oof_fixed_none,5ceb6e3d08f393f8,False,False
AAPL,1Hour,sma_cross,0.4777839176439287,0.1647157391189107,-0.3367992661017239,2.589603626805395e-10,737,426,AAPL_1Hour_sma_cross_xgb_oof_fixed_none,417b823bef8c3704,False,False
META,30Min,wavelet_trend,0.49111586206916413,0.19108854630391925,-0.2952357466048678,2.353917097361108e-10,737,1437,META_30Min_wavelet_trend_xgb_oof_fixed_none,ecd0f027b1ef037e,False,False
IWM,1Hour,sma_cross,0.4889623334382541,0.14075347387766124,-0.37791551796400363,2.3015724090298127e-10,737,1276,IWM_1Hour_sma_cross_xgb_oof_fixed_none,0f41b72d89192910,False,False
XOM,5Min,donchian_breakout,0.5101933921560118,0.2966724108423777,-0.16924361537686441,2.1630711953232177e-10,737,140,XOM_5Min_donchian_breakout_xgb_oof_fixed_none,afe3647d21b80db5,False,False
UNH,5Min,donchian_breakout,0.5052764209334768,0.2182458955397592,-0.2574350403402277,2.1038617876935088e-10,737,100,UNH_5Min_donchian_breakout_xgb_oof_fixed_none,390daf400d5fad30,False,False
SPY,15Min,wavelet_trend,0.5137149241221002,0.21998409049588252,-0.2551163382004351,2.0759091074961178e-10,737,602,SPY_15Min_wavelet_trend_xgb_oof_fixed_none,7c4cde888ad634b8,False,False
XLV,30Min,bollinger_mr,0.48744920069158787,0.18705611402411032,-0.2990674040627509,1.864064534378562e-10,737,144,XLV_30Min_bollinger_mr_xgb_oof_fixed_none,e4a2ec0513d34428,False,False
JPM,30Min,ml_xgb,0.49293925227619817,0.14028800531951896,-0.3757109826510789,1.7543908186270678e-10,737,849,JPM_30Min_ml_xgb_xgb_oof_fixed_none,b9c46a67b4701778,False,False
IWM,5Min,sma_cross,0.4981524807515805,0.2345648289333983,-0.23522403743911288,1.5761357616749578e-10,737,484,IWM_5Min_sma_cross_xgb_oof_fixed_none,7f18af7b562fb132,False,False
MSFT,30Min,bollinger_mr,0.5033757082633062,0.18201109753224887,-0.3049007043294294,1.552962254267688e-10,737,970,MSFT_30Min_bollinger_mr_xgb_oof_fixed_none,9c64f3f1f3be684b,False,False
QQQ,5Min,bollinger_mr,0.5268949172522454,0.15548989277423825,-0.3463894552406302,1.4462473058355598e-10,737,1138,QQQ_5Min_bollinger_mr_xgb_oof_fixed_none,0b22f847b9242629,False,False
IWM,1Hour,ml_xgb,0.5074142495050336,0.13381686808802085,-0.3846296638633298,1.289032119379446e-10,737,962,IWM_1Hour_ml_xgb_xgb_oof_fixed_none,2e61eac280f07485,False,False
XLE,5Min,bollinger_mr,0.5050281749951931,0.2694734483074638,-0.19459152805401125,1.2561662195360137e-10,737,264,XLE_5Min_bollinger_mr_xgb_oof_fixed_none,a90592c8982b68e8,False,False
JPM,30Min,bollinger_mr,0.5042589240569638,0.1440356201526285,-0.36454037206570367,1.192164819310061e-10,737,3307,JPM_30Min_bollinger_mr_xgb_oof_fixed_none,0952f6272ab584a6,False,False
DIA,15Min,bollinger_mr,0.5079887871029958,0.13524308253204076,-0.3809554884368229,1.1892714619556275e-10,737,322,DIA_15Min_bollinger_mr_xgb_oof_fixed_none,cb6a1df644feb6a8,False,False
QQQ,30Min,sma_cross,0.5066344237570852,0.15658350156173045,-0.341891494541877,1.1099645863790979e-10,737,1573,QQQ_30Min_sma_cross_xgb_oof_fixed_none,bffe854f4918a4e1,False,False
NVDA,30Min,sma_cross,0.4817811234289219,0.15423774924979872,-0.3458358311554972,1.1073343322727441e-10,737,2162,NVDA_30Min_sma_cross_xgb_oof_fixed_none,556d81554c3fb052,False,False
AMZN,30Min,sma_cross,0.5090386654218341,0.15488420695138078,-0.34367798663068616,9.951464041478467e-11,737,2583,AMZN_30Min_sma_cross_xgb_oof_fixed_none,0909c704e86aa185,False,False
XLK,15Min,sma_cross,0.5176820007386485,0.18835132238307362,-0.2903071088712156,8.161744512891322e-11,737,1144,XLK_15Min_sma_cross_xgb_oof_fixed_none,59a42b6637e31910,False,False
XLE,15Min,ml_xgb,0.49863555108653146,0.12090934538296233,-0.4048486544008725,7.74446058561596e-11,737,1065,XLE_15Min_ml_xgb_xgb_oof_fixed_none,42455787ab0e561d,False,False
NVDA,15Min,sma_cross,0.4909830939528582,0.16987496681979286,-0.3162707301668394,7.033953520976619e-11,737,892,NVDA_15Min_sma_cross_xgb_oof_fixed_none,0fc7ab4b81a079ac,False,False
AAPL,15Min,sma_cross,0.5034121631210937,0.16536561742539518,-0.3230475944453882,6.845653526126276e-11,737,1765,AAPL_15Min_sma_cross_xgb_oof_fixed_none,05a79d0ecaba5a28,False,False
GOOGL,30Min,ml_xgb,0.4942247410536412,0.13415158774235214,-0.3761422036289901,6.343473705434876e-11,737,1671,GOOGL_30Min_ml_xgb_xgb_oof_fixed_none,c1ea43f57ab11010,False,False
DIA,30Min,donchian_breakout,0.5057108463303429,0.17834783004515442,-0.3024791880110976,6.218226254109646e-11,737,130,DIA_30Min_donchian_breakout_xgb_oof_fixed_none,5eea85da63c9a24a,False,False
JPM,1Hour,bollinger_mr,0.497016107043563,0.1209121676371292,-0.4020545009632116,6.10293983734698e-11,737,969,JPM_1Hour_bollinger_mr_xgb_oof_fixed_none,509070cafe422a0d,False,False
GLD,5Min,donchian_breakout,0.5274734667244201,0.18234924286361548,-0.2964364104582294,6.049204285209123e-11,737,263,GLD_5Min_donchian_breakout_xgb_oof_fixed_none,3877c71d16542219,False,False
META,30Min,donchian_breakout,0.49984229228381516,0.14372320324608623,-0.35728313249846017,5.602407414900621e-11,737,1310,META_30Min_donchian_breakout_xgb_oof_fixed_none,40939a110381ccca,False,False
SPY,5Min,sma_cross,0.5180709691581062,0.19744695971125337,-0.27453604287085154,5.3454533912417994e-11,737,1324,SPY_5Min_sma_cross_xgb_oof_fixed_none,f6d7b207abbdb1cb,False,False
UNH,30Min,sma_cross,0.48959667024064163,0.12714378637853713,-0.38718446146569135,5.020553684077657e-11,737,79,UNH_30Min_sma_cross_xgb_oof_fixed_none,9c546b30b119cfd9,False,False
XLK,5Min,donchian_breakout,0.524059173924242,0.17830554598237103,-0.29986132351726297,4.4907406440251305e-11,737,2217,XLK_5Min_donchian_breakout_xgb_oof_fixed_none,e3154919ef03e7a1,False,False
XLK,5Min,ml_xgb,0.5153240011912501,0.11328111323367568,-0.4138573459307145,4.149420995890026e-11,737,3050,XLK_5Min_ml_xgb_xgb_oof_fixed_none,6613f40e8b4c8ca8,False,False
SPY,15Min,donchian_breakout,0.5193028484474812,0.1667122193647354,-0.31640778222801946,4.0888934930222656e-11,737,1359,SPY_15Min_donchian_breakout_xgb_oof_fixed_none,7e9f44272ebcf66d,False,False
MSFT,5Min,ml_xgb,0.5119869929741678,0.12845201124634664,-0.38169036434486203,3.831237488519842e-11,737,3266,MSFT_5Min_ml_xgb_xgb_oof_fixed_none,67d0190d8d1ea327,False,False
GLD,1Hour,ml_xgb,0.5126086101679534,0.10313793780593278,-0.4348339785720336,3.4712648563636145e-11,737,168,GLD_1Hour_ml_xgb_xgb_oof_fixed_none,e2aa848c6bfb3126,False,False
JPM,1Hour,ml_xgb,0.5102002822417677,0.09929421977161385,-0.44379104196654073,3.377846969272378e-11,737,968,JPM_1Hour_ml_xgb_xgb_oof_fixed_none,648f2c5901286f75,False,False
IWM,1Hour,donchian_breakout,0.5103505679592637,0.09530144534583834,-0.4532918615617255,3.244760588104592e-11,737,271,IWM_1Hour_donchian_breakout_xgb_oof_fixed_none,c7f1d8bc71b267ab,False,False
AMZN,5Min,wavelet_trend,0.5122222483286578,0.16169071144980462,-0.3214624442148459,2.9780578945308005e-11,737,5268,AMZN_5Min_wavelet_trend_xgb_oof_fixed_none,a0730fb9f6918e8d,False,False
UNH,30Min,donchian_breakout,0.4915667489656579,0.14329287798990265,-0.35152860647606743,2.8848404995423888e-11,737,108,UNH_30Min_donchian_breakout_xgb_oof_fixed_none,a15498f282d9179e,False,False
JPM,15Min,ml_xgb,0.5007820042838094,0.13540309643592635,-0.36520566237847746,2.7643892982768128e-11,737,1783,JPM_15Min_ml_xgb_xgb_oof_fixed_none,3953d414e865a9db,False,False
SPY,5Min,ml_xgb,0.5198251793443064,0.16240215721983364,-0.31961742634404067,2.7339963098580685e-11,737,3088,SPY_5Min_ml_xgb_xgb_oof_fixed_none,03674f0d75bdb2f1,False,False
XLE,15Min,sma_cross,0.5113024344663549,0.1421426802116445,-0.3529750361408989,2.7202069977408434e-11,737,352,XLE_15Min_sma_cross_xgb_oof_fixed_none,d31edb6ece39cfa2,False,False
GLD,1Hour,wavelet_trend,0.4882883019096146,0.11789128486697481,-0.39795214877097407,2.4312430986159577e-11,737,105,GLD_1Hour_wavelet_trend_xgb_oof_fixed_none,65befd3b6f525cb8,False,False
JPM,5Min,wavelet_trend,0.5088276334765148,0.2062117432327092,-0.2574402918163834,2.365418392936222e-11,737,572,JPM_5Min_wavelet_trend_xgb_oof_fixed_none,b5a0cac56cbd978e,False,False
AAPL,5Min,bollinger_mr,0.5137893031523564,0.1367477902764233,-0.3572129239710317,1.561521015274714e-11,737,2763,AAPL_5Min_bollinger_mr_xgb_oof_fixed_none,512e7bb74dfafb1b,False,False
XLE,30Min,sma_cross,0.5095325061803126,0.09987597124653474,-0.4311177281921415,1.343704936724999e-11,737,534,XLE_30Min_sma_cross_xgb_oof_fixed_none,723acecdde540154,False,False
XLE,30Min,wavelet_trend,0.5007601615961744,0.21039154278150174,-0.2484339373393377,1.3029462319363875e-11,737,112,XLE_30Min_wavelet_trend_xgb_oof_fixed_none,92e9e6d5123d5ba7,False,False
UNH,15Min,wavelet_trend,0.49574682962494365,0.13034470202663428,-0.36678975574962963,1.2606260899769384e-11,737,34,UNH_15Min_wavelet_trend_xgb_oof_fixed_none,0d5775ff053d068d,False,False
AAPL,1Hour,bollinger_mr,0.49204254544600495,0.08405119654322729,-0.47080248026787497,1.2410088023184294e-11,737,120,AAPL_1Hour_bollinger_mr_xgb_oof_fixed_none,ade12431b73a04f8,False,False
IWM,30Min,ml_xgb,0.5081807413987748,0.08919452040975301,-0.45676090735477454,1.231554063679337e-11,737,1192,IWM_30Min_ml_xgb_xgb_oof_fixed_none,2c94ab91338f4fa6,False,False
XLV,15Min,ml_xgb,0.5080405308709487,0.15323072845622632,-0.32590390314142936,1.0470471018135333e-11,737,479,XLV_15Min_ml_xgb_xgb_oof_fixed_none,97e67910a62eb5ca,False,False
GLD,1Hour,sma_cross,0.49600845899505924,0.07029955212662103,-0.5092805307186207,9.878097783107603e-12,737,380,GLD_1Hour_sma_cross_xgb_oof_fixed_none,7179017068f49128,False,False
AMZN,5Min,donchian_breakout,0.5136023267049423,0.1224407293334141,-0.3792480017257901,9.745688151598314e-12,737,5091,AMZN_5Min_donchian_breakout_xgb_oof_fixed_none,9469c2d2cb41941f,False,False
UNH,5Min,ml_xgb,0.5010948823673105,0.16399361764099485,-0.3082398815831619,9.15160355544967e-12,737,1203,UNH_5Min_ml_xgb_xgb_oof_fixed_none,e0e8a6a7b63327ca,False,False
AMZN,5Min,ml_xgb,0.5054408187967425,0.11984702012615539,-0.3836525000056099,9.104064182768555e-12,737,7903,AMZN_5Min_ml_xgb_xgb_oof_fixed_none,be5e7855120f0da5,False,False
SPY,1Hour,sma_cross,0.5017809167573161,0.053680248146635814,-0.5694261988380052,8.746931626794921e-12,737,946,SPY_1Hour_sma_cross_xgb_oof_fixed_none,17e05bc5b969d192,False,False
AAPL,30Min,donchian_breakout,0.49778272693124703,0.07996128177052342,-0.47732044271158763,8.39849110560066e-12,737,1175,AAPL_30Min_donchian_breakout_xgb_oof_fixed_none,5561ec71025a284e,False,False
AMZN,1Hour,sma_cross,0.5165909591134972,0.05912280071129279,-0.5456352897417076,7.838961483492921e-12,737,566,AMZN_1Hour_sma_cross_xgb_oof_fixed_none,7f6df5b6141c9b94,False,False
UNH,5Min,bollinger_mr,0.5069985157355735,0.1307260379297231,-0.3613028313494309,7.62122519482464e-12,737,981,UNH_5Min_bollinger_mr_xgb_oof_fixed_none,93da59ec714baeb3,False,False
JPM,5Min,ml_xgb,0.5006973284032271,0.10961849533230639,-0.4027449174471776,7.551682472989706e-12,737,3173,JPM_5Min_ml_xgb_xgb_oof_fixed_none,b0b75e9aba73006e,False,False
IWM,1Hour,bollinger_mr,0.5039183620850183,0.06913903212648131,-0.5089371290183027,7.349884508057696e-12,737,274,IWM_1Hour_bollinger_mr_xgb_oof_fixed_none,611f0dad96f6cfc1,False,False
META,15Min,sma_cross,0.4958311893976137,0.12975365694097651,-0.36115927210752496,6.203426793220737e-12,737,155,META_15Min_sma_cross_xgb_oof_fixed_none,070a4fe5c92b51ae,False,False
DIA,30Min,wavelet_trend,0.4877826201650931,0.12275402392780316,-0.37408455432604726,6.120287219201814e-12,737,45,DIA_30Min_wavelet_trend_xgb_oof_fixed_none,eb8170dac08541b4,False,False
XLF,1Hour,bollinger_mr,0.4911334831006783,0.08508993121084468,-0.45877145039968165,6.000887534047378e-12,737,508,XLF_1Hour_bollinger_mr_xgb_oof_fixed_none,5af1f86df77cc9f1,False,False
SPY,15Min,ml_xgb,0.49815803767094524,0.09550481468386868,-0.4317320125326519,5.739724516037736e-12,737,1307,SPY_15Min_ml_xgb_xgb_oof_fixed_none,df22ae0e763e0c8e,False,False
AMZN,5Min,sma_cross,0.5130227356723108,0.11374823659213529,-0.39063013311194184,5.389261232904217e-12,737,10128,AMZN_5Min_sma_cross_xgb_oof_fixed_none,121439e9ccb00cb3,False,False
XOM,30Min,ml_xgb,0.502495597395405,0.0892088487746015,-0.44628422414785723,5.223046946233342e-12,737,482,XOM_30Min_ml_xgb_xgb_oof_fixed_none,745602fc717e9157,False,False
GOOGL,5Min,bollinger_mr,0.5073584415809487,0.0938348358984416,-0.4339904057223396,4.903684373639659e-12,737,1794,GOOGL_5Min_bollinger_mr_xgb_oof_fixed_none,7d8ffd0211d0e062,False,False
META,30Min,bollinger_mr,0.49652451261891795,0.08131670869961027,-0.4660912599929175,4.695514698042131e-12,737,320,META_30Min_bollinger_mr_xgb_oof_fixed_none,4a6e6e2e7d310eea,False,False
META,5Min,sma_cross,0.49618078910052865,0.06725481229885642,-0.5089691701391359,4.689801156858329e-12,737,329,META_5Min_sma_cross_xgb_oof_fixed_none,871d8b567ec8b0c4,False,False
XLK,5Min,sma_cross,0.5167642752873052,0.10529056116012658,-0.406320185913158,4.366345679471518e-12,737,2074,XLK_5Min_sma_cross_xgb_oof_fixed_none,3b2532fdf0423c13,False,False
UNH,15Min,ml_xgb,0.5060189371263348,0.0954808162879926,-0.4283296535442459,4.2198810889830975e-12,737,738,UNH_15Min_ml_xgb_xgb_oof_fixed_none,5b80e44625ded5b7,False,False
XLV,1Hour,bollinger_mr,0.4798699599121647,0.06753445098544322,-0.5065579204406004,4.209432268405409e-12,737,79,XLV_1Hour_bollinger_mr_xgb_oof_fixed_none,6293df33aded91c2,False,False
IWM,5Min,wavelet_trend,0.5047439632216153,0.11952356705043238,-0.3755609566445053,3.7292519270978544e-12,737,473,IWM_5Min_wavelet_trend_xgb_oof_fixed_none,4526bd661b3aab52,False,False
JPM,30Min,sma_cross,0.506966172688895,0.06471756697464043,-0.5141649281124989,3.6581258631742155e-12,737,1542,JPM_30Min_sma_cross_xgb_oof_fixed_none,02a449f2248b0016,False,False
XLF,15Min,sma_cross,0.5097342584124323,0.1277537554353727,-0.3596538613250663,3.5303532112798545e-12,737,147,XLF_15Min_sma_cross_xgb_oof_fixed_none,57373743b2f673fa,False,False
SPY,1Hour,bollinger_mr,0.5056369389429274,0.08172608975235318,-0.45865054876442896,2.788940825712705e-12,737,95,SPY_1Hour_bollinger_mr_xgb_oof_fixed_none,f9fd6de13c76c269,False,False
TLT,30Min,donchian_breakout,0.49173401218681345,0.10499748636025885,-0.39974775433471316,2.1565660894698278e-12,737,171,TLT_30Min_donchian_breakout_xgb_oof_fixed_none,c209d46ab9e296cc,False,False
XLF,30Min,ml_xgb,0.49117024948169136,0.07119769823193337,-0.48566037973832876,2.0888834566049046e-12,737,573,XLF_30Min_ml_xgb_xgb_oof_fixed_none,cabb769268d112ab,False,False
SPY,5Min,donchian_breakout,0.5312633114824246,0.09361973590155037,-0.4250573639058446,2.082397930883394e-12,737,2966,SPY_5Min_donchian_breakout_xgb_oof_fixed_none,b9fedba0084cc6f7,False,False
XLK,1Hour,sma_cross,0.4987639581357307,0.04261290237338181,-0.5960632203454236,1.8964559706400775e-12,737,1251,XLK_1Hour_sma_cross_xgb_oof_fixed_none,66a6abb6baaf8b3c,False,False
MSFT,5Min,wavelet_trend,0.5097280162034727,0.08235079398487738,-0.45137618308018806,1.726071682790375e-12,737,2055,MSFT_5Min_wavelet_trend_xgb_oof_fixed_none,abf1c1deb05943e0,False,False
TLT,15Min,ml_xgb,0.5020276700798001,0.020039823977644363,-0.7513159129129612,1.3172366308688875e-12,737,725,TLT_15Min_ml_xgb_xgb_oof_fixed_none,ca3dadf1460098f1,False,False
GLD,1Hour,bollinger_mr,0.495263141892919,0.04643940009836054,-0.5688464381430566,1.075408958756495e-12,737,152,GLD_1Hour_bollinger_mr_xgb_oof_fixed_none,f586214381288b6c,False,False
GLD,30Min,bollinger_mr,0.4973093969869221,0.06066604105325684,-0.5109141105174714,9.995059765030116e-13,737,55,GLD_30Min_bollinger_mr_xgb_oof_fixed_none,4001116d50fe2157,False,False
DIA,5Min,sma_cross,0.5190331151383515,0.09856479060017187,-0.40502655365375445,8.918050795803848e-13,737,339,DIA_5Min_sma_cross_xgb_oof_fixed_none,ee315847d10ac60a,False,False
XLV,30Min,wavelet_trend,0.48835555240023065,0.050895082406683605,-0.5438173098399962,7.249355850051285e-13,737,137,XLV_30Min_wavelet_trend_xgb_oof_fixed_none,1ea3a39f24b7e949,False,False
AMZN,5Min,bollinger_mr,0.5135058313340214,0.0619588747958758,-0.5020749434990867,7.104232713389561e-13,737,2361,AMZN_5Min_bollinger_mr_xgb_oof_fixed_none,77e0dcbf200777cd,False,False
UNH,1Hour,ml_xgb,0.5047947855675617,0.03450549137638163,-0.6214284086554523,5.732273308063375e-13,737,355,UNH_1Hour_ml_xgb_xgb_oof_fixed_none,61c8f042492fb4f4,False,False
GOOGL,1Hour,wavelet_trend,0.5027754425575865,0.014545906736366142,-0.7949790410177199,4.4011821136001665e-13,737,99,GOOGL_1Hour_wavelet_trend_xgb_oof_fixed_none,fbc2591c641997f4,False,False
MSFT,15Min,donchian_breakout,0.5085767283300747,0.05751339310006783,-0.5109894323291838,4.172279929446804e-13,737,739,MSFT_15Min_donchian_breakout_xgb_oof_fixed_none,1c42852b8364acfc,False,False
NVDA,1Hour,bollinger_mr,0.4823524912000411,0.046811666064825674,-0.5506686993900511,3.3754510508957426e-13,737,97,NVDA_1Hour_bollinger_mr_xgb_oof_fixed_none,492e1b4e28d548c7,False,False
GOOGL,5Min,sma_cross,0.5058988310899295,0.050180301686577125,-0.5357002000268235,3.198244476587514e-13,737,3864,GOOGL_5Min_sma_cross_xgb_oof_fixed_none,9ebe3ca5fd6739c7,False,False
GLD,5Min,sma_cross,0.5229440784984161,0.03329149345280689,-0.6114641100095763,1.9100840793101331e-13,737,584,GLD_5Min_sma_cross_xgb_oof_fixed_none,1a8dd920714368f0,False,False
MSFT,5Min,sma_cross,0.5117231965404426,0.06326986068000898,-0.48169686657219113,1.8528533344224881e-13,737,542,MSFT_5Min_sma_cross_xgb_oof_fixed_none,70019c6f5c25469f,False,False
XLE,30Min,ml_xgb,0.4948719709213947,0.0239770981625343,-0.6737871186832609,1.5752907772495935e-13,737,677,XLE_30Min_ml_xgb_xgb_oof_fixed_none,9096bcb2e0436193,False,False
XLV,30Min,donchian_breakout,0.47743685212137554,0.028694065495705866,-0.6375779751924854,1.5242589734567732e-13,737,160,XLV_30Min_donchian_breakout_xgb_oof_fixed_none,1ae162a5815489fa,False,False
DIA,5Min,donchian_breakout,0.5305899510868942,0.038035287086742184,-0.5811911865911251,1.4869696685639842e-13,737,1179,DIA_5Min_donchian_breakout_xgb_oof_fixed_none,d190607cc7c7fbee,False,False
MSFT,30Min,ml_xgb,0.5006323028510175,0.025088251743808753,-0.6637831848124234,1.4837616085830955e-13,737,1741,MSFT_30Min_ml_xgb_xgb_oof_fixed_none,5effcd11a9a51a76,False,False
SPY,30Min,bollinger_mr,0.5275397994915386,0.05062707691953047,-0.5236401914172901,1.434890004729732e-13,737,297,SPY_30Min_bollinger_mr_xgb_oof_fixed_none,36e855958b31f065,False,False
XLF,5Min,wavelet_trend,0.5156766986096012,0.05852207214551864,-0.49448250581746084,1.426849169002199e-13,737,557,XLF_5Min_wavelet_trend_xgb_oof_fixed_none,7a67412cbdb6bbed,False,False
IWM,5Min,donchian_breakout,0.5013235738554499,0.0428527401468159,-0.5542479167074668,1.1721342511737662e-13,737,505,IWM_5Min_donchian_breakout_xgb_oof_fixed_none,fedd7eb7542345d6,False,False
XOM,5Min,wavelet_trend,0.5066261742988224,0.10692891702599822,-0.36712039127298346,8.650675073528956e-14,737,255,XOM_5Min_wavelet_trend_xgb_oof_fixed_none,dde226682a72611e,False,False
TLT,1Hour,sma_cross,0.5155642605465235,0.018916181347354087,-0.7048939381507648,6.500670746351577e-14,737,370,TLT_1Hour_sma_cross_xgb_oof_fixed_none,76856fb5f8fe7c6b,False,False
MSFT,5Min,donchian_breakout,0.5068829313633587,0.026462885214871622,-0.636787430963537,5.2655755886599314e-14,737,1603,MSFT_5Min_donchian_breakout_xgb_oof_fixed_none,dbb7faab4d13c561,False,False
XOM,5Min,bollinger_mr,0.5037316499871043,0.09731011328704703,-0.3821660361370212,5.1636352846586454e-14,737,351,XOM_5Min_bollinger_mr_xgb_oof_fixed_none,2706d1d73817d83b,False,False
AAPL,5Min,ml_xgb,0.5043645874179544,0.03872122267729224,-0.5627026277351074,4.9476027490140564e-14,737,4059,AAPL_5Min_ml_xgb_xgb_oof_fixed_none,0c8d4a2e3de80f98,False,False
DIA,15Min,sma_cross,0.5041648737168215,0.03410134773013951,-0.5855779988927431,4.4094594213574975e-14,737,180,DIA_15Min_sma_cross_xgb_oof_fixed_none,a4cc1cfc246ee455,False,False
AAPL,15Min,bollinger_mr,0.5189999258757857,0.023330261754051774,-0.6556149888297139,3.7568313813382355e-14,737,1873,AAPL_15Min_bollinger_mr_xgb_oof_fixed_none,ba1516f73d6c4500,False,False
GLD,5Min,ml_xgb,0.5202008574355469,0.031267760031751475,-0.5998279232687254,3.729758142507657e-14,737,526,GLD_5Min_ml_xgb_xgb_oof_fixed_none,da36948dd1d50c33,False,False
IWM,15Min,donchian_breakout,0.5052534961127356,0.02434766571492005,-0.6440196867008543,2.993073709227233e-14,737,986,IWM_15Min_donchian_breakout_xgb_oof_fixed_none,b0490d41ea9e07e6,False,False
JPM,15Min,sma_cross,0.4911930022762737,0.05490828759036619,-0.488050649844186,2.616595869879342e-14,737,145,JPM_15Min_sma_cross_xgb_oof_fixed_none,57bac5bd9659d7c4,False,False
IWM,30Min,wavelet_trend,0.49114962127802714,0.02160710572959406,-0.6627884032078714,2.359111995064303e-14,737,537,IWM_30Min_wavelet_trend_xgb_oof_fixed_none,7c2b2a226ac5e200,False,False
XLF,1Hour,sma_cross,0.48660791694264494,0.02437626954619091,-0.6377191019724253,1.9972714807415825e-14,737,97,XLF_1Hour_sma_cross_xgb_oof_fixed_none,7c0250bef697cd20,False,False
XLE,5Min,ml_xgb,0.4962690108363985,0.02516031259103508,-0.6309128041877587,1.8777757176917605e-14,737,890,XLE_5Min_ml_xgb_xgb_oof_fixed_none,6777774342568510,False,False
XLV,15Min,donchian_breakout,0.5042166369507597,0.06975926534373862,-0.43806884113433875,1.7368757444805374e-14,737,426,XLV_15Min_donchian_breakout_xgb_oof_fixed_none,5104631955cfd847,False,False
XLV,5Min,wavelet_trend,0.5153847546469976,0.02839041727394822,-0.605314793455512,1.5016807695652076e-14,737,2434,XLV_5Min_wavelet_trend_xgb_oof_fixed_none,fc8d2f3d56cac0dc,False,False
META,5Min,donchian_breakout,0.5029150581073348,0.022453698532067277,-0.6422314531809153,9.695188130983461e-15,737,719,META_5Min_donchian_breakout_xgb_oof_fixed_none,a2159eca00ecf99e,False,False
META,5Min,wavelet_trend,0.5022845628187196,0.025263482498635005,-0.610019451229885,4.436293695938204e-15,737,784,META_5Min_wavelet_trend_xgb_oof_fixed_none,c28f4796f903e843,False,False
TLT,15Min,wavelet_trend,0.49739170760498624,0.011700784631500115,-0.745746957536901,4.062861120740732e-15,737,281,TLT_15Min_wavelet_trend_xgb_oof_fixed_none,51bd4ebc701bd03e,False,False
DIA,15Min,ml_xgb,0.5034566569590861,0.030938277877223683,-0.5722152383201443,3.920252445705854e-15,737,672,DIA_15Min_ml_xgb_xgb_oof_fixed_none,3e4807fe41edd3b2,False,False
IWM,15Min,wavelet_trend,0.5017916127933364,0.013560459323694972,-0.7154609500634835,3.167215032694471e-15,737,635,IWM_15Min_wavelet_trend_xgb_oof_fixed_none,50bb2f16ddd0eabc,False,False
XLE,5Min,donchian_breakout,0.508365351317902,0.014039026292167113,-0.7029115176338918,2.1080478191434694e-15,737,713,XLE_5Min_donchian_breakout_xgb_oof_fixed_none,f7a7947212acf9aa,False,False
QQQ,5Min,ml_xgb,0.5192023112648683,0.011734492971936232,-0.7334946754445133,2.0207238751759005e-15,737,4531,QQQ_5Min_ml_xgb_xgb_oof_fixed_none,547c67b4961bcda4,False,False
GLD,5Min,bollinger_mr,0.5208105605445661,0.02602828053719576,-0.5942614439255581,1.9763684548554437e-15,737,193,GLD_5Min_bollinger_mr_xgb_oof_fixed_none,749db56894c93370,False,False
GLD,15Min,bollinger_mr,0.49321127775081,0.01394059076592388,-0.692886392454181,1.010286463166014e-15,737,207,GLD_15Min_bollinger_mr_xgb_oof_fixed_none,b12325ca095b97e0,False,False
XLF,15Min,ml_xgb,0.5073845536562003,0.0142899711836933,-0.6882731857980088,9.844947124947841e-16,737,1198,XLF_15Min_ml_xgb_xgb_oof_fixed_none,83fad6452302985e,False,False
XLF,30Min,bollinger_mr,0.48717398903469417,0.006067652427451471,-0.8153285894062884,3.422805020286625e-16,737,564,XLF_30Min_bollinger_mr_xgb_oof_fixed_none,40f5a1859a84204a,False,False
DIA,1Hour,sma_cross,0.4731513568130076,0.0022408861024123617,-0.9765749178979148,2.597919637531058e-16,737,526,DIA_1Hour_sma_cross_xgb_oof_fixed_none,583b9d7dadd5604c,False,False
XOM,15Min,sma_cross,0.4923259271370029,0.15401584659567852,-0.25838866139640587,1.7307176163605228e-16,737,52,XOM_15Min_sma_cross_xgb_oof_fixed_none,78c3bdaac5146720,False,False
AAPL,30Min,sma_cross,0.4983707643017804,0.0015590686556481571,-0.9888393487292031,3.0475813379418433e-17,737,3053,AAPL_30Min_sma_cross_xgb_oof_fixed_none,fb5ec0cfcc395bb5,False,False
DIA,5Min,bollinger_mr,0.5175794766544981,0.031709670232666444,-0.5116950333163812,1.9036906134847385e-17,737,439,DIA_5Min_bollinger_mr_xgb_oof_fixed_none,ecdc1834547f5cb0,False,False
TLT,30Min,sma_cross,0.4960404745819128,0.003850496012408515,-0.8364520660367282,1.7526066173255538e-17,737,1126,TLT_30Min_sma_cross_xgb_oof_fixed_none,db77075759a4c79f,False,False
DIA,5Min,wavelet_trend,0.5297484379416257,0.006920751382987168,-0.7340037532082755,7.472954186287476e-18,737,1014,DIA_5Min_wavelet_trend_xgb_oof_fixed_none,f6ff38374a4da322,False,False
QQQ,5Min,sma_cross,0.5181915113587983,0.0012584466080207588,-0.9826591782099231,4.607807415908529e-18,737,3097,QQQ_5Min_sma_cross_xgb_oof_fixed_none,18d60a40ad2321e8,False,False
IWM,30Min,donchian_breakout,0.47990378629572794,0.0007392136640232998,-1.0605285809277383,3.939916798918903e-18,737,973,IWM_30Min_donchian_breakout_xgb_oof_fixed_none,9fc1550ff18dc242,False,False
TLT,15Min,donchian_breakout,0.4998374863220254,0.0007433240394139488,-1.0216619198235273,6.65093696723924e-19,737,339,TLT_15Min_donchian_breakout_xgb_oof_fixed_none,a8fa14a0b43672cd,False,False
META,1Hour,bollinger_mr,0.4778024748495847,0.0017328769366428424,-0.8732523657667138,1.3721249679255699e-19,737,86,META_1Hour_bollinger_mr_xgb_oof_fixed_none,3371f8dceb78180d,False,False
META,15Min,wavelet_trend,0.4939652155101285,0.0008359180016793577,-0.9629819664885403,7.312688157729132e-20,737,192,META_15Min_wavelet_trend_xgb_oof_fixed_none,ee52076947cf16f6,False,False
XOM,30Min,bollinger_mr,0.49785366260628094,0.004398501395030329,-0.7312463153037265,4.474048244022608e-20,737,379,XOM_30Min_bollinger_mr_xgb_oof_fixed_none,5e84f6311745dd4b,False,False
DIA,5Min,ml_xgb,0.5224746802707222,0.0005496533813223691,-0.9672857531656787,3.705062554538413e-21,737,1892,DIA_5Min_ml_xgb_xgb_oof_fixed_none,e0c776f022cb6ebc,False,False
XLF,15Min,wavelet_trend,0.5081961343887029,0.009721309429714076,-0.5893803358682002,9.550413348838949e-22,737,106,XLF_15Min_wavelet_trend_xgb_oof_fixed_none,cb85f720bf0f3646,False,False
XLF,15Min,donchian_breakout,0.5108043885001481,0.0056863193709768434,-0.6380843946267735,1.411518008629475e-22,737,88,XLF_15Min_donchian_breakout_xgb_oof_fixed_none,f1df58a25c05e7b0,False,False
XOM,15Min,donchian_breakout,0.5111269427899848,0.006055018654849741,-0.6021303890006959,4.753288507569239e-24,737,97,XOM_15Min_donchian_breakout_xgb_oof_fixed_none,c8a1d986a7565a18,False,False
XOM,30Min,sma_cross,0.48893439790718884,0.0027208413539521717,-0.6467863790006146,2.4299643695948206e-26,737,187,XOM_30Min_sma_cross_xgb_oof_fixed_none,9098e6bd7dc46ca9,False,False
XOM,5Min,sma_cross,0.51154294118013,0.0001659240036274483,-0.8377171910835114,4.1785220051558676e-30,737,349,XOM_5Min_sma_cross_xgb_oof_fixed_none,184b5c882cd6a02a,False,False
GLD,30Min,donchian_breakout,0.49698383823177444,,0.0,,737,0,GLD_30Min_donchian_breakout_xgb_oof_fixed_none,c124eb56612b09b1,False,False
XLV,15Min,sma_cross,0.4983648581408414,,0.0,,737,0,XLV_15Min_sma_cross_xgb_oof_fixed_none,df94dab4b295c5f9,False,False
