symbol,timeframe,primary,model,arm,sizer,b3_psr,b3_cell_hash,has_row,status,psr,sharpe,beta,alpha_sr,top_days_share,label,cell_hash,passed,pbo,pwfo_dsr,n_trials,top_pick
AMZN,15Min,ml_xgb,catboost,default,linear,0.997562399524209,5fc0b46c483d1dec,True,ok,0.453618750003589,-0.0466399941706235,-0.005095257244209642,0.01286369335573429,inf,AMZN_15Min_ml_xgb_catboost_oof_linear_none_pwfo,1d158445369a8177,False,0.10854700854700855,0.004633722218844774,16,IS504_OOS10
NVDA,1Day,ml_xgb,logit_l2,cmda,ecdf,0.9967684914854431,c4ac9030947f8d3e,True,ok,0.9974999796942965,1.3895767296795283,0.3001883865658426,0.31740783441338616,0.4389735354234996,NVDA_1Day_ml_xgb_logit_l2_oof_ecdf_none_pwfo,68878e5a62b3d84e,False,0.6236208236208236,0.9279478338658185,8,IS1512_OOS5
QQQ,1Hour,donchian_breakout,xgb,default,ldp_sigmoid,0.9935985953160964,232810533c46ac0c,True,ok,0.8499750723651315,0.42099847975627874,-0.002866190622902109,0.48849031089885986,0.8240502560315952,QQQ_1Hour_donchian_breakout_xgb_oof_ldp_sigmoid_none_pwfo,70babc42461bd4e1,False,0.8242424242424242,0.6621012293640541,16,IS378_OOS10
GOOGL,1Day,bollinger_mr,rf_ldp_fast,cmda,linear,0.9919053801462706,8df4df259b94b03f,True,ok,0.8868739913373334,0.6867930495472311,0.023587960150131773,0.5544915208901482,0.9484740841404298,GOOGL_1Day_bollinger_mr_rf_ldp_fast_oof_linear_none_pwfo,37efa8fbfff4dfef,False,0.7706293706293706,0.6060263639008713,8,IS1512_OOS21
AMZN,1Hour,wavelet_trend,rf_ldp_fast,default,ldp_sigmoid,0.9912784570805363,de758978c8755120,True,ok,0.11578158457449472,-0.40128272996140185,-0.0007427258265668594,-0.3855935744581453,inf,AMZN_1Hour_wavelet_trend_rf_ldp_fast_oof_ldp_sigmoid_none_pwfo,2dfc205f85035126,False,0.5116550116550117,0.007687012970273918,16,IS252_OOS5
XLE,1Hour,donchian_breakout,catboost,default,ecdf,0.9881185860904684,29943329d4bd95d9,True,ok,0.8202317437506232,0.3514777085467433,-0.021067687593227562,0.39922120359198293,1.6491028003652635,XLE_1Hour_donchian_breakout_catboost_oof_ecdf_none_pwfo,d58cd5f713ed54c5,False,0.6793317793317794,0.3860361349929416,16,IS378_OOS10
XLK,1Hour,donchian_breakout,catboost,default,fixed,0.9751021463699283,6d3edb2578494b1f,True,ok,0.5508412850063634,0.052192608928549676,0.03206549476280906,-0.01791780566610629,4.697419431030166,XLK_1Hour_donchian_breakout_catboost_oof_fixed_none_pwfo,8c2422da6db5348e,False,0.23395493395493394,0.23715104537989,16,IS378_OOS63
GLD,1Day,bollinger_mr,rf_ldp_fast,default,ldp_sigmoid,0.948276279399462,44ff240d228ebf35,True,ok,0.24766947430539815,-0.38742689338209874,0.005209411422099573,-0.5963688954211418,inf,GLD_1Day_bollinger_mr_rf_ldp_fast_oof_ldp_sigmoid_none_pwfo,a056324cbc4f0665,False,0.3911421911421911,0.0458208204573342,8,IS1512_OOS5
XLK,30Min,donchian_breakout,rf_ldp_fast,full_cmda,linear,0.9463317901800623,ce57c5bf2ec8a4e7,True,ok,0.8571042336991088,0.43818449357415484,0.003511451212893766,0.367202920077008,0.6595377377393669,XLK_30Min_donchian_breakout_rf_ldp_fast_oof_linear_none_pwfo,68172a9f91bf9586,False,0.7025641025641025,0.5797754144066417,16,IS756_OOS10
MSFT,1Hour,donchian_breakout,rf_ldp_fast,cmda,fixed,0.9362513808734325,7e107dcc726d9195,True,ok,0.2622386393338892,-0.2589598749419264,0.007979932719228838,-0.2773910876763964,inf,MSFT_1Hour_donchian_breakout_rf_ldp_fast_oof_fixed_none_pwfo,3f45d22d834c7810,False,0.5154623154623155,0.08495415768499376,16,IS252_OOS21
QQQ,30Min,donchian_breakout,rf_ldp_fast,default,fixed,0.9081638573081099,bd45a524788e01f4,True,ok,0.5030857703154291,0.003161143171497861,0.0011239832289748773,0.001058467606446288,70.00360803516881,QQQ_30Min_donchian_breakout_rf_ldp_fast_oof_fixed_none_pwfo,0b9348c5fe0b35d5,False,0.11717171717171718,0.18767296224699714,16,IS756_OOS5
SPY,30Min,donchian_breakout,rf_ldp_fast,default,fixed,0.8249919902289546,12cbaab369086c28,True,ok,0.5718350826314024,0.07363343145084704,0.025425779724584693,0.029565131805818174,5.546340330747815,SPY_30Min_donchian_breakout_rf_ldp_fast_oof_fixed_none_pwfo,cf66d9e959a00370,False,0.08438228438228439,0.057126581045280574,16,IS378_OOS21
XLE,1Day,ml_xgb,catboost,cmda,fixed,0.8121898473219605,fa66e37877ecdf0c,True,ok,0.25862779900480704,-0.37478567546114283,0.1193342969505018,-0.481055200928494,inf,XLE_1Day_ml_xgb_catboost_oof_fixed_none_pwfo,906620a7171b0b61,False,0.25602175602175603,0.01682440589244189,8,IS1260_OOS10
SPY,1Day,wavelet_trend,logit_l2,full,fixed,0.8037209476465985,bd697d1e2180d3cb,True,ok,0.9756660272981099,1.1266503263543117,0.037990899570637365,1.071128855853052,0.40982203249597654,SPY_1Day_wavelet_trend_logit_l2_oof_fixed_none_pwfo,a52bf71cec3e9215,False,0.7875679875679875,0.9602649765552604,8,IS1260_OOS63
