cell,oos_from,SR,DSR,n_obs,skew,kurt,trades,long%,in_mkt%,beta,BH_SR,alpha_SR
NVDA 1Day ml_xgb,2022-01-13,0.93,0.04,931,1.4,21.34,124,97,53,0.41,0.94,0.46
XLE 1Day ml_xgb,2022-01-07,0.5,0.01,935,0.04,8.09,175,49,64,0.11,0.54,0.43
QQQ 15Min bollinger_mr,2016-09-01,1.1,0.0,2280,6.95,115.08,915,70,23,-0.02,0.83,1.18
GLD 1Day bollinger_mr,2022-01-06,0.43,0.0,936,0.44,7.15,129,40,55,-0.14,1.31,0.72
QQQ 1Day ml_xgb,2022-01-12,0.39,0.0,932,0.16,7.49,208,67,67,0.19,0.53,0.27
SPY 1Day wavelet_trend,2022-01-05,0.38,0.0,937,0.12,7.55,219,58,78,-0.14,0.58,0.49
JPM 1Day ml_xgb,2022-01-10,0.32,0.0,933,0.67,11.79,103,62,47,0.07,0.79,0.24
MSFT 1Day bollinger_mr,2022-01-13,0.28,0.0,931,0.62,11.25,143,72,53,0.22,0.52,0.14
XLV 1Day wavelet_trend,2022-01-06,0.27,0.0,936,0.22,6.54,155,67,60,0.13,0.14,0.25
XLK 1Day bollinger_mr,2022-01-05,0.22,0.0,937,-0.01,20.94,33,61,18,0.1,0.53,0.09
SPY 1Day ml_xgb,2022-01-05,0.2,0.0,937,-0.52,7.24,149,99,58,0.54,0.58,-0.32
AAPL 1Day bollinger_mr,2022-01-18,0.14,0.0,929,0.13,29.47,25,80,16,0.07,0.38,0.06
GOOGL 1Day bollinger_mr,2022-01-12,0.08,0.0,932,0.55,9.47,174,52,66,-0.01,0.46,0.08
GOOGL 1Day wavelet_trend,2022-01-12,0.06,0.0,932,0.61,14.68,90,70,45,0.08,0.46,0.0
QQQ 1Day bollinger_mr,2022-01-12,0.05,0.0,932,-0.16,14.95,55,67,25,0.16,0.53,-0.12
AMZN 1Day ml_xgb,2022-01-11,0.04,0.0,933,0.39,8.83,212,61,76,0.07,0.22,0.02
AAPL 1Day sma_cross,2022-01-18,0.02,0.0,929,-0.29,11.13,152,67,59,0.05,0.38,-0.01
XLK 30Min wavelet_trend,2017-01-03,0.58,0.0,2198,-0.39,9.92,2758,59,67,0.03,0.85,0.51
AMZN 15Min ml_xgb,2016-09-01,0.6,0.0,2280,0.45,7.65,6433,54,78,-0.04,0.58,0.65
XLE 1Hour donchian_breakout,2017-07-05,0.53,0.0,2072,1.37,28.64,1045,51,42,-0.0,0.25,0.53
