symbol,timeframe,primary,model,n_models,meta_auc,psr,sharpe,beta,alpha_sr,top_days_share,label,cell_hash,a_cell_hash,auc_xgb,auc_logit_l2,auc_rf_ldp_fast,auc_catboost,passed
SPY,1Day,wavelet_trend,logit_l2,4,0.576865772721116,0.9867970579926102,1.1308885920099212,0.13246762478632643,1.0180598686029814,0.3442652742659502,SPY_1Day_wavelet_trend_logit_l2_oof_fixed_none,28459d696d58d8dd,27a465facf38fabf,0.5310849248273061,0.576865772721116,0.5686035486929433,0.5457808478938101,True
GOOGL,1Day,bollinger_mr,rf_ldp_fast,4,0.6227941176470588,0.9772947234968528,1.0246516689919658,0.2003449994455014,0.8931058426511721,0.450762404680924,GOOGL_1Day_bollinger_mr_rf_ldp_fast_oof_fixed_none,aed64625688c6dc7,1c6d95b86451b62c,0.5252100840336135,0.5315826330532213,0.6227941176470588,0.5063025210084033,True
XLK,1Hour,donchian_breakout,catboost,4,0.5425704137797333,0.9751021463699283,0.6808751335395969,0.029861436875534993,0.5915622651851421,0.3459581889833762,XLK_1Hour_donchian_breakout_catboost_oof_fixed_none,6d3edb2578494b1f,6679a97756be43e6,0.5324163632225762,0.513774570542322,0.536906650904432,0.5425704137797333,True
XLE,1Hour,donchian_breakout,catboost,4,0.5424052500026819,0.9676574044015335,0.626868250028719,0.013290770374163935,0.6105697918783115,0.47912680117654316,XLE_1Hour_donchian_breakout_catboost_oof_fixed_none,7b1849be1fb95f94,f9de018835d8840a,0.5406239607805275,0.5034263401237945,0.5263934927428957,0.5424052500026819,True
AMZN,30Min,wavelet_trend,xgb,4,0.5274236017142284,0.9189763297161768,0.47614218386957174,0.005195299903415504,0.46699551387941285,0.3054017047605569,AMZN_30Min_wavelet_trend_xgb_oof_fixed_none,128f3362fcb5d694,128f3362fcb5d694,0.5274236017142284,0.5207659276124598,0.5170022050034593,0.5177847999106906,True
AMZN,1Hour,bollinger_mr,rf_ldp_fast,4,0.5291755767371185,0.9158202503944803,0.4764344807468747,0.049988498190616466,0.34597199806205836,0.5951750454883982,AMZN_1Hour_bollinger_mr_rf_ldp_fast_oof_fixed_none,a35af444a9522f9c,344538616373671b,0.5262812543168947,0.5183693880370217,0.5291755767371185,0.5251764055808814,True
QQQ,1Hour,donchian_breakout,xgb,4,0.5331492546018006,0.9128341127531742,0.47470321107247965,0.004989814649665781,0.4617008479056844,0.443626324819728,QQQ_1Hour_donchian_breakout_xgb_oof_fixed_none,a7e19d1408b3b1e2,a7e19d1408b3b1e2,0.5331492546018006,0.5270514790317163,0.5331321606190838,0.5290356379373797,True
QQQ,30Min,donchian_breakout,rf_ldp_fast,4,0.5396905264318017,0.9081638573081099,0.4550460003127404,0.02850775079504493,0.3968803363644212,0.41420996391660425,QQQ_30Min_donchian_breakout_rf_ldp_fast_oof_fixed_none,bd45a524788e01f4,8f404d9d72898c9b,0.5355662353339332,0.5293595564088287,0.5396905264318017,0.5323456661119698,True
AMZN,30Min,bollinger_mr,xgb,4,0.5290130281511702,0.898783386340541,0.4150780121358267,0.003339192205519424,0.40181992417486356,0.9242393701950407,AMZN_30Min_bollinger_mr_xgb_oof_fixed_none,6923a135e309d77d,6923a135e309d77d,0.5290130281511702,0.526267359388684,0.5215560835748796,0.5255100664290817,True
AMZN,30Min,donchian_breakout,xgb,4,0.519240333222263,0.8933862501291893,0.4245233729401645,0.025103873734326612,0.3805295470135434,0.34880238486477044,AMZN_30Min_donchian_breakout_xgb_oof_fixed_none,f7297af2be350d8f,f7297af2be350d8f,0.519240333222263,0.5167721123394262,0.5128289035342397,0.5116027216062158,True
NVDA,1Day,ml_xgb,logit_l2,4,0.6317862817796609,0.8858470486351657,0.6459782945244618,0.3596823725227262,0.05799688937662131,0.5190922484855196,NVDA_1Day_ml_xgb_logit_l2_oof_fixed_none,d8368ea5f25bbd41,8f453ed603ad09d6,0.5876257944915253,0.6317862817796609,0.6081501588983051,0.5937168961864407,True
XLE,1Day,ml_xgb,catboost,4,0.5503940917271768,0.8823638174456017,0.6118773906714265,0.038854033997336085,0.5768946080794347,0.5953662157245684,XLE_1Day_ml_xgb_catboost_oof_fixed_none,af84ca0d709dddf9,91f686cb6bde2b92,0.5395643269409793,0.46713833550549244,0.5017997889902563,0.5503940917271768,True
MSFT,1Hour,donchian_breakout,rf_ldp_fast,4,0.5347884382786781,0.8739034890987889,0.4004489483641187,0.0668972012024972,0.20688514160615604,0.5412240265876825,MSFT_1Hour_donchian_breakout_rf_ldp_fast_oof_fixed_none,2fc4fe891b9ebfd1,b3242873db697fbb,0.5227669558574781,0.5285484985722342,0.5347884382786781,0.522489303122897,True
XLK,30Min,wavelet_trend,rf_ldp_fast,4,0.5302690597854537,0.8717047845994372,0.3866515453608175,0.06731083622907096,0.23451887286770745,0.4109800359154248,XLK_30Min_wavelet_trend_rf_ldp_fast_oof_fixed_none,69a5d48bb3dd3a73,49fd7b1912c53242,0.5210281429281294,0.5239372331125159,0.5302690597854537,0.5177013995732458,True
AAPL,1Day,sma_cross,logit_l2,4,0.6019039677576263,0.8681918715585515,0.5881068390571611,0.18241294234543862,0.4331506704041417,0.780755764894959,AAPL_1Day_sma_cross_logit_l2_oof_fixed_none,e2b884ed224d13ab,fdc6e3f0a9739c97,0.552428601209089,0.6019039677576263,0.5653880897783337,0.5212632895559725,True
AMZN,15Min,ml_xgb,catboost,4,0.5175838373169294,0.8660266418242707,0.36666222198974996,-0.04124013897327656,0.42913326573122784,0.5603024808904947,AMZN_15Min_ml_xgb_catboost_oof_fixed_none,404202bee349dfd5,10daa31f95ebd4af,0.5163381616762241,0.5079700460961257,0.5162294458806171,0.5175838373169294,True
SPY,30Min,donchian_breakout,rf_ldp_fast,4,0.5412443350263565,0.8249919902289546,0.31790199464576147,0.033510859751643335,0.25436568620870775,0.7139077400949524,SPY_30Min_donchian_breakout_rf_ldp_fast_oof_fixed_none,12cbaab369086c28,2d65538a262302ea,0.539103170378538,0.5266825407386988,0.5412443350263565,0.5396620105890517,True
QQQ,30Min,wavelet_trend,rf_ldp_fast,4,0.5392915847060438,0.8072142627844803,0.29570347781323164,0.02338447061525715,0.24880524121867026,0.6324364903810276,QQQ_30Min_wavelet_trend_rf_ldp_fast_oof_fixed_none,117b6f0f6cc568a2,2fb3dfed95dbcf9b,0.5369642192496912,0.5266021568986239,0.5392915847060438,0.5288779937287127,True
AMZN,1Hour,donchian_breakout,rf_ldp_fast,4,0.5410864783113009,0.7909592649155748,0.283307959835114,0.06436634769245239,0.15399982032603954,0.6446956602691564,AMZN_1Hour_donchian_breakout_rf_ldp_fast_oof_fixed_none,edb401c9209edbf9,44a24aec075470e7,0.52757200467492,0.5241553144170175,0.5410864783113009,0.5322491278586243,True
GLD,1Day,bollinger_mr,rf_ldp_fast,4,0.6165666666666667,0.790889560988579,0.4209788383552019,0.04999477177199266,0.3220737598354839,0.862137723907251,GLD_1Day_bollinger_mr_rf_ldp_fast_oof_fixed_none,593a973e2c98f5b3,cc932fae4bd3f3f8,0.5470666666666666,0.6100666666666668,0.6165666666666667,0.49093333333333333,True
XLK,30Min,donchian_breakout,rf_ldp_fast,4,0.5244209418769786,0.790744945978321,0.27437825913517516,0.04320765465474312,0.17988758179084682,0.8094061381618634,XLK_30Min_donchian_breakout_rf_ldp_fast_oof_fixed_none,62f053697c456d38,8170131461dbb73e,0.5159822034697654,0.5223075706992272,0.5244209418769786,0.5184313519703586,True
AMZN,1Hour,wavelet_trend,rf_ldp_fast,4,0.5421536279511093,0.7798706786009522,0.2699701131011905,0.0516952373254216,0.16444096797671695,0.7308949148245942,AMZN_1Hour_wavelet_trend_rf_ldp_fast_oof_fixed_none,f1ccaddfed907c7f,f0134fd225e48ad8,0.5375564930191654,0.5196666236873397,0.5421536279511093,0.5403672307978836,True
QQQ,1Day,ml_xgb,xgb,4,0.557467372568333,0.7718291887063488,0.38696865670252795,0.19090837360267893,0.2370054804014212,0.9869349828842009,QQQ_1Day_ml_xgb_xgb_oof_fixed_none,26dd16ef4275f74f,26dd16ef4275f74f,0.557467372568333,0.5491873922679142,0.5552203890667324,0.5397069687269146,True
GLD,15Min,wavelet_trend,catboost,4,0.5199034228117658,0.8791999815534262,0.36641493600398206,0.0014547367709018377,0.34852989698029746,1.3203382176282736,GLD_15Min_wavelet_trend_catboost_oof_fixed_none,9d7ef83937c7d305,76b63db11bc1d220,0.5191030974178252,0.5139435361722866,0.518420692529584,0.5199034228117658,False
AAPL,1Day,bollinger_mr,rf_ldp_fast,4,0.6121527777777778,0.8001381031697719,0.44014668099169657,0.26803309180987045,0.21028048117238538,1.1348145264575487,AAPL_1Day_bollinger_mr_rf_ldp_fast_oof_fixed_none,d8c947462879a0d1,692d01bf3f30f26a,0.5738888888888888,0.6047222222222223,0.6121527777777778,0.6069444444444444,False
QQQ,15Min,ml_xgb,rf_ldp_fast,4,0.5318791006545154,0.7940009643040489,0.2676745093438566,-0.006854621628811468,0.28056627493383823,1.0854763592748538,QQQ_15Min_ml_xgb_rf_ldp_fast_oof_fixed_none,b0540864b4a64eea,c03ae2e12266e83a,0.5237998699734234,0.5230114341153205,0.5318791006545154,0.5197126182495588,False
UNH,1Hour,bollinger_mr,xgb,4,0.5220546905101878,0.7406428210761389,0.22506755135773202,0.013284210000101472,0.2069937064569036,1.133171657269366,UNH_1Hour_bollinger_mr_xgb_oof_fixed_none,99d5f28dd26c342b,99d5f28dd26c342b,0.5220546905101878,0.4804350536025928,0.4858516919380794,0.5034071077264795,False
QQQ,1Hour,bollinger_mr,xgb,4,0.5487006121848149,0.703793006504015,0.1869520372441962,0.0596452293634225,-0.024497907765327648,1.684771337868235,QQQ_1Hour_bollinger_mr_xgb_oof_fixed_none,d5d27aa606a3321e,d5d27aa606a3321e,0.5487006121848149,0.5359095815877146,0.5474043606659875,0.5383513400584969,False
XLV,1Day,wavelet_trend,xgb,4,0.5965413943355121,0.7019714113634833,0.2747321768323434,0.13216351624317355,0.23792392403776716,1.2415554938803364,XLV_1Day_wavelet_trend_xgb_oof_fixed_none,a07dc16efe87aa1c,a07dc16efe87aa1c,0.5965413943355121,0.5691176470588235,0.5867919389978213,0.5822167755991285,False
XOM,30Min,donchian_breakout,logit_l2,4,0.5228266988876206,0.6935678952030093,0.1717478591071747,-0.015518779711063135,0.1891808294429723,2.1267976846645853,XOM_30Min_donchian_breakout_logit_l2_oof_fixed_none,cd4c78b7094d7246,8887435dda5be7fb,0.518908462339535,0.5228266988876206,0.5217789059562036,0.5185992285217748,False
XLE,1Hour,bollinger_mr,rf_ldp_fast,4,0.5239750688948027,0.6881954204759971,0.17119510760385023,0.08174185972373194,0.05612569526298057,2.0796743461263585,XLE_1Hour_bollinger_mr_rf_ldp_fast_oof_fixed_none,b3e02e80d3b83899,16093ee1c3293842,0.5224227862304978,0.48921140708767374,0.5239750688948027,0.5222148120601373,False
QQQ,1Hour,wavelet_trend,rf_ldp_fast,4,0.5256482633048434,0.6875374420732359,0.1701975406226224,0.051895388547815106,0.038096929171465684,1.490923628484335,QQQ_1Hour_wavelet_trend_rf_ldp_fast_oof_fixed_none,f0038155d6d5ef0c,dd5a0f5401dfbf1c,0.5219058755161525,0.5083720500010557,0.5256482633048434,0.5217985479867165,False
XLK,1Day,bollinger_mr,logit_l2,4,0.558284023668639,0.6380153922804828,0.18324233721673064,0.26353137144045435,-0.11028543375195532,2.0326087367218113,XLK_1Day_bollinger_mr_logit_l2_oof_fixed_none,eb039b09ab4e1720,10d935799d1f6308,0.5397041420118343,0.558284023668639,0.5426627218934912,0.5327810650887574,False
AAPL,15Min,wavelet_trend,rf_ldp_fast,4,0.5205564720225389,0.6216649394163628,0.10294781948220265,0.09836389299555628,-0.15903704074249325,2.222823854181779,AAPL_15Min_wavelet_trend_rf_ldp_fast_oof_fixed_none,b4b9302a7bf11ec1,ea86bde8432a94a6,0.520307479195512,0.512389383556737,0.5205564720225389,0.5178441711614433,False
MSFT,1Day,bollinger_mr,rf_ldp_fast,4,0.5362534394288688,0.6131783099505713,0.14998997553564042,0.21029491810953738,-0.03190492372348693,2.609587568639761,MSFT_1Day_bollinger_mr_rf_ldp_fast_oof_fixed_none,7f5d457766c27145,ab1e90b25b804d7f,0.519297984680598,0.5229791031456831,0.5362534394288688,0.5324607719193872,False
SPY,1Day,ml_xgb,rf_ldp_fast,4,0.5389935846030472,0.6007395270409052,0.13282449008091904,0.42162948348144974,-0.3798035486892595,2.1470717178691197,SPY_1Day_ml_xgb_rf_ldp_fast_oof_fixed_none,0571bb617d7d422d,2a882f4a2c70c459,0.5247928361400694,0.5357524726009089,0.5389935846030472,0.5177759957230688,False
GOOGL,1Day,wavelet_trend,rf_ldp_fast,4,0.567811490377862,0.5839307044306219,0.11011015275653384,0.26988178969315696,-0.16894528268311618,3.9253463484759576,GOOGL_1Day_wavelet_trend_rf_ldp_fast_oof_fixed_none,4f0d00ea2b323f0f,5d3e6ec2625e760c,0.5171372383761765,0.5316406798707684,0.567811490377862,0.46425059699395976,False
NVDA,1Hour,sma_cross,xgb,4,0.5161181587615973,0.5761557591660522,0.06706993643197066,-0.006650801394011103,0.09370598662699411,3.23963804799102,NVDA_1Hour_sma_cross_xgb_oof_fixed_none,d48b1e202d3b266d,d48b1e202d3b266d,0.5161181587615973,0.47003779927330547,0.4937489393654093,0.5135194587218452,False
AMZN,1Day,ml_xgb,xgb,4,0.529585387874158,0.5280329781111024,0.036552488816821584,0.07395109422584371,0.0012295831817581901,11.536598662536317,AMZN_1Day_ml_xgb_xgb_oof_fixed_none,80091af7b0dc1351,80091af7b0dc1351,0.529585387874158,0.48288075560802834,0.4740606986596292,0.4950691020209737,False
QQQ,15Min,sma_cross,rf_ldp_fast,4,0.5237608328413128,0.502585191856406,0.002154823974110656,0.045567369326171184,-0.13713775867606942,130.61258260910103,QQQ_15Min_sma_cross_rf_ldp_fast_oof_fixed_none,fce299553ffe143e,5145e1f5c9d12586,0.5197085543008593,0.5153295135351847,0.5237608328413128,0.5228674962761326,False
QQQ,15Min,bollinger_mr,rf_ldp_fast,4,0.535459394329251,0.48876895370814405,-0.009359654143440652,0.022706196369487078,-0.15063240413414616,inf,QQQ_15Min_bollinger_mr_rf_ldp_fast_oof_fixed_none,bebc80d9219b9800,7b1ec750bdf686e8,0.5321246478713415,0.5250100000283688,0.535459394329251,0.52978615128459,False
QQQ,1Day,bollinger_mr,rf_ldp_fast,4,0.537145861685018,0.4852996159256375,-0.019174071794392643,0.4242475569364545,-0.5347097335259696,inf,QQQ_1Day_bollinger_mr_rf_ldp_fast_oof_fixed_none,3be1c21096706c98,62103166d5de605f,0.5262278856860076,0.4901645428677471,0.537145861685018,0.5132685883953978,False
XLK,30Min,ml_xgb,catboost,4,0.5222474417888292,0.46750059281644607,-0.027615009859185212,0.02285892358549078,-0.07858100206312553,inf,XLK_30Min_ml_xgb_catboost_oof_fixed_none,9e99ba87ec472880,95b3241d00ec75fe,0.5163044387469911,0.5189474257232498,0.515467302562659,0.5222474417888292,False
DIA,15Min,wavelet_trend,logit_l2,4,0.5223925175698767,0.42939514599701245,-0.05913142149864236,0.06397311597669067,-0.20922912405693678,inf,DIA_15Min_wavelet_trend_logit_l2_oof_fixed_none,878480d71411912f,eb0fc7a66e106798,0.5178153893188138,0.5223925175698767,0.5216292518611417,0.5168469706781718,False
XLK,1Hour,bollinger_mr,rf_ldp_fast,4,0.5323386340335493,0.39670793481228844,-0.09162786198189025,0.046165700402905595,-0.30104837925546246,inf,XLK_1Hour_bollinger_mr_rf_ldp_fast_oof_fixed_none,03bdd7f6867020e1,d4be329049ebf878,0.5216874879958799,0.5108389556508615,0.5323386340335493,0.5185995361687796,False
XLK,15Min,bollinger_mr,rf_ldp_fast,4,0.5368778391280515,0.34899881730577265,-0.1286790902994164,0.03203983773533811,-0.31456974317872305,inf,XLK_15Min_bollinger_mr_rf_ldp_fast_oof_fixed_none,19ccd76c5166384d,3817b78489062f30,0.5269259770083251,0.5267577950869413,0.5368778391280515,0.5251390100823596,False
AAPL,15Min,donchian_breakout,rf_ldp_fast,4,0.5198380095534998,0.34604498768769776,-0.13140939403058205,0.12240153339604905,-0.4307030220842908,inf,AAPL_15Min_donchian_breakout_rf_ldp_fast_oof_fixed_none,e7467c9b88ba0882,652a12abd5e57882,0.5173910261701296,0.5096380099116624,0.5198380095534998,0.5161244491418017,False
JPM,1Day,ml_xgb,rf_ldp_fast,4,0.5343759113444153,0.2315106428758526,-0.3819609204860391,0.16300695549149705,-0.6483546773353498,inf,JPM_1Day_ml_xgb_rf_ldp_fast_oof_fixed_none,c1d2f723bd856575,0e753fbf81604a38,0.5233304170312044,0.5268664333624964,0.5343759113444153,0.5297827354913969,False
XLF,5Min,donchian_breakout,rf_ldp_fast,4,0.5188425989258115,0.11673773230499634,-0.3986031027908034,0.04938772980286156,-0.5290764658309889,inf,XLF_5Min_donchian_breakout_rf_ldp_fast_oof_fixed_none,c3e3808f5b88ce7d,8948a4f0765d376f,0.5151770327491877,0.5162551404481946,0.5188425989258115,0.5127156932765187,False
XLK,15Min,wavelet_trend,rf_ldp_fast,4,0.5349310183775554,0.07441418236117692,-0.471441782031658,0.10813201324817014,-0.6916522734683859,inf,XLK_15Min_wavelet_trend_rf_ldp_fast_oof_fixed_none,85c188b146aa2b82,f7369840b877b427,0.5281910833846456,0.5317220454506725,0.5349310183775554,0.5291430709448348,False
QQQ,15Min,wavelet_trend,rf_ldp_fast,4,0.5338748626802345,0.04599399328419862,-0.5432643262964835,0.06639663512134009,-0.6623849699518631,inf,QQQ_15Min_wavelet_trend_rf_ldp_fast_oof_fixed_none,bafa7fc2e3095e89,2cb616015bfc89c8,0.5309801102231365,0.5277612413247639,0.5338748626802345,0.52353923616127,False
AAPL,5Min,donchian_breakout,rf_ldp_fast,4,0.5229530003572498,0.02613466207105732,-0.6207183808054816,0.1128466872065149,-0.8975582966779261,inf,AAPL_5Min_donchian_breakout_rf_ldp_fast_oof_fixed_none,f042bc2647c0a105,cd9cdd00a81ac945,0.5201026143791212,0.5191456138298588,0.5229530003572498,0.5205141610979265,False
XLK,15Min,donchian_breakout,rf_ldp_fast,4,0.5363466938518888,0.014750629182686839,-0.7139010981325818,0.10123111595674449,-0.9078300766941182,inf,XLK_15Min_donchian_breakout_rf_ldp_fast_oof_fixed_none,ad4fd2c88b40a055,70f583feee4306a4,0.525310854981026,0.5306771799505849,0.5363466938518888,0.5256600341769486,False
XLK,5Min,bollinger_mr,rf_ldp_fast,4,0.5334209795554581,0.0028201665059873326,-0.8872953802554961,0.07413083002851602,-1.2153906442759912,inf,XLK_5Min_bollinger_mr_rf_ldp_fast_oof_fixed_none,ff3537bc6fe00e81,df1dbd8060729135,0.5215325847271728,0.5296581787078404,0.5334209795554581,0.5266399171657101,False
