,is_len,oos_len,val_len,n_oos_windows,n_ok_windows,weak,n_oos_days,oos_ret_ann,oos_sharpe,oos_sortino,max_dd,psr0,is_ret_ann_mean,is_sharpe_mean,n_is_nonpos,wfe,wfe_sharpe,pct_profitable_oos,is_oos_spearman,n_trades,turnover
IS63_OOS5,63,5,21,477,0,False,,,,,,,,,,,,,,,
IS63_OOS10,63,10,21,238,0,False,,,,,,,,,,,,,,,
IS63_OOS21,63,21,21,113,0,False,,,,,,,,,,,,,,,
IS63_OOS63,63,63,21,37,0,True,,,,,,,,,,,,,,,
IS126_OOS5,126,5,42,464,0,False,,,,,,,,,,,,,,,
IS126_OOS10,126,10,42,232,0,False,,,,,,,,,,,,,,,
IS126_OOS21,126,21,42,110,0,False,,,,,,,,,,,,,,,
IS126_OOS63,126,63,42,36,0,True,,,,,,,,,,,,,,,
IS252_OOS5,252,5,84,439,368,False,2195.0,-0.0018855534000224994,0.004759418831122068,0.006786307029572866,-0.1565259788440302,0.5056029032492853,-0.004816719721362343,0.04354447263225496,210.0,,0.1093001830867644,0.296195652173913,-0.0005763097157077509,930.0,166.0229255238226
IS252_OOS10,252,10,84,219,185,False,2190.0,-0.0017509840651390718,0.004471738072290163,0.006388546868077826,-0.13380043119800644,0.5052583309063485,-0.0013144214455034543,0.12657735162564598,102.0,,0.035328105817187434,0.33513513513513515,-0.0637427768884614,922.0,164.79618960478288
IS252_OOS21,252,21,84,104,84,False,2184.0,-0.016922978589173576,-0.2171383167193593,-0.28941716867686557,-0.16557232915905906,0.26062078876246275,-0.007761894735486254,0.01476797911991723,49.0,,-14.703319591406377,0.35714285714285715,-0.12472737723737479,918.0,167.58067140744677
IS252_OOS63,252,63,84,34,28,True,2142.0,-0.005745109221845235,-0.05843245244381559,-0.07847258340769225,-0.12418710618482143,0.43222859897790633,-0.003396204927670585,0.1292456269859726,17.0,,-0.45210390329227484,0.35714285714285715,0.2894021259748599,933.0,173.42449440305387
IS504_OOS5,504,5,168,389,389,False,1945.0,-0.018845841511180295,-0.27058527599151705,-0.381714267000232,-0.14747153235375277,0.22899620281600913,0.0029102529528659145,0.007378150359512727,223.0,-6.475671296071214,-36.67386306957659,0.2416452442159383,-0.09963505627598909,784.0,161.97784046870532
IS504_OOS10,504,10,168,194,194,False,1940.0,-0.009027668549667967,-0.10821746205333894,-0.15402593850736118,-0.09078324478003397,0.3825115001163514,0.00359630169330102,0.017737428695494422,111.0,-2.510264521601227,-6.101079469361184,0.31443298969072164,-0.11995176209624381,796.0,164.44874507737893
IS504_OOS21,504,21,168,92,92,False,1932.0,0.0037978187998999324,0.09412510665730264,0.127992184284876,-0.10693106416540332,0.602232489696146,0.0015667279178658482,-0.011073047720272398,52.0,2.4240448878151173,,0.3804347826086957,-0.14985022709599122,771.0,161.2191596948413
IS504_OOS63,504,63,168,30,30,True,1890.0,0.0011370663820207128,0.05014839122521407,0.07151174481559996,-0.15355319306487292,0.5546274886077487,0.002657707352179165,0.03417943137439201,18.0,0.4278373166588054,1.4672096406725585,0.5,0.09482454152437322,715.0,151.2042172512407
