start,end,chosen,burn_in,score
2017-01-03 00:00:00-05:00,2017-01-17 00:00:00-05:00,IS252_OOS10,True,
2017-01-18 00:00:00-05:00,2017-01-31 00:00:00-05:00,IS252_OOS10,True,
2017-02-01 00:00:00-05:00,2017-02-14 00:00:00-05:00,IS252_OOS10,True,
2017-02-15 00:00:00-05:00,2017-03-01 00:00:00-05:00,IS252_OOS10,True,
2017-03-02 00:00:00-05:00,2017-03-15 00:00:00-04:00,IS252_OOS10,True,
2017-03-16 00:00:00-04:00,2017-03-29 00:00:00-04:00,IS252_OOS10,True,
2017-03-30 00:00:00-04:00,2017-04-12 00:00:00-04:00,IS252_OOS10,True,
2017-04-13 00:00:00-04:00,2017-04-27 00:00:00-04:00,IS252_OOS10,True,
2017-04-28 00:00:00-04:00,2017-05-11 00:00:00-04:00,IS252_OOS10,True,
2017-05-12 00:00:00-04:00,2017-05-25 00:00:00-04:00,IS252_OOS10,True,
2017-05-26 00:00:00-04:00,2017-06-09 00:00:00-04:00,IS252_OOS10,True,
2017-06-12 00:00:00-04:00,2017-06-23 00:00:00-04:00,IS252_OOS10,True,
2017-06-26 00:00:00-04:00,2017-07-10 00:00:00-04:00,IS252_OOS10,True,
2017-07-11 00:00:00-04:00,2017-07-24 00:00:00-04:00,IS252_OOS10,True,
2017-07-25 00:00:00-04:00,2017-08-07 00:00:00-04:00,IS252_OOS10,True,
2017-08-08 00:00:00-04:00,2017-08-21 00:00:00-04:00,IS252_OOS10,True,
2017-08-22 00:00:00-04:00,2017-09-05 00:00:00-04:00,IS252_OOS10,True,
2017-09-06 00:00:00-04:00,2017-09-19 00:00:00-04:00,IS252_OOS10,True,
2017-09-20 00:00:00-04:00,2017-10-03 00:00:00-04:00,IS252_OOS10,True,
2017-10-04 00:00:00-04:00,2017-10-17 00:00:00-04:00,IS252_OOS10,True,
2017-10-18 00:00:00-04:00,2017-10-31 00:00:00-04:00,IS252_OOS10,True,
2017-11-01 00:00:00-04:00,2017-11-14 00:00:00-05:00,IS252_OOS10,True,
2017-11-15 00:00:00-05:00,2017-11-29 00:00:00-05:00,IS252_OOS10,True,
2017-11-30 00:00:00-05:00,2017-12-13 00:00:00-05:00,IS252_OOS10,True,
2017-12-14 00:00:00-05:00,2017-12-28 00:00:00-05:00,IS252_OOS10,True,
2017-12-29 00:00:00-05:00,2018-01-12 00:00:00-05:00,IS252_OOS10,True,
2018-01-16 00:00:00-05:00,2018-01-29 00:00:00-05:00,IS252_OOS10,True,
2018-01-30 00:00:00-05:00,2018-02-12 00:00:00-05:00,IS252_OOS10,True,
2018-02-13 00:00:00-05:00,2018-02-27 00:00:00-05:00,IS252_OOS10,True,
2018-02-28 00:00:00-05:00,2018-03-13 00:00:00-04:00,IS252_OOS10,True,
2018-03-14 00:00:00-04:00,2018-03-27 00:00:00-04:00,IS252_OOS10,True,
2018-03-28 00:00:00-04:00,2018-04-11 00:00:00-04:00,IS252_OOS10,True,
2018-04-12 00:00:00-04:00,2018-04-25 00:00:00-04:00,IS252_OOS10,True,
2018-04-26 00:00:00-04:00,2018-05-09 00:00:00-04:00,IS252_OOS10,True,
2018-05-10 00:00:00-04:00,2018-05-23 00:00:00-04:00,IS252_OOS10,True,
2018-05-24 00:00:00-04:00,2018-06-07 00:00:00-04:00,IS252_OOS10,True,
2018-06-08 00:00:00-04:00,2018-06-21 00:00:00-04:00,IS252_OOS10,True,
2018-06-22 00:00:00-04:00,2018-07-06 00:00:00-04:00,IS252_OOS10,True,
2018-07-09 00:00:00-04:00,2018-07-20 00:00:00-04:00,IS504_OOS63,False,0.8734205883
2018-07-23 00:00:00-04:00,2018-08-03 00:00:00-04:00,IS504_OOS63,False,1.137277485683
2018-08-06 00:00:00-04:00,2018-08-17 00:00:00-04:00,IS504_OOS63,False,1.546497875626
2018-08-20 00:00:00-04:00,2018-08-31 00:00:00-04:00,IS504_OOS21,False,1.259169554942
2018-09-04 00:00:00-04:00,2018-09-17 00:00:00-04:00,IS504_OOS10,False,2.314050915375
2018-09-18 00:00:00-04:00,2018-10-01 00:00:00-04:00,IS504_OOS10,False,2.407648959546
2018-10-02 00:00:00-04:00,2018-10-15 00:00:00-04:00,IS504_OOS10,False,2.407648959546
2018-10-16 00:00:00-04:00,2018-10-29 00:00:00-04:00,IS504_OOS10,False,2.407648959546
2018-10-30 00:00:00-04:00,2018-11-12 00:00:00-05:00,IS504_OOS21,False,1.621015188887
2018-11-13 00:00:00-05:00,2018-11-27 00:00:00-05:00,IS504_OOS21,False,2.098943843679
2018-11-28 00:00:00-05:00,2018-12-12 00:00:00-05:00,IS504_OOS21,False,2.068571447968
2018-12-13 00:00:00-05:00,2018-12-27 00:00:00-05:00,IS504_OOS63,False,1.897928938528
2018-12-28 00:00:00-05:00,2019-01-11 00:00:00-05:00,IS504_OOS63,False,1.897928938528
2019-01-14 00:00:00-05:00,2019-01-28 00:00:00-05:00,IS504_OOS63,False,1.953543080357
2019-01-29 00:00:00-05:00,2019-02-11 00:00:00-05:00,IS504_OOS63,False,1.953543080357
2019-02-12 00:00:00-05:00,2019-02-26 00:00:00-05:00,IS504_OOS63,False,1.953543080357
2019-02-27 00:00:00-05:00,2019-03-12 00:00:00-04:00,IS504_OOS63,False,1.953543080357
2019-03-13 00:00:00-04:00,2019-03-26 00:00:00-04:00,IS504_OOS63,False,1.953543080357
2019-03-27 00:00:00-04:00,2019-04-09 00:00:00-04:00,IS504_OOS63,False,1.92225731744
2019-04-10 00:00:00-04:00,2019-04-24 00:00:00-04:00,IS504_OOS63,False,1.92225731744
2019-04-25 00:00:00-04:00,2019-05-08 00:00:00-04:00,IS504_OOS63,False,1.92225731744
2019-05-09 00:00:00-04:00,2019-05-22 00:00:00-04:00,IS504_OOS63,False,1.071629970846
2019-05-23 00:00:00-04:00,2019-06-06 00:00:00-04:00,IS504_OOS63,False,1.071629970846
2019-06-07 00:00:00-04:00,2019-06-20 00:00:00-04:00,IS504_OOS63,False,1.071629970846
2019-06-21 00:00:00-04:00,2019-07-05 00:00:00-04:00,IS252_OOS5,False,2.823355165909
2019-07-08 00:00:00-04:00,2019-07-19 00:00:00-04:00,IS252_OOS5,False,2.712094527817
2019-07-22 00:00:00-04:00,2019-08-02 00:00:00-04:00,IS252_OOS5,False,2.286530171415
2019-08-05 00:00:00-04:00,2019-08-16 00:00:00-04:00,IS252_OOS5,False,1.871961234799
2019-08-19 00:00:00-04:00,2019-08-30 00:00:00-04:00,IS504_OOS63,False,1.038548868176
2019-09-03 00:00:00-04:00,2019-09-16 00:00:00-04:00,IS252_OOS5,False,1.455291492219
2019-09-17 00:00:00-04:00,2019-09-30 00:00:00-04:00,IS252_OOS5,False,1.455291492219
2019-10-01 00:00:00-04:00,2019-10-14 00:00:00-04:00,IS504_OOS63,False,1.448356868218
2019-10-15 00:00:00-04:00,2019-10-28 00:00:00-04:00,IS504_OOS63,False,1.293206211849
2019-10-29 00:00:00-04:00,2019-11-11 00:00:00-05:00,IS504_OOS63,False,1.293206211849
2019-11-12 00:00:00-05:00,2019-11-25 00:00:00-05:00,IS504_OOS63,False,2.357463365181
2019-11-26 00:00:00-05:00,2019-12-10 00:00:00-05:00,IS504_OOS63,False,2.425336402922
2019-12-11 00:00:00-05:00,2019-12-24 00:00:00-05:00,IS504_OOS63,False,2.34418678293
2019-12-26 00:00:00-05:00,2020-01-09 00:00:00-05:00,IS504_OOS63,False,2.34418678293
2020-01-10 00:00:00-05:00,2020-01-24 00:00:00-05:00,IS504_OOS63,False,2.06884883952
2020-01-27 00:00:00-05:00,2020-02-07 00:00:00-05:00,IS504_OOS63,False,2.06884883952
2020-02-10 00:00:00-05:00,2020-02-24 00:00:00-05:00,IS504_OOS63,False,1.434161121811
2020-02-25 00:00:00-05:00,2020-03-09 00:00:00-04:00,IS504_OOS63,False,0.889089326383
2020-03-10 00:00:00-04:00,2020-03-23 00:00:00-04:00,IS504_OOS21,False,0.696458289778
2020-03-24 00:00:00-04:00,2020-04-06 00:00:00-04:00,IS252_OOS5,False,1.505620957082
2020-04-07 00:00:00-04:00,2020-04-21 00:00:00-04:00,IS252_OOS5,False,1.780890888286
2020-04-22 00:00:00-04:00,2020-05-05 00:00:00-04:00,IS252_OOS5,False,1.673253242585
2020-05-06 00:00:00-04:00,2020-05-19 00:00:00-04:00,IS252_OOS5,False,1.452277319305
2020-05-20 00:00:00-04:00,2020-06-03 00:00:00-04:00,IS252_OOS5,False,1.489537353766
2020-06-04 00:00:00-04:00,2020-06-17 00:00:00-04:00,IS252_OOS5,False,1.447158300238
2020-06-18 00:00:00-04:00,2020-07-01 00:00:00-04:00,IS504_OOS21,False,1.523322676231
2020-07-02 00:00:00-04:00,2020-07-16 00:00:00-04:00,IS504_OOS21,False,1.514491203064
2020-07-17 00:00:00-04:00,2020-07-30 00:00:00-04:00,IS504_OOS21,False,1.563173243922
2020-07-31 00:00:00-04:00,2020-08-13 00:00:00-04:00,IS504_OOS21,False,1.963942131654
2020-08-14 00:00:00-04:00,2020-08-27 00:00:00-04:00,IS504_OOS21,False,1.793471723652
2020-08-28 00:00:00-04:00,2020-09-11 00:00:00-04:00,IS504_OOS21,False,1.743046985299
2020-09-14 00:00:00-04:00,2020-09-25 00:00:00-04:00,IS504_OOS63,False,2.104752468429
2020-09-28 00:00:00-04:00,2020-10-09 00:00:00-04:00,IS252_OOS21,False,0.700870420355
2020-10-12 00:00:00-04:00,2020-10-23 00:00:00-04:00,IS252_OOS21,False,1.055137655433
2020-10-26 00:00:00-04:00,2020-11-06 00:00:00-05:00,IS252_OOS21,False,2.045406014445
2020-11-09 00:00:00-05:00,2020-11-20 00:00:00-05:00,IS252_OOS21,False,0.0
2020-11-23 00:00:00-05:00,2020-12-07 00:00:00-05:00,IS252_OOS21,False,0.759568740617
2020-12-08 00:00:00-05:00,2020-12-21 00:00:00-05:00,IS252_OOS21,False,0.759568740617
2020-12-22 00:00:00-05:00,2021-01-06 00:00:00-05:00,IS252_OOS21,False,0.759568740617
2021-01-07 00:00:00-05:00,2021-01-21 00:00:00-05:00,IS252_OOS5,False,0.794727141621
2021-01-22 00:00:00-05:00,2021-02-04 00:00:00-05:00,IS252_OOS5,False,0.794727141621
2021-02-05 00:00:00-05:00,2021-02-19 00:00:00-05:00,IS252_OOS5,False,0.794727141621
2021-02-22 00:00:00-05:00,2021-03-05 00:00:00-05:00,IS252_OOS5,False,0.794727141621
2021-03-08 00:00:00-05:00,2021-03-19 00:00:00-04:00,IS252_OOS5,False,0.794727141621
2021-03-22 00:00:00-04:00,2021-04-05 00:00:00-04:00,IS252_OOS5,False,0.794727141621
2021-04-06 00:00:00-04:00,2021-04-19 00:00:00-04:00,IS504_OOS5,False,2.001418437385
2021-04-20 00:00:00-04:00,2021-05-03 00:00:00-04:00,IS504_OOS5,False,2.001418437385
2021-05-04 00:00:00-04:00,2021-05-17 00:00:00-04:00,IS504_OOS5,False,1.414213562373
2021-05-18 00:00:00-04:00,2021-06-01 00:00:00-04:00,IS252_OOS10,False,1.414213562373
2021-06-02 00:00:00-04:00,2021-06-15 00:00:00-04:00,IS252_OOS5,False,0.0
2021-06-16 00:00:00-04:00,2021-06-29 00:00:00-04:00,IS252_OOS5,False,0.0
2021-06-30 00:00:00-04:00,2021-07-14 00:00:00-04:00,IS252_OOS5,False,0.0
2021-07-15 00:00:00-04:00,2021-07-28 00:00:00-04:00,IS504_OOS63,False,0.0
2021-07-29 00:00:00-04:00,2021-08-11 00:00:00-04:00,IS504_OOS5,False,0.0
2021-08-12 00:00:00-04:00,2021-08-25 00:00:00-04:00,IS504_OOS5,False,0.0
2021-08-26 00:00:00-04:00,2021-09-09 00:00:00-04:00,IS504_OOS21,False,1.414213562373
2021-09-10 00:00:00-04:00,2021-09-23 00:00:00-04:00,IS504_OOS21,False,1.414213562373
2021-09-24 00:00:00-04:00,2021-10-07 00:00:00-04:00,IS504_OOS21,False,1.414213562373
2021-10-08 00:00:00-04:00,2021-10-21 00:00:00-04:00,IS504_OOS21,False,1.414213562373
2021-10-22 00:00:00-04:00,2021-11-04 00:00:00-04:00,IS504_OOS21,False,1.414213562373
2021-11-05 00:00:00-04:00,2021-11-18 00:00:00-05:00,IS504_OOS21,False,1.414213562373
2021-11-19 00:00:00-05:00,2021-12-03 00:00:00-05:00,IS504_OOS21,False,1.414213562373
2021-12-06 00:00:00-05:00,2021-12-17 00:00:00-05:00,IS504_OOS21,False,1.414213562373
2021-12-20 00:00:00-05:00,2022-01-03 00:00:00-05:00,IS504_OOS21,False,1.414213562373
2022-01-04 00:00:00-05:00,2022-01-18 00:00:00-05:00,IS252_OOS5,False,1.974288976373
2022-01-19 00:00:00-05:00,2022-02-01 00:00:00-05:00,IS252_OOS5,False,1.974288976373
2022-02-02 00:00:00-05:00,2022-02-15 00:00:00-05:00,IS504_OOS21,False,1.414213562373
2022-02-16 00:00:00-05:00,2022-03-02 00:00:00-05:00,IS504_OOS21,False,1.414213562373
2022-03-03 00:00:00-05:00,2022-03-16 00:00:00-04:00,IS252_OOS63,False,0.415822387036
2022-03-17 00:00:00-04:00,2022-03-30 00:00:00-04:00,IS252_OOS63,False,1.538653698667
2022-03-31 00:00:00-04:00,2022-04-13 00:00:00-04:00,IS252_OOS63,False,1.538653698667
2022-04-14 00:00:00-04:00,2022-04-28 00:00:00-04:00,IS252_OOS63,False,1.801005045838
2022-04-29 00:00:00-04:00,2022-05-12 00:00:00-04:00,IS252_OOS63,False,1.738718472849
2022-05-13 00:00:00-04:00,2022-05-26 00:00:00-04:00,IS504_OOS63,False,1.918222707644
2022-05-27 00:00:00-04:00,2022-06-10 00:00:00-04:00,IS504_OOS21,False,2.164431948404
2022-06-13 00:00:00-04:00,2022-06-27 00:00:00-04:00,IS504_OOS21,False,2.58807832227
2022-06-28 00:00:00-04:00,2022-07-12 00:00:00-04:00,IS504_OOS21,False,2.696220076839
2022-07-13 00:00:00-04:00,2022-07-26 00:00:00-04:00,IS252_OOS63,False,2.035026488819
2022-07-27 00:00:00-04:00,2022-08-09 00:00:00-04:00,IS252_OOS63,False,1.608107784393
2022-08-10 00:00:00-04:00,2022-08-23 00:00:00-04:00,IS252_OOS63,False,1.723023501679
2022-08-24 00:00:00-04:00,2022-09-07 00:00:00-04:00,IS252_OOS63,False,1.755122116834
2022-09-08 00:00:00-04:00,2022-09-21 00:00:00-04:00,IS504_OOS21,False,1.632988450323
2022-09-22 00:00:00-04:00,2022-10-05 00:00:00-04:00,IS504_OOS21,False,1.61472586254
2022-10-06 00:00:00-04:00,2022-10-19 00:00:00-04:00,IS504_OOS21,False,2.415156678365
2022-10-20 00:00:00-04:00,2022-11-02 00:00:00-04:00,IS504_OOS21,False,2.351208608348
2022-11-03 00:00:00-04:00,2022-11-16 00:00:00-05:00,IS504_OOS21,False,1.373980508977
2022-11-17 00:00:00-05:00,2022-12-01 00:00:00-05:00,IS504_OOS5,False,1.164128095282
2022-12-02 00:00:00-05:00,2022-12-15 00:00:00-05:00,IS504_OOS5,False,1.232706130212
2022-12-16 00:00:00-05:00,2022-12-30 00:00:00-05:00,IS504_OOS10,False,1.499917624549
2023-01-03 00:00:00-05:00,2023-01-17 00:00:00-05:00,IS504_OOS10,False,2.247120757489
2023-01-18 00:00:00-05:00,2023-01-31 00:00:00-05:00,IS504_OOS10,False,2.325932810976
2023-02-01 00:00:00-05:00,2023-02-14 00:00:00-05:00,IS504_OOS21,False,1.321793237328
2023-02-15 00:00:00-05:00,2023-03-01 00:00:00-05:00,IS504_OOS10,False,0.860679778187
2023-03-02 00:00:00-05:00,2023-03-15 00:00:00-04:00,IS504_OOS21,False,1.235681734913
2023-03-16 00:00:00-04:00,2023-03-29 00:00:00-04:00,IS504_OOS21,False,1.260798632772
2023-03-30 00:00:00-04:00,2023-04-13 00:00:00-04:00,IS504_OOS21,False,0.28642128864
2023-04-14 00:00:00-04:00,2023-04-27 00:00:00-04:00,IS504_OOS21,False,-0.744914258459
2023-04-28 00:00:00-04:00,2023-05-11 00:00:00-04:00,IS504_OOS21,False,-0.19774895278
2023-05-12 00:00:00-04:00,2023-05-25 00:00:00-04:00,IS252_OOS63,False,0.179687212142
2023-05-26 00:00:00-04:00,2023-06-09 00:00:00-04:00,IS252_OOS63,False,0.513715999623
2023-06-12 00:00:00-04:00,2023-06-26 00:00:00-04:00,IS252_OOS63,False,0.425546841212
2023-06-27 00:00:00-04:00,2023-07-11 00:00:00-04:00,IS252_OOS63,False,0.514489100427
2023-07-12 00:00:00-04:00,2023-07-25 00:00:00-04:00,IS252_OOS63,False,0.884911436822
2023-07-26 00:00:00-04:00,2023-08-08 00:00:00-04:00,IS252_OOS63,False,1.061551149139
2023-08-09 00:00:00-04:00,2023-08-22 00:00:00-04:00,IS252_OOS63,False,2.131717208203
2023-08-23 00:00:00-04:00,2023-09-06 00:00:00-04:00,IS252_OOS63,False,1.343826445682
2023-09-07 00:00:00-04:00,2023-09-20 00:00:00-04:00,IS252_OOS63,False,1.848518735037
2023-09-21 00:00:00-04:00,2023-10-04 00:00:00-04:00,IS252_OOS63,False,0.677751717994
2023-10-05 00:00:00-04:00,2023-10-18 00:00:00-04:00,IS252_OOS63,False,0.327466218046
2023-10-19 00:00:00-04:00,2023-11-01 00:00:00-04:00,IS252_OOS63,False,0.481533549014
2023-11-02 00:00:00-04:00,2023-11-15 00:00:00-05:00,IS252_OOS63,False,1.227560020999
2023-11-16 00:00:00-05:00,2023-11-30 00:00:00-05:00,IS252_OOS63,False,1.137247054728
2023-12-01 00:00:00-05:00,2023-12-14 00:00:00-05:00,IS252_OOS21,False,0.915727525356
2023-12-15 00:00:00-05:00,2023-12-29 00:00:00-05:00,IS252_OOS63,False,1.123036315692
2024-01-02 00:00:00-05:00,2024-01-16 00:00:00-05:00,IS252_OOS63,False,0.730232403453
2024-01-17 00:00:00-05:00,2024-01-30 00:00:00-05:00,IS504_OOS21,False,1.145859848552
2024-01-31 00:00:00-05:00,2024-02-13 00:00:00-05:00,IS504_OOS21,False,0.943259909035
2024-02-14 00:00:00-05:00,2024-02-28 00:00:00-05:00,IS504_OOS21,False,1.418070935951
2024-02-29 00:00:00-05:00,2024-03-13 00:00:00-04:00,IS504_OOS21,False,1.081133300463
2024-03-14 00:00:00-04:00,2024-03-27 00:00:00-04:00,IS504_OOS21,False,0.485979841004
2024-03-28 00:00:00-04:00,2024-04-11 00:00:00-04:00,IS504_OOS10,False,0.746977505637
2024-04-12 00:00:00-04:00,2024-04-25 00:00:00-04:00,IS504_OOS10,False,1.054815223522
2024-04-26 00:00:00-04:00,2024-05-09 00:00:00-04:00,IS252_OOS63,False,1.20007631062
2024-05-10 00:00:00-04:00,2024-05-23 00:00:00-04:00,IS252_OOS63,False,0.533262921072
2024-05-24 00:00:00-04:00,2024-06-07 00:00:00-04:00,IS252_OOS63,False,0.63044702892
2024-06-10 00:00:00-04:00,2024-06-24 00:00:00-04:00,IS252_OOS63,False,0.538986300026
2024-06-25 00:00:00-04:00,2024-07-09 00:00:00-04:00,IS252_OOS10,False,0.177263229598
2024-07-10 00:00:00-04:00,2024-07-23 00:00:00-04:00,IS252_OOS10,False,0.039238496009
2024-07-24 00:00:00-04:00,2024-08-06 00:00:00-04:00,IS252_OOS10,False,-0.5315377613
2024-08-07 00:00:00-04:00,2024-08-20 00:00:00-04:00,IS252_OOS10,False,-0.229996561921
2024-08-21 00:00:00-04:00,2024-09-04 00:00:00-04:00,IS252_OOS10,False,0.919412713183
2024-09-05 00:00:00-04:00,2024-09-18 00:00:00-04:00,IS252_OOS5,False,0.882260681758
2024-09-19 00:00:00-04:00,2024-10-02 00:00:00-04:00,IS252_OOS5,False,1.618216469868
2024-10-03 00:00:00-04:00,2024-10-16 00:00:00-04:00,IS252_OOS5,False,1.648945901624
2024-10-17 00:00:00-04:00,2024-10-30 00:00:00-04:00,IS252_OOS5,False,1.675004148202
2024-10-31 00:00:00-04:00,2024-11-13 00:00:00-05:00,IS252_OOS5,False,1.692099115055
2024-11-14 00:00:00-05:00,2024-11-27 00:00:00-05:00,IS252_OOS5,False,1.594025167921
2024-11-29 00:00:00-05:00,2024-12-12 00:00:00-05:00,IS252_OOS5,False,1.922326138461
2024-12-13 00:00:00-05:00,2024-12-27 00:00:00-05:00,IS252_OOS5,False,1.916533147426
2024-12-30 00:00:00-05:00,2025-01-14 00:00:00-05:00,IS252_OOS5,False,2.260411957922
2025-01-15 00:00:00-05:00,2025-01-29 00:00:00-05:00,IS252_OOS5,False,1.334942242374
2025-01-30 00:00:00-05:00,2025-02-12 00:00:00-05:00,IS504_OOS63,False,1.668632629194
2025-02-13 00:00:00-05:00,2025-02-27 00:00:00-05:00,IS252_OOS5,False,0.578460526583
2025-02-28 00:00:00-05:00,2025-03-13 00:00:00-04:00,IS504_OOS10,False,0.903373850127
2025-03-14 00:00:00-04:00,2025-03-27 00:00:00-04:00,IS504_OOS21,False,0.924350984116
2025-03-28 00:00:00-04:00,2025-04-10 00:00:00-04:00,IS504_OOS5,False,0.835483292273
2025-04-11 00:00:00-04:00,2025-04-25 00:00:00-04:00,IS504_OOS5,False,-0.064652547312
2025-04-28 00:00:00-04:00,2025-05-09 00:00:00-04:00,IS504_OOS5,False,-0.026627224035
2025-05-12 00:00:00-04:00,2025-05-23 00:00:00-04:00,IS504_OOS5,False,-0.076550413957
2025-05-27 00:00:00-04:00,2025-06-09 00:00:00-04:00,IS252_OOS10,False,0.102595713472
2025-06-10 00:00:00-04:00,2025-06-24 00:00:00-04:00,IS504_OOS5,False,-0.483254192371
2025-06-25 00:00:00-04:00,2025-07-09 00:00:00-04:00,IS252_OOS10,False,-0.605675137654
2025-07-10 00:00:00-04:00,2025-07-11 00:00:00-04:00,IS504_OOS5,False,-0.665175854009
