,is_len,oos_len,val_len,n_oos_windows,n_ok_windows,weak,n_oos_days,oos_ret_ann,oos_sharpe,oos_sortino,max_dd,psr0,is_ret_ann_mean,is_ret_t,is_sharpe_mean,is_sharpe_t,n_is_nonpos,wfe,wfe_sharpe,pct_profitable_oos,pct_windows_traded,pct_profitable_traded,is_oos_spearman,n_trades,turnover
IS63_OOS5,63,5,21,477,0,True,,,,,,,,,,,,,,,,,,,
IS63_OOS10,63,10,21,238,0,True,,,,,,,,,,,,,,,,,,,
IS63_OOS21,63,21,21,113,0,True,,,,,,,,,,,,,,,,,,,
IS63_OOS63,63,63,21,37,0,True,,,,,,,,,,,,,,,,,,,
IS126_OOS5,126,5,42,464,0,True,,,,,,,,,,,,,,,,,,,
IS126_OOS10,126,10,42,232,0,True,,,,,,,,,,,,,,,,,,,
IS126_OOS21,126,21,42,110,0,True,,,,,,,,,,,,,,,,,,,
IS126_OOS63,126,63,42,36,0,True,,,,,,,,,,,,,,,,,,,
IS252_OOS5,252,5,84,439,368,False,2195.0,-0.0018855534000224994,0.004759418831122068,0.006786307029572866,-0.1565259788440302,0.5056029032492853,-0.00403770582565226,-1.1368008158541956,0.036501972502664744,0.5709740725224197,210.0,,,0.296195652173913,0.6005434782608695,0.49321266968325794,-0.0005763097157077509,930.0,166.0229255238226
IS252_OOS10,252,10,84,219,185,False,2190.0,-0.0017509840651390718,0.004471738072290163,0.006388546868077826,-0.13380043119800644,0.5052583309063485,-0.001110356015607941,-0.22621694303261172,0.10692607329107082,1.2051590729687593,102.0,,,0.33513513513513515,0.6810810810810811,0.49206349206349204,-0.0637427768884614,922.0,164.79618960478288
IS252_OOS21,252,21,84,104,84,False,2184.0,-0.016922978589173576,-0.2171383167193593,-0.28941716867686557,-0.16557232915905906,0.26062078876246275,-0.006269222670969666,-0.9026692909834771,0.011927983135317762,0.08861194630961702,49.0,,,0.35714285714285715,0.7857142857142857,0.45454545454545453,-0.12472737723737479,918.0,167.58067140744677
IS252_OOS63,252,63,84,34,28,True,2142.0,-0.005745109221845235,-0.05843245244381559,-0.07847258340769225,-0.12418710618482143,0.43222859897790633,-0.0027968746463169526,-0.21989975821223687,0.10643757516491863,0.417120795628598,17.0,,,0.35714285714285715,0.8214285714285714,0.43478260869565216,0.2894021259748599,933.0,173.42449440305387
IS504_OOS5,504,5,168,389,389,False,1945.0,-0.018845841511180295,-0.27058527599151705,-0.381714267000232,-0.14747153235375277,0.22899620281600913,0.0029102529528659145,0.8555802482285465,0.007378150359512727,0.132286137158474,223.0,,,0.2416452442159383,0.4961439588688946,0.48704663212435234,-0.09963505627598909,784.0,161.97784046870532
IS504_OOS10,504,10,168,194,194,False,1940.0,-0.009027668549667967,-0.10821746205333894,-0.15402593850736118,-0.09078324478003397,0.3825115001163514,0.00359630169330102,0.7488185740310399,0.017737428695494422,0.22417351683870065,111.0,,,0.31443298969072164,0.6082474226804123,0.5169491525423728,-0.11995176209624381,796.0,164.44874507737893
IS504_OOS21,504,21,168,92,92,False,1932.0,0.0037978187998999324,0.09412510665730264,0.127992184284876,-0.10693106416540332,0.602232489696146,0.0015667279178658482,0.2290788213114516,-0.011073047720272398,-0.09662973649303565,52.0,,,0.3804347826086957,0.6847826086956522,0.5555555555555556,-0.14985022709599122,771.0,161.2191596948413
IS504_OOS63,504,63,168,30,30,True,1890.0,0.0011370663820207128,0.05014839122521407,0.07151174481559996,-0.15355319306487292,0.5546274886077487,0.002657707352179165,0.20900222842841076,0.03417943137439201,0.16317792562154498,18.0,,,0.5,0.7333333333333333,0.6818181818181818,0.09482454152437322,715.0,151.2042172512407
