symbol,date,timing,accepted_at,known_from,accession
AAPL,2016-01-26,amc,2016-01-26T21:31:06+00:00,2016-01-26,0001193125-16-438421
AAPL,2016-04-26,amc,2016-04-26T20:31:09+00:00,2016-04-26,0001193125-16-556520
AAPL,2016-07-26,amc,2016-07-26T20:30:55+00:00,2016-07-26,0001628280-16-017762
AAPL,2016-10-25,amc,2016-10-25T20:32:39+00:00,2016-10-25,0001628280-16-020258
AAPL,2017-01-31,amc,2017-01-31T21:31:02+00:00,2017-01-31,0001628280-17-000663
AAPL,2017-05-02,amc,2017-05-02T20:31:37+00:00,2017-05-02,0001628280-17-004663
AAPL,2017-08-01,amc,2017-08-01T20:30:15+00:00,2017-08-01,0000320193-17-000006
AAPL,2017-11-02,amc,2017-11-02T20:30:16+00:00,2017-11-02,0000320193-17-000067
AAPL,2018-02-01,amc,2018-02-01T21:30:17+00:00,2018-02-01,0000320193-18-000005
AAPL,2018-05-01,amc,2018-05-01T20:30:17+00:00,2018-05-01,0000320193-18-000067
AAPL,2018-07-31,amc,2018-07-31T20:30:20+00:00,2018-07-31,0000320193-18-000098
AAPL,2018-11-01,amc,2018-11-01T20:30:21+00:00,2018-11-01,0000320193-18-000142
AAPL,2019-01-02,amc,2019-01-02T21:30:03+00:00,2019-01-02,0000320193-19-000002
AAPL,2019-01-29,amc,2019-01-29T21:30:18+00:00,2019-01-29,0000320193-19-000007
AAPL,2019-04-30,amc,2019-04-30T20:30:16+00:00,2019-04-30,0000320193-19-000063
AAPL,2019-07-30,amc,2019-07-30T20:30:36+00:00,2019-07-30,0000320193-19-000073
AAPL,2019-10-30,amc,2019-10-30T20:30:40+00:00,2019-10-30,0000320193-19-000117
AAPL,2020-01-28,amc,2020-01-28T21:30:40+00:00,2020-01-28,0000320193-20-000008
AAPL,2020-04-30,amc,2020-04-30T20:30:41+00:00,2020-04-30,0000320193-20-000050
AAPL,2020-07-30,amc,2020-07-30T22:55:04+00:00,2020-07-30,0000320193-20-000060
AAPL,2020-10-29,amc,2020-10-29T20:30:32+00:00,2020-10-29,0000320193-20-000094
AAPL,2021-01-27,amc,2021-01-27T21:30:35+00:00,2021-01-27,0000320193-21-000009
AAPL,2021-04-28,amc,2021-04-28T20:30:33+00:00,2021-04-28,0000320193-21-000055
AAPL,2021-07-27,amc,2021-07-27T20:35:44+00:00,2021-07-27,0000320193-21-000063
AAPL,2021-10-28,amc,2021-10-28T20:30:23+00:00,2021-10-28,0000320193-21-000104
AAPL,2022-01-27,amc,2022-01-27T21:30:36+00:00,2022-01-27,0000320193-22-000006
AAPL,2022-04-28,amc,2022-04-28T20:32:12+00:00,2022-04-28,0000320193-22-000058
AAPL,2022-07-28,amc,2022-07-28T20:31:44+00:00,2022-07-28,0000320193-22-000069
AAPL,2022-10-27,amc,2022-10-27T20:30:22+00:00,2022-10-27,0000320193-22-000107
AAPL,2023-02-02,amc,2023-02-02T21:30:33+00:00,2023-02-02,0000320193-23-000005
AAPL,2023-05-04,amc,2023-05-04T20:30:43+00:00,2023-05-04,0000320193-23-000063
AAPL,2023-08-03,amc,2023-08-03T20:30:21+00:00,2023-08-03,0000320193-23-000075
AAPL,2023-11-02,amc,2023-11-02T20:30:32+00:00,2023-11-02,0000320193-23-000104
AAPL,2024-02-01,amc,2024-02-01T21:30:30+00:00,2024-02-01,0000320193-24-000005
AAPL,2024-05-02,amc,2024-05-02T20:30:34+00:00,2024-05-02,0000320193-24-000067
AAPL,2024-08-01,amc,2024-08-01T20:30:26+00:00,2024-08-01,0000320193-24-000080
AAPL,2024-10-31,amc,2024-10-31T20:30:25+00:00,2024-10-31,0000320193-24-000120
AAPL,2025-01-30,amc,2025-01-30T21:30:23+00:00,2025-01-30,0000320193-25-000007
AAPL,2025-05-01,amc,2025-05-01T20:30:21+00:00,2025-05-01,0000320193-25-000055
AAPL,2025-07-31,amc,2025-07-31T20:30:25+00:00,2025-07-31,0000320193-25-000071
AAPL,2025-10-30,amc,2025-10-30T20:30:35+00:00,2025-10-30,0000320193-25-000077
AAPL,2026-01-29,amc,2026-01-29T21:30:33+00:00,2026-01-29,0000320193-26-000005
AAPL,2026-04-30,amc,2026-04-30T20:30:41+00:00,2026-04-30,0000320193-26-000011
AAPL,2026-07-30,amc,2026-07-30T20:30:28+00:00,2026-07-30,0000320193-26-000018
AMZN,2016-01-28,amc,2016-01-28T21:27:32+00:00,2016-01-28,0001018724-16-000170
AMZN,2016-04-28,amc,2016-04-28T20:08:22+00:00,2016-04-28,0001018724-16-000225
AMZN,2016-07-28,amc,2016-07-28T20:09:16+00:00,2016-07-28,0001018724-16-000282
AMZN,2016-10-27,amc,2016-10-27T20:11:45+00:00,2016-10-27,0001018724-16-000322
AMZN,2017-02-02,amc,2017-02-02T21:09:02+00:00,2017-02-02,0001018724-17-000003
AMZN,2017-04-27,amc,2017-04-27T20:06:06+00:00,2017-04-27,0001018724-17-000049
AMZN,2017-07-27,amc,2017-07-27T20:07:05+00:00,2017-07-27,0001018724-17-000098
AMZN,2017-10-26,amc,2017-10-26T20:09:54+00:00,2017-10-26,0001018724-17-000131
AMZN,2018-02-01,amc,2018-02-01T21:15:34+00:00,2018-02-01,0001018724-18-000002
AMZN,2018-04-26,amc,2018-04-26T20:16:09+00:00,2018-04-26,0001018724-18-000070
AMZN,2018-07-26,amc,2018-07-26T20:14:07+00:00,2018-07-26,0001018724-18-000106
AMZN,2018-10-25,amc,2018-10-25T20:18:13+00:00,2018-10-25,0001018724-18-000157
AMZN,2019-01-31,amc,2019-01-31T21:30:02+00:00,2019-01-31,0001018724-19-000002
AMZN,2019-04-25,amc,2019-04-25T20:10:54+00:00,2019-04-25,0001018724-19-000041
AMZN,2019-07-25,amc,2019-07-25T20:33:27+00:00,2019-07-25,0001018724-19-000069
AMZN,2019-10-24,amc,2019-10-24T23:53:55+00:00,2019-10-24,0001018724-19-000087
AMZN,2020-01-30,amc,2020-01-30T21:46:49+00:00,2020-01-30,0001018724-20-000002
AMZN,2020-04-30,amc,2020-04-30T20:42:20+00:00,2020-04-30,0001018724-20-000008
AMZN,2020-07-30,amc,2020-07-30T23:05:15+00:00,2020-07-30,0001018724-20-000019
AMZN,2020-10-29,amc,2020-10-29T20:42:03+00:00,2020-10-29,0001018724-20-000028
AMZN,2021-02-02,amc,2021-02-02T21:30:08+00:00,2021-02-02,0001018724-21-000002
AMZN,2021-04-29,amc,2021-04-29T20:31:31+00:00,2021-04-29,0001018724-21-000008
AMZN,2021-07-29,amc,2021-07-29T20:34:52+00:00,2021-07-29,0001018724-21-000018
AMZN,2021-10-28,amc,2021-10-28T20:07:09+00:00,2021-10-28,0001018724-21-000026
AMZN,2022-02-03,amc,2022-02-03T21:11:33+00:00,2022-02-03,0001018724-22-000002
AMZN,2022-04-28,amc,2022-04-28T20:27:13+00:00,2022-04-28,0001018724-22-000011
AMZN,2022-07-28,amc,2022-07-28T20:09:30+00:00,2022-07-28,0001018724-22-000017
AMZN,2022-10-27,amc,2022-10-27T20:09:35+00:00,2022-10-27,0001018724-22-000021
AMZN,2023-02-02,amc,2023-02-02T21:08:48+00:00,2023-02-02,0001018724-23-000002
AMZN,2023-04-27,amc,2023-04-27T20:10:37+00:00,2023-04-27,0001018724-23-000006
AMZN,2023-08-03,amc,2023-08-03T20:09:02+00:00,2023-08-03,0001018724-23-000010
AMZN,2023-10-26,amc,2023-10-26T20:14:51+00:00,2023-10-26,0001018724-23-000016
AMZN,2024-02-01,amc,2024-02-01T21:06:02+00:00,2024-02-01,0001018724-24-000006
AMZN,2024-04-30,amc,2024-04-30T20:10:34+00:00,2024-04-30,0001018724-24-000081
AMZN,2024-08-01,amc,2024-08-01T20:06:02+00:00,2024-08-01,0001018724-24-000128
AMZN,2024-10-31,amc,2024-10-31T20:13:57+00:00,2024-10-31,0001018724-24-000158
AMZN,2025-02-06,amc,2025-02-06T21:09:12+00:00,2025-02-06,0001018724-25-000002
AMZN,2025-05-01,amc,2025-05-01T20:15:00+00:00,2025-05-01,0001018724-25-000034
AMZN,2025-07-31,amc,2025-07-31T20:13:17+00:00,2025-07-31,0001018724-25-000084
AMZN,2025-10-30,amc,2025-10-30T20:13:01+00:00,2025-10-30,0001018724-25-000121
AMZN,2026-02-05,amc,2026-02-05T21:25:12+00:00,2026-02-05,0001018724-26-000002
AMZN,2026-04-29,amc,2026-04-29T20:18:55+00:00,2026-04-29,0001018724-26-000012
AMZN,2026-07-30,amc,2026-07-30T20:06:23+00:00,2026-07-30,0001018724-26-000024
GOOGL,2016-02-01,amc,2016-02-01T21:01:27+00:00,2016-02-01,0001652044-16-000010
GOOGL,2016-04-21,amc,2016-04-21T20:01:58+00:00,2016-04-21,0001652044-16-000015
GOOGL,2016-07-28,amc,2016-07-28T20:01:07+00:00,2016-07-28,0001652044-16-000029
GOOGL,2016-10-27,amc,2016-10-27T20:01:30+00:00,2016-10-27,0001652044-16-000035
GOOGL,2017-01-26,amc,2017-01-26T21:03:43+00:00,2017-01-26,0001652044-17-000005
GOOGL,2017-04-27,amc,2017-04-27T20:02:04+00:00,2017-04-27,0001652044-17-000011
GOOGL,2017-07-24,amc,2017-07-24T20:01:31+00:00,2017-07-24,0001652044-17-000024
GOOGL,2017-10-26,amc,2017-10-26T20:02:01+00:00,2017-10-26,0001652044-17-000039
GOOGL,2018-02-01,amc,2018-02-01T21:01:32+00:00,2018-02-01,0001652044-18-000004
GOOGL,2018-04-23,amc,2018-04-23T20:01:28+00:00,2018-04-23,0001652044-18-000011
GOOGL,2018-07-23,amc,2018-07-23T20:02:07+00:00,2018-07-23,0001652044-18-000025
GOOGL,2018-10-25,amc,2018-10-25T20:01:30+00:00,2018-10-25,0001652044-18-000033
GOOGL,2019-02-04,amc,2019-02-04T21:01:19+00:00,2019-02-04,0001652044-19-000002
GOOGL,2019-04-29,amc,2019-04-29T20:01:22+00:00,2019-04-29,0001652044-19-000011
GOOGL,2019-07-25,amc,2019-07-25T20:01:22+00:00,2019-07-25,0001652044-19-000021
GOOGL,2019-10-28,amc,2019-10-28T20:03:38+00:00,2019-10-28,0001652044-19-000030
GOOGL,2020-02-03,amc,2020-02-03T21:02:04+00:00,2020-02-03,0001652044-20-000004
GOOGL,2020-04-28,amc,2020-04-28T20:01:47+00:00,2020-04-28,0001652044-20-000018
GOOGL,2020-07-30,amc,2020-07-30T22:40:20+00:00,2020-07-30,0001652044-20-000031
GOOGL,2020-10-29,amc,2020-10-29T20:01:25+00:00,2020-10-29,0001652044-20-000046
GOOGL,2021-02-02,amc,2021-02-02T21:01:27+00:00,2021-02-02,0001652044-21-000006
GOOGL,2021-04-27,amc,2021-04-27T20:01:33+00:00,2021-04-27,0001652044-21-000018
GOOGL,2021-07-27,amc,2021-07-27T20:36:42+00:00,2021-07-27,0001652044-21-000041
GOOGL,2021-10-26,amc,2021-10-26T20:01:30+00:00,2021-10-26,0001652044-21-000054
GOOGL,2022-02-01,amc,2022-02-01T21:01:29+00:00,2022-02-01,0001652044-22-000015
GOOGL,2022-04-26,amc,2022-04-26T20:01:32+00:00,2022-04-26,0001652044-22-000025
GOOGL,2022-07-26,amc,2022-07-26T20:02:00+00:00,2022-07-26,0001652044-22-000068
GOOGL,2022-10-25,amc,2022-10-25T20:01:23+00:00,2022-10-25,0001652044-22-000085
GOOGL,2023-02-02,amc,2023-02-02T21:01:29+00:00,2023-02-02,0001652044-23-000013
GOOGL,2023-04-20,amc,2023-04-20T20:24:04+00:00,2023-04-20,0001652044-23-000034
GOOGL,2023-04-25,amc,2023-04-25T20:01:48+00:00,2023-04-25,0001652044-23-000041
GOOGL,2023-07-25,amc,2023-07-25T20:01:21+00:00,2023-07-25,0001652044-23-000067
GOOGL,2023-10-24,amc,2023-10-24T20:01:23+00:00,2023-10-24,0001652044-23-000088
GOOGL,2024-01-30,amc,2024-01-30T21:01:26+00:00,2024-01-30,0001652044-24-000014
GOOGL,2024-04-25,amc,2024-04-25T20:01:35+00:00,2024-04-25,0001652044-24-000047
GOOGL,2024-07-23,amc,2024-07-23T20:01:54+00:00,2024-07-23,0001652044-24-000076
GOOGL,2024-10-29,amc,2024-10-29T20:01:46+00:00,2024-10-29,0001652044-24-000115
GOOGL,2025-02-04,amc,2025-02-04T21:01:27+00:00,2025-02-04,0001652044-25-000010
GOOGL,2025-04-24,amc,2025-04-24T20:01:26+00:00,2025-04-24,0001652044-25-000040
GOOGL,2025-07-23,amc,2025-07-23T20:01:33+00:00,2025-07-23,0001652044-25-000056
GOOGL,2025-10-29,amc,2025-10-29T20:01:48+00:00,2025-10-29,0001652044-25-000087
GOOGL,2026-02-04,amc,2026-02-04T21:01:37+00:00,2026-02-04,0001652044-26-000012
GOOGL,2026-04-29,amc,2026-04-29T20:01:35+00:00,2026-04-29,0001652044-26-000043
GOOGL,2026-07-22,amc,2026-07-22T20:01:36+00:00,2026-07-22,0001652044-26-000066
JPM,2016-01-14,bmo,2016-01-14T11:39:39+00:00,2016-01-14,0000019617-16-000642
JPM,2016-04-13,bmo,2016-04-13T10:40:38+00:00,2016-04-13,0000019617-16-000950
JPM,2016-07-14,bmo,2016-07-14T10:40:31+00:00,2016-07-14,0000019617-16-001048
JPM,2016-10-14,bmo,2016-10-14T10:39:54+00:00,2016-10-14,0000019617-16-001142
JPM,2017-01-13,bmo,2017-01-13T12:54:39+00:00,2017-01-13,0000019617-17-000058
JPM,2017-04-13,bmo,2017-04-13T10:40:13+00:00,2017-04-13,0000019617-17-000353
JPM,2017-07-14,bmo,2017-07-14T10:54:55+00:00,2017-07-14,0000019617-17-000472
JPM,2017-10-12,bmo,2017-10-12T10:48:05+00:00,2017-10-12,0000019617-17-000545
JPM,2018-01-12,bmo,2018-01-12T11:46:59+00:00,2018-01-12,0000019617-18-000004
JPM,2018-04-13,bmo,2018-04-13T10:47:36+00:00,2018-04-13,0000019617-18-000082
JPM,2018-07-13,bmo,2018-07-13T10:45:51+00:00,2018-07-13,0000019617-18-000147
JPM,2018-10-12,bmo,2018-10-12T10:46:51+00:00,2018-10-12,0000019617-18-000196
JPM,2019-01-15,bmo,2019-01-15T11:46:00+00:00,2019-01-15,0000019617-19-000002
JPM,2019-04-12,bmo,2019-04-12T10:46:08+00:00,2019-04-12,0000019617-19-000060
JPM,2019-07-16,bmo,2019-07-16T10:45:52+00:00,2019-07-16,0000019617-19-000120
JPM,2019-10-15,bmo,2019-10-15T10:44:31+00:00,2019-10-15,0000019617-19-000194
JPM,2020-01-14,bmo,2020-01-14T11:46:00+00:00,2020-01-14,0000019617-20-000082
JPM,2020-04-14,bmo,2020-04-14T10:43:57+00:00,2020-04-14,0000019617-20-000280
JPM,2020-07-14,bmo,2020-07-14T10:45:40+00:00,2020-07-14,0000019617-20-000362
JPM,2020-10-13,bmo,2020-10-13T10:45:49+00:00,2020-10-13,0000019617-20-000427
JPM,2021-01-15,bmo,2021-01-15T11:45:52+00:00,2021-01-15,0000019617-21-000071
JPM,2021-04-14,bmo,2021-04-14T10:45:37+00:00,2021-04-14,0000019617-21-000281
JPM,2021-07-13,bmo,2021-07-13T10:45:46+00:00,2021-07-13,0000019617-21-000363
JPM,2021-10-13,bmo,2021-10-13T10:45:50+00:00,2021-10-13,0000019617-21-000446
JPM,2022-01-14,bmo,2022-01-14T11:45:48+00:00,2022-01-14,0000019617-22-000079
JPM,2022-04-13,bmo,2022-04-13T10:46:25+00:00,2022-04-13,0000019617-22-000313
JPM,2022-07-14,bmo,2022-07-14T10:45:42+00:00,2022-07-14,0000019617-22-000410
JPM,2022-10-14,bmo,2022-10-14T10:45:32+00:00,2022-10-14,0000019617-22-000486
JPM,2023-01-13,bmo,2023-01-13T11:45:26+00:00,2023-01-13,0000019617-23-000063
JPM,2023-04-14,bmo,2023-04-14T10:48:57+00:00,2023-04-14,0001628280-23-011546
JPM,2023-07-14,bmo,2023-07-14T10:46:08+00:00,2023-07-14,0000019617-23-000425
JPM,2023-10-13,bmo,2023-10-13T10:47:21+00:00,2023-10-13,0000019617-23-000508
JPM,2024-01-12,bmo,2024-01-12T11:47:22+00:00,2024-01-12,0000019617-24-000049
JPM,2024-04-12,bmo,2024-04-12T10:45:53+00:00,2024-04-12,0000019617-24-000315
JPM,2024-07-12,bmo,2024-07-12T10:46:30+00:00,2024-07-12,0000019617-24-000446
JPM,2024-10-11,bmo,2024-10-11T10:46:16+00:00,2024-10-11,0000019617-24-000555
JPM,2025-01-15,bmo,2025-01-15T11:46:01+00:00,2025-01-15,0000019617-25-000040
JPM,2025-04-11,bmo,2025-04-11T10:45:50+00:00,2025-04-11,0000019617-25-000332
JPM,2025-07-15,bmo,2025-07-15T10:30:58+00:00,2025-07-15,0000019617-25-000518
JPM,2025-10-14,bmo,2025-10-14T10:30:57+00:00,2025-10-14,0001628280-25-044845
JPM,2026-01-13,bmo,2026-01-13T11:41:09+00:00,2026-01-13,0001628280-26-001902
JPM,2026-04-14,bmo,2026-04-14T10:32:42+00:00,2026-04-14,0001628280-26-024990
JPM,2026-07-14,bmo,2026-07-14T10:30:38+00:00,2026-07-14,0001628280-26-048078
META,2016-01-27,amc,2016-01-27T21:07:50+00:00,2016-01-27,0001326801-16-000038
META,2016-04-27,amc,2016-04-27T20:28:32+00:00,2016-04-27,0001326801-16-000060
META,2016-07-27,amc,2016-07-27T20:13:39+00:00,2016-07-27,0001326801-16-000079
META,2016-11-02,amc,2016-11-02T20:11:08+00:00,2016-11-02,0001326801-16-000084
META,2017-02-01,amc,2017-02-01T21:04:53+00:00,2017-02-01,0001326801-17-000004
META,2017-05-03,amc,2017-05-03T20:13:45+00:00,2017-05-03,0001326801-17-000021
META,2017-07-26,amc,2017-07-26T20:07:54+00:00,2017-07-26,0001326801-17-000035
META,2017-11-01,amc,2017-11-01T20:11:06+00:00,2017-11-01,0001326801-17-000046
META,2018-01-31,amc,2018-01-31T21:10:19+00:00,2018-01-31,0001326801-18-000006
META,2018-04-25,amc,2018-04-25T20:18:44+00:00,2018-04-25,0001326801-18-000026
META,2018-07-25,amc,2018-07-25T20:08:39+00:00,2018-07-25,0001326801-18-000053
META,2018-10-30,amc,2018-10-30T20:14:19+00:00,2018-10-30,0001326801-18-000063
META,2019-01-30,amc,2019-01-30T21:16:27+00:00,2019-01-30,0001326801-19-000003
META,2019-04-24,amc,2019-04-24T20:09:20+00:00,2019-04-24,0001326801-19-000035
META,2019-07-24,amc,2019-07-24T20:27:15+00:00,2019-07-24,0001326801-19-000053
META,2019-10-30,amc,2019-10-30T20:13:02+00:00,2019-10-30,0001326801-19-000066
META,2020-01-29,amc,2020-01-29T21:10:08+00:00,2020-01-29,0001326801-20-000010
META,2020-04-29,amc,2020-04-29T20:10:26+00:00,2020-04-29,0001326801-20-000046
META,2020-07-30,amc,2020-07-30T23:18:23+00:00,2020-07-30,0001326801-20-000073
META,2020-10-29,amc,2020-10-29T20:07:58+00:00,2020-10-29,0001326801-20-000081
META,2021-01-27,amc,2021-01-27T21:08:08+00:00,2021-01-27,0001326801-21-000011
META,2021-04-28,amc,2021-04-28T20:09:19+00:00,2021-04-28,0001326801-21-000031
META,2021-07-28,amc,2021-07-28T20:08:06+00:00,2021-07-28,0001326801-21-000047
META,2021-10-25,amc,2021-10-25T20:08:12+00:00,2021-10-25,0001326801-21-000062
META,2022-02-02,amc,2022-02-02T21:08:34+00:00,2022-02-02,0001326801-22-000015
META,2022-04-27,amc,2022-04-27T20:07:54+00:00,2022-04-27,0001326801-22-000054
META,2022-07-27,amc,2022-07-27T20:07:22+00:00,2022-07-27,0001326801-22-000079
META,2022-10-26,amc,2022-10-26T20:19:09+00:00,2022-10-26,0001326801-22-000105
META,2023-02-01,amc,2023-02-01T21:22:15+00:00,2023-02-01,0001326801-23-000008
META,2023-04-26,amc,2023-04-26T20:18:04+00:00,2023-04-26,0001326801-23-000063
META,2023-07-26,amc,2023-07-26T20:06:51+00:00,2023-07-26,0001326801-23-000089
META,2023-10-25,amc,2023-10-25T20:20:51+00:00,2023-10-25,0001326801-23-000100
META,2024-02-01,amc,2024-02-01T21:10:29+00:00,2024-02-01,0001326801-24-000010
META,2024-04-24,amc,2024-04-24T20:07:26+00:00,2024-04-24,0001326801-24-000044
META,2024-07-31,amc,2024-07-31T20:11:20+00:00,2024-07-31,0001326801-24-000065
META,2024-10-30,amc,2024-10-30T20:08:12+00:00,2024-10-30,0001326801-24-000077
META,2025-01-29,amc,2025-01-29T21:47:14+00:00,2025-01-29,0001326801-25-000014
META,2025-04-30,amc,2025-04-30T20:16:00+00:00,2025-04-30,0001326801-25-000050
META,2025-07-30,amc,2025-07-30T20:13:01+00:00,2025-07-30,0001628280-25-036719
META,2025-10-29,amc,2025-10-29T20:08:34+00:00,2025-10-29,0001628280-25-047114
META,2026-01-28,amc,2026-01-28T21:04:20+00:00,2026-01-28,0001628280-26-003832
META,2026-04-29,amc,2026-04-29T20:05:41+00:00,2026-04-29,0001628280-26-028364
META,2026-07-29,amc,2026-07-29T20:03:23+00:00,2026-07-29,0001628280-26-050596
MSFT,2016-01-28,amc,2016-01-28T21:07:06+00:00,2016-01-28,0001193125-16-441813
MSFT,2016-04-21,amc,2016-04-21T20:07:06+00:00,2016-04-21,0001193125-16-550250
MSFT,2016-07-19,amc,2016-07-19T20:06:56+00:00,2016-07-19,0001193125-16-651176
MSFT,2016-10-20,amc,2016-10-20T20:06:32+00:00,2016-10-20,0001193125-16-742793
MSFT,2017-01-26,amc,2017-01-26T21:07:02+00:00,2017-01-26,0001193125-17-019726
MSFT,2017-04-27,amc,2017-04-27T20:08:56+00:00,2017-04-27,0001193125-17-142963
MSFT,2017-07-20,amc,2017-07-20T20:08:03+00:00,2017-07-20,0001193125-17-232047
MSFT,2017-10-26,amc,2017-10-26T20:04:05+00:00,2017-10-26,0001193125-17-321202
MSFT,2018-01-31,amc,2018-01-31T21:05:57+00:00,2018-01-31,0001193125-18-027377
MSFT,2018-04-26,amc,2018-04-26T20:04:03+00:00,2018-04-26,0001193125-18-134732
MSFT,2018-07-19,amc,2018-07-19T20:02:35+00:00,2018-07-19,0001193125-18-221458
MSFT,2018-10-24,amc,2018-10-24T20:03:06+00:00,2018-10-24,0001193125-18-306365
MSFT,2019-01-30,amc,2019-01-30T21:03:36+00:00,2019-01-30,0001193125-19-022553
MSFT,2019-04-24,amc,2019-04-24T20:04:03+00:00,2019-04-24,0001193125-19-117108
MSFT,2019-07-18,amc,2019-07-18T20:03:33+00:00,2019-07-18,0001193125-19-196501
MSFT,2019-10-23,amc,2019-10-23T20:06:06+00:00,2019-10-23,0001193125-19-272562
MSFT,2020-01-29,amc,2020-01-29T21:03:50+00:00,2020-01-29,0001193125-20-018383
MSFT,2020-04-29,amc,2020-04-29T20:03:54+00:00,2020-04-29,0001193125-20-126089
MSFT,2020-07-22,amc,2020-07-22T20:03:04+00:00,2020-07-22,0001193125-20-197109
MSFT,2020-10-27,amc,2020-10-27T20:12:57+00:00,2020-10-27,0001193125-20-278410
MSFT,2021-01-26,amc,2021-01-26T21:04:05+00:00,2021-01-26,0001193125-21-017683
MSFT,2021-04-27,amc,2021-04-27T20:04:57+00:00,2021-04-27,0001193125-21-134213
MSFT,2021-07-27,amc,2021-07-27T20:41:19+00:00,2021-07-27,0001193125-21-225746
MSFT,2021-10-26,amc,2021-10-26T20:04:14+00:00,2021-10-26,0001193125-21-307941
MSFT,2022-01-25,amc,2022-01-25T21:03:05+00:00,2022-01-25,0001193125-22-017041
MSFT,2022-04-26,amc,2022-04-26T20:03:59+00:00,2022-04-26,0001193125-22-120207
MSFT,2022-07-26,amc,2022-07-26T20:02:59+00:00,2022-07-26,0001193125-22-202034
MSFT,2022-10-25,amc,2022-10-25T20:02:59+00:00,2022-10-25,0001193125-22-268356
MSFT,2023-01-24,amc,2023-01-24T21:28:00+00:00,2023-01-24,0001193125-23-014230
MSFT,2023-04-25,amc,2023-04-25T20:03:03+00:00,2023-04-25,0001193125-23-115280
MSFT,2023-07-25,amc,2023-07-25T20:02:47+00:00,2023-07-25,0000950170-23-034400
MSFT,2023-10-24,amc,2023-10-24T20:03:29+00:00,2023-10-24,0000950170-23-054848
MSFT,2024-01-30,amc,2024-01-30T21:03:17+00:00,2024-01-30,0000950170-24-008809
MSFT,2024-04-25,amc,2024-04-25T20:03:19+00:00,2024-04-25,0000950170-24-048268
MSFT,2024-07-30,amc,2024-07-30T20:03:22+00:00,2024-07-30,0000950170-24-087835
MSFT,2024-10-30,amc,2024-10-30T20:04:07+00:00,2024-10-30,0000950170-24-118955
MSFT,2025-01-29,amc,2025-01-29T21:08:56+00:00,2025-01-29,0000950170-25-010484
MSFT,2025-04-30,amc,2025-04-30T20:06:03+00:00,2025-04-30,0000950170-25-061032
MSFT,2025-07-30,amc,2025-07-30T20:08:53+00:00,2025-07-30,0000950170-25-100226
MSFT,2025-10-29,amc,2025-10-29T20:07:42+00:00,2025-10-29,0001193125-25-256310
MSFT,2026-01-28,amc,2026-01-28T21:04:38+00:00,2026-01-28,0001193125-26-027198
MSFT,2026-04-29,amc,2026-04-29T20:03:31+00:00,2026-04-29,0001193125-26-191457
MSFT,2026-07-29,amc,2026-07-29T20:04:53+00:00,2026-07-29,0001193125-26-323632
NVDA,2016-02-17,amc,2016-02-17T21:28:19+00:00,2016-02-17,0001045810-16-000189
NVDA,2016-05-12,amc,2016-05-12T20:39:07+00:00,2016-05-12,0001045810-16-000243
NVDA,2016-08-11,amc,2016-08-11T20:22:20+00:00,2016-08-11,0001045810-16-000292
NVDA,2016-11-10,amc,2016-11-10T21:21:36+00:00,2016-11-10,0001045810-16-000343
NVDA,2017-02-09,amc,2017-02-09T21:23:02+00:00,2017-02-09,0001045810-17-000016
NVDA,2017-05-09,amc,2017-05-09T20:21:40+00:00,2017-05-09,0001045810-17-000068
NVDA,2017-08-10,amc,2017-08-10T20:23:58+00:00,2017-08-10,0001045810-17-000117
NVDA,2017-11-09,amc,2017-11-09T21:23:57+00:00,2017-11-09,0001045810-17-000164
NVDA,2018-02-08,amc,2018-02-08T21:23:23+00:00,2018-02-08,0001045810-18-000004
NVDA,2018-05-10,amc,2018-05-10T20:25:11+00:00,2018-05-10,0001045810-18-000052
NVDA,2018-08-16,amc,2018-08-16T20:20:21+00:00,2018-08-16,0001045810-18-000113
NVDA,2018-11-15,amc,2018-11-15T21:21:48+00:00,2018-11-15,0001045810-18-000148
NVDA,2019-01-28,bmo,2019-01-28T14:04:54+00:00,,0001045810-19-000004
NVDA,2019-02-14,amc,2019-02-14T21:23:06+00:00,2019-02-14,0001045810-19-000007
NVDA,2019-05-16,amc,2019-05-16T20:22:47+00:00,2019-05-16,0001045810-19-000077
NVDA,2019-08-15,amc,2019-08-15T20:27:50+00:00,2019-08-15,0001045810-19-000140
NVDA,2019-11-14,amc,2019-11-14T21:21:53+00:00,2019-11-14,0001045810-19-000168
NVDA,2020-02-13,amc,2020-02-13T21:21:20+00:00,2020-02-13,0001045810-20-000007
NVDA,2020-05-21,amc,2020-05-21T20:22:07+00:00,2020-05-21,0001045810-20-000063
NVDA,2020-08-19,amc,2020-08-19T20:21:46+00:00,2020-08-19,0001045810-20-000145
NVDA,2020-11-18,amc,2020-11-18T21:21:51+00:00,2020-11-18,0001045810-20-000187
NVDA,2021-02-24,amc,2021-02-24T21:22:27+00:00,2021-02-24,0001045810-21-000007
NVDA,2021-05-26,amc,2021-05-26T20:20:35+00:00,2021-05-26,0001045810-21-000063
NVDA,2021-08-18,amc,2021-08-18T20:21:07+00:00,2021-08-18,0001045810-21-000128
NVDA,2021-11-17,amc,2021-11-17T21:20:59+00:00,2021-11-17,0001045810-21-000160
NVDA,2022-02-16,amc,2022-02-16T21:21:16+00:00,2022-02-16,0001045810-22-000008
NVDA,2022-05-25,amc,2022-05-25T20:22:25+00:00,2022-05-25,0001045810-22-000073
NVDA,2022-08-08,bmo,2022-08-08T13:16:50+00:00,,0001045810-22-000133
NVDA,2022-08-24,amc,2022-08-24T20:24:34+00:00,2022-08-24,0001045810-22-000136
NVDA,2022-11-16,amc,2022-11-16T21:21:18+00:00,2022-11-16,0001045810-22-000163
NVDA,2023-02-22,amc,2023-02-22T21:52:26+00:00,2023-02-22,0001045810-23-000014
NVDA,2023-05-24,amc,2023-05-24T20:22:18+00:00,2023-05-24,0001045810-23-000087
NVDA,2023-08-23,amc,2023-08-23T20:21:42+00:00,2023-08-23,0001045810-23-000171
NVDA,2023-11-21,amc,2023-11-21T21:22:00+00:00,2023-11-21,0001045810-23-000225
NVDA,2024-02-21,amc,2024-02-21T21:22:09+00:00,2024-02-21,0001045810-24-000028
NVDA,2024-05-22,amc,2024-05-22T20:21:29+00:00,2024-05-22,0001045810-24-000113
NVDA,2024-08-28,amc,2024-08-28T20:21:16+00:00,2024-08-28,0001045810-24-000262
NVDA,2024-11-20,amc,2024-11-20T21:21:20+00:00,2024-11-20,0001045810-24-000315
NVDA,2025-02-26,amc,2025-02-26T21:21:32+00:00,2025-02-26,0001045810-25-000021
NVDA,2025-05-28,amc,2025-05-28T20:21:30+00:00,2025-05-28,0001045810-25-000115
NVDA,2025-08-27,amc,2025-08-27T20:22:14+00:00,2025-08-27,0001045810-25-000207
NVDA,2025-11-19,amc,2025-11-19T21:20:44+00:00,2025-11-19,0001045810-25-000228
NVDA,2026-02-25,amc,2026-02-25T21:31:25+00:00,2026-02-25,0001045810-26-000019
NVDA,2026-05-20,amc,2026-05-20T20:21:19+00:00,2026-05-20,0001045810-26-000051
NVDA,2026-08-26,amc,2026-08-26T20:21:19+00:00,2026-08-26,0001045810-26-000073
UNH,2016-01-19,bmo,2016-01-19T11:03:19+00:00,2016-01-19,0000731766-16-000055
UNH,2016-04-19,bmo,2016-04-19T10:02:38+00:00,2016-04-19,0000731766-16-000065
UNH,2016-07-19,bmo,2016-07-19T10:03:22+00:00,2016-07-19,0000731766-16-000079
UNH,2016-10-18,bmo,2016-10-18T10:01:10+00:00,2016-10-18,0000731766-16-000085
UNH,2017-01-17,bmo,2017-01-17T11:01:51+00:00,2017-01-17,0000731766-17-000004
UNH,2017-04-18,bmo,2017-04-18T10:00:33+00:00,2017-04-18,0000731766-17-000013
UNH,2017-07-18,bmo,2017-07-18T10:03:23+00:00,2017-07-18,0000731766-17-000025
UNH,2017-10-17,bmo,2017-10-17T10:15:35+00:00,2017-10-17,0000731766-17-000039
UNH,2018-01-16,bmo,2018-01-16T11:08:32+00:00,2018-01-16,0000731766-18-000002
UNH,2018-04-17,bmo,2018-04-17T10:04:59+00:00,2018-04-17,0000731766-18-000015
UNH,2018-07-17,bmo,2018-07-17T10:04:43+00:00,2018-07-17,0000731766-18-000027
UNH,2018-10-16,bmo,2018-10-16T10:03:51+00:00,2018-10-16,0000731766-18-000037
UNH,2019-01-15,bmo,2019-01-15T11:02:32+00:00,2019-01-15,0000731766-19-000002
UNH,2019-04-16,bmo,2019-04-16T10:08:16+00:00,2019-04-16,0000731766-19-000011
UNH,2019-07-18,bmo,2019-07-18T10:02:52+00:00,2019-07-18,0000731766-19-000023
UNH,2019-10-15,bmo,2019-10-15T10:34:26+00:00,2019-10-15,0000731766-19-000031
UNH,2020-01-15,bmo,2020-01-15T11:04:55+00:00,2020-01-15,0000731766-20-000002
UNH,2020-04-15,bmo,2020-04-15T10:06:30+00:00,2020-04-15,0000731766-20-000020
UNH,2020-07-15,bmo,2020-07-15T10:04:29+00:00,2020-07-15,0000731766-20-000038
UNH,2020-10-14,bmo,2020-10-14T10:03:06+00:00,2020-10-14,0000731766-20-000045
UNH,2021-01-20,bmo,2021-01-20T11:01:22+00:00,2021-01-20,0000731766-21-000002
UNH,2021-04-15,bmo,2021-04-15T10:03:26+00:00,2021-04-15,0000731766-21-000018
UNH,2021-07-15,bmo,2021-07-15T10:03:56+00:00,2021-07-15,0000731766-21-000033
UNH,2021-10-14,bmo,2021-10-14T10:05:32+00:00,2021-10-14,0000731766-21-000040
UNH,2022-01-19,bmo,2022-01-19T11:03:59+00:00,2022-01-19,0000731766-22-000004
UNH,2022-04-14,bmo,2022-04-14T10:02:26+00:00,2022-04-14,0000731766-22-000016
UNH,2022-07-15,bmo,2022-07-15T10:02:07+00:00,2022-07-15,0000731766-22-000033
UNH,2022-10-14,bmo,2022-10-14T10:06:29+00:00,2022-10-14,0000731766-22-000041
UNH,2023-01-13,bmo,2023-01-13T11:01:14+00:00,2023-01-13,0000731766-23-000003
UNH,2023-04-14,bmo,2023-04-14T10:02:56+00:00,2023-04-14,0000731766-23-000026
UNH,2023-07-14,bmo,2023-07-14T10:04:16+00:00,2023-07-14,0000731766-23-000049
UNH,2023-10-13,bmo,2023-10-13T10:03:32+00:00,2023-10-13,0000731766-23-000058
UNH,2024-01-12,bmo,2024-01-12T11:01:27+00:00,2024-01-12,0000731766-24-000023
UNH,2024-04-16,bmo,2024-04-16T10:01:51+00:00,2024-04-16,0000731766-24-000146
UNH,2024-07-16,bmo,2024-07-16T10:01:27+00:00,2024-07-16,0000731766-24-000242
UNH,2024-10-15,bmo,2024-10-15T10:03:51+00:00,2024-10-15,0000731766-24-000320
UNH,2025-01-16,bmo,2025-01-16T11:02:08+00:00,2025-01-16,0000731766-25-000022
UNH,2025-04-17,bmo,2025-04-17T10:01:37+00:00,2025-04-17,0000731766-25-000123
UNH,2025-07-29,bmo,2025-07-29T10:04:05+00:00,2025-07-29,0000731766-25-000228
UNH,2025-10-28,bmo,2025-10-28T10:02:08+00:00,2025-10-28,0000731766-25-000301
UNH,2026-01-27,bmo,2026-01-27T11:02:29+00:00,2026-01-27,0000731766-26-000025
UNH,2026-04-21,bmo,2026-04-21T10:02:24+00:00,2026-04-21,0000731766-26-000121
UNH,2026-07-16,bmo,2026-07-16T10:00:59+00:00,2026-07-16,0000731766-26-000191
XOM,2016-02-02,bmo,2016-02-02T13:00:40+00:00,2016-02-02,0000034088-16-000053
XOM,2016-02-19,dmh,2016-02-19T20:05:23+00:00,,0000034088-16-000060
XOM,2016-03-08,dmh,2016-03-08T18:48:51+00:00,,0001193125-16-496516
XOM,2016-04-29,bmo,2016-04-29T12:00:38+00:00,2016-04-29,0000034088-16-000068
XOM,2016-07-29,bmo,2016-07-29T12:00:31+00:00,2016-07-29,0000034088-16-000080
XOM,2016-10-28,bmo,2016-10-28T12:00:38+00:00,2016-10-28,0000034088-16-000093
XOM,2017-01-31,bmo,2017-01-31T13:00:27+00:00,2017-01-31,0000034088-17-000014
XOM,2017-02-23,dmh,2017-02-23T17:52:41+00:00,,0000034088-17-000019
XOM,2017-04-28,bmo,2017-04-28T12:00:37+00:00,2017-04-28,0000034088-17-000025
XOM,2017-07-28,bmo,2017-07-28T12:00:23+00:00,2017-07-28,0000034088-17-000038
XOM,2017-10-27,bmo,2017-10-27T12:00:26+00:00,2017-10-27,0000034088-17-000044
XOM,2018-02-02,bmo,2018-02-02T13:00:27+00:00,2018-02-02,0000034088-18-000006
XOM,2018-02-09,dmh,2018-02-09T20:24:11+00:00,,0000034088-18-000012
XOM,2018-04-27,bmo,2018-04-27T12:00:25+00:00,2018-04-27,0000034088-18-000020
XOM,2018-07-27,bmo,2018-07-27T12:01:05+00:00,2018-07-27,0000034088-18-000037
XOM,2018-11-02,bmo,2018-11-02T11:55:40+00:00,2018-11-02,0000034088-18-000046
XOM,2019-02-01,bmo,2019-02-01T12:58:33+00:00,2019-02-01,0000034088-19-000002
XOM,2019-02-26,amc,2019-02-26T21:54:04+00:00,,0000034088-19-000007
XOM,2019-04-26,bmo,2019-04-26T11:58:29+00:00,2019-04-26,0000034088-19-000015
XOM,2019-08-02,bmo,2019-08-02T11:28:30+00:00,2019-08-02,0000034088-19-000039
XOM,2019-11-01,bmo,2019-11-01T11:28:11+00:00,2019-11-01,0000034088-19-000060
XOM,2020-01-31,bmo,2020-01-31T12:28:47+00:00,2020-01-31,0000034088-20-000011
XOM,2020-05-01,bmo,2020-05-01T11:33:38+00:00,2020-05-01,0000034088-20-000035
XOM,2020-07-31,bmo,2020-07-31T12:39:10+00:00,2020-07-31,0000034088-20-000066
XOM,2020-10-30,bmo,2020-10-30T11:28:31+00:00,2020-10-30,0000034088-20-000087
XOM,2021-02-02,bmo,2021-02-02T12:27:16+00:00,2021-02-02,0000034088-21-000004
XOM,2021-04-30,bmo,2021-04-30T11:28:42+00:00,2021-04-30,0000034088-21-000021
XOM,2021-07-30,bmo,2021-07-30T11:28:29+00:00,2021-07-30,0000034088-21-000046
XOM,2021-10-29,bmo,2021-10-29T11:30:10+00:00,2021-10-29,0000034088-21-000061
XOM,2022-02-01,bmo,2022-02-01T12:25:00+00:00,2022-02-01,0000034088-22-000005
XOM,2022-04-29,bmo,2022-04-29T10:02:06+00:00,2022-04-29,0000034088-22-000023
XOM,2022-07-29,bmo,2022-07-29T10:31:59+00:00,2022-07-29,0000034088-22-000048
XOM,2022-10-28,bmo,2022-10-28T10:32:12+00:00,2022-10-28,0000034088-22-000057
XOM,2023-01-31,bmo,2023-01-31T11:32:51+00:00,2023-01-31,0000034088-23-000011
XOM,2023-04-28,bmo,2023-04-28T10:32:24+00:00,2023-04-28,0000034088-23-000028
XOM,2023-07-28,bmo,2023-07-28T10:32:19+00:00,2023-07-28,0000034088-23-000046
XOM,2023-10-27,bmo,2023-10-27T10:31:48+00:00,2023-10-27,0000034088-23-000054
XOM,2024-02-02,bmo,2024-02-02T11:31:50+00:00,2024-02-02,0000034088-24-000007
XOM,2024-04-26,bmo,2024-04-26T10:31:49+00:00,2024-04-26,0000034088-24-000025
XOM,2024-08-02,bmo,2024-08-02T10:31:19+00:00,2024-08-02,0000034088-24-000048
XOM,2024-11-01,bmo,2024-11-01T10:32:12+00:00,2024-11-01,0000034088-24-000066
XOM,2025-01-31,bmo,2025-01-31T11:31:20+00:00,2025-01-31,0000034088-25-000006
XOM,2025-05-02,bmo,2025-05-02T10:31:37+00:00,2025-05-02,0000034088-25-000022
XOM,2025-08-01,bmo,2025-08-01T10:32:05+00:00,2025-08-01,0000034088-25-000040
XOM,2025-10-31,bmo,2025-10-31T10:31:49+00:00,2025-10-31,0000034088-25-000059
XOM,2026-01-30,bmo,2026-01-30T11:31:24+00:00,2026-01-30,0000034088-26-000033
XOM,2026-05-01,bmo,2026-05-01T10:31:52+00:00,2026-05-01,0000034088-26-000065
