n_folds,meta_skipped_folds,n_oos_events,meta_logloss,brier,meta_auc,sharpe_primary,sharpe_buy_hold,sizer,position_mode,sizer_skipped_folds,n_trades,avg_size,ret_ann,vol_ann,sharpe,calmar,max_dd,turnover,exposure,psr,sr_skew,sr_kurt,n_obs
14,0,243,0.701262797845111,0.2536494741440976,0.5406356801093644,0.2791411089381367,0.6417934178488057,fixed,single,0,67,1.0,-0.05120641900487466,0.1497196272487255,-0.27635828168979154,-0.21229632068788096,-0.24120257401991707,36.38851965288599,0.5708154506437768,0.2981555665434078,0.282754794120991,9.506942764063997,931
14,0,243,0.701262797845111,0.2536494741440976,0.5406356801093644,0.2791411089381367,0.6417934178488057,fixed,average,0,158,0.9554794520547949,0.04880243296048281,0.15298872136980843,0.3878271054562635,0.2702319927468039,-0.180594578992757,25.928086411138704,0.6781115879828328,0.7723056672503446,0.13992030605762143,5.576355397941737,931
14,0,243,0.701262797845111,0.2536494741440976,0.5406356801093644,0.2791411089381367,0.6417934178488057,linear,single,0,64,0.2412526997840173,0.0015122721785125748,0.03553925111784459,0.0602787405199732,0.023312804722038435,-0.06486873615352551,8.289909484451414,0.5654506437768241,0.5460925171833232,-0.2920930673439671,10.413199351426341,931
14,0,243,0.701262797845111,0.2536494741440976,0.5406356801093644,0.2791411089381367,0.6417934178488057,linear,average,0,158,0.22883031301482676,0.022440180563337853,0.03831689220963644,0.598331241602079,0.4206200585077558,-0.0533502387949577,5.65100982617233,0.6802575107296137,0.8752024385696606,0.1183988214210903,7.2833186009612,931
14,0,243,0.701262797845111,0.2536494741440976,0.5406356801093644,0.2791411089381367,0.6417934178488057,ldp_sigmoid,single,0,63,0.20593406593406588,0.0020175826682389264,0.031063385360156043,0.0803973919832708,0.03626086524168561,-0.05564077566244907,6.991516386597318,0.555793991416309,0.5614264393671828,0.155103044191836,11.409050154487952,931
14,0,243,0.701262797845111,0.2536494741440976,0.5406356801093644,0.2791411089381367,0.6417934178488057,ldp_sigmoid,average,0,158,0.19510135135135132,0.023331903936256948,0.03214691329433833,0.7335344731018514,0.5244813649670651,-0.04448566811848897,5.003244118625043,0.6652360515021459,0.9216216849453988,0.25626001662370107,6.9717490575742955,931
14,0,243,0.701262797845111,0.2536494741440976,0.5406356801093644,0.2791411089381367,0.6417934178488057,ecdf,single,0,65,0.6361471861471859,0.028613946993717665,0.10442968158091202,0.322280413134304,0.19275789746915997,-0.14844500468934463,22.422180604574017,0.5654506437768241,0.7325699222331826,0.239961369000458,12.31204800826377,931
14,0,243,0.701262797845111,0.2536494741440976,0.5406356801093644,0.2791411089381367,0.6417934178488057,ecdf,average,0,158,0.6089030206677271,0.07620130517859192,0.1096351584224983,0.7245821085507337,0.6137461779291585,-0.12415768589501086,15.282570583395724,0.7006437768240343,0.9197278692645641,0.40471493594246055,7.775680454269081,931
14,0,243,0.701262797845111,0.2536494741440976,0.5406356801093644,0.2791411089381367,0.6417934178488057,kelly_capped,single,0,44,0.09999999999999996,0.006090146435604238,0.011487157801292296,0.5343063577399667,0.29713819013294385,-0.020496007035916253,2.384783436897664,0.40450643776824036,0.8466924935538531,-0.2116491107881171,7.919866648889717,931
14,0,243,0.701262797845111,0.2536494741440976,0.5406356801093644,0.2791411089381367,0.6417934178488057,kelly_capped,average,0,145,0.10000000000000021,0.005046131741722304,0.01126257862104062,0.4525466397835557,0.33017015025689717,-0.015283428068212812,1.5726960454864944,0.3776824034334764,0.8080981720305762,0.15023624052169107,9.962418164261283,931
