symbol,timeframe,first,last,n_bars,n_sessions,sessions_missing,sessions_incomplete,incomplete_dates,sessions_missing_last_bar,missing_last_bar_dates,early_close_sessions,expected_bars,missing_bars,missing_pct,extra_bars,bars_off_calendar,duplicate_stamps,nan_rows,zero_volume,nonpositive_price,ohlc_violations,max_abs_ret_intrasession,max_abs_ret_session_gap,completeness_from
SPY,5Min,2016-01-04T09:30:00-05:00,2025-09-30T15:55:00-04:00,190402,2450,0,0,,1,2019-08-12,19,190416,14,7.352323334173598e-05,0,0,0,0,0,0,0,0.03809504345680459,0.11750905054119443,
SPY,1Hour,2016-01-04T09:30:00-05:00,2025-09-30T15:30:00-04:00,17093,2450,0,0,,0,,19,17093,0,0.0,0,0,0,0,0,0,0,0.04829648523789576,0.0969475362666401,
SPY,1Day,2016-01-04T00:00:00-05:00,2025-09-30T00:00:00-04:00,2450,2450,0,0,,1,2019-08-12,0,2450,0,0.0,0,0,0,0,0,0,0,,0.12369194596206157,5Min
QQQ,5Min,2016-01-04T09:30:00-05:00,2025-09-30T15:55:00-04:00,190245,2450,0,2,2018-05-02 2018-05-03,2,2018-05-02 2018-05-03,19,190416,171,0.000898033778674061,0,0,0,0,0,0,0,0.03975979171379862,0.1074424288976914,
QQQ,1Hour,2016-01-04T09:30:00-05:00,2025-09-30T15:30:00-04:00,17081,2450,0,2,2018-05-02 2018-05-03,2,2018-05-02 2018-05-03,19,17093,12,0.0007020417714854034,0,0,0,0,0,0,0,0.05258982057191819,0.08963569059306575,
QQQ,1Day,2016-01-04T00:00:00-05:00,2025-09-30T00:00:00-04:00,2450,2450,0,2,2018-05-02 2018-05-03,2,2018-05-02 2018-05-03,0,2450,0,0.0,0,0,0,0,0,0,0,,0.13433082691363118,5Min
IWM,5Min,2016-01-04T09:30:00-05:00,2025-09-30T15:55:00-04:00,190402,2450,0,0,,1,2019-08-12,19,190416,14,7.352323334173598e-05,0,0,0,0,0,0,0,0.05619204159626179,0.11841827321120846,
IWM,1Hour,2016-01-04T09:30:00-05:00,2025-09-30T15:30:00-04:00,17093,2450,0,0,,0,,19,17093,0,0.0,0,0,0,0,0,0,0,0.06255948214273044,0.11170069069799293,
IWM,1Day,2016-01-04T00:00:00-05:00,2025-09-30T00:00:00-04:00,2450,2450,0,0,,1,2019-08-12,0,2450,0,0.0,0,0,0,0,0,0,0,,0.14732471475685838,5Min
DIA,5Min,2016-01-04T09:30:00-05:00,2025-09-30T15:55:00-04:00,190400,2450,0,0,,1,2019-08-12,19,190416,16,8.402655239055541e-05,0,0,0,0,0,0,0,0.03416690924656329,0.11388326379310154,
DIA,1Hour,2016-01-04T09:30:00-05:00,2025-09-30T15:30:00-04:00,17092,2450,0,0,,1,2019-08-12,19,17093,1,5.8503480957116946e-05,0,0,0,0,0,0,0,0.0454082765253343,0.10329486601909377,
DIA,1Day,2016-01-04T00:00:00-05:00,2025-09-30T00:00:00-04:00,2450,2450,0,0,,1,2019-08-12,0,2450,0,0.0,0,0,0,0,0,0,0,,0.1366795600664279,5Min
XLF,5Min,2016-01-04T09:30:00-05:00,2025-09-30T15:55:00-04:00,190401,2450,0,0,,1,2019-08-12,19,190416,15,7.87748928661457e-05,0,0,0,0,0,0,0,0.04106970085613515,0.19539902268055487,
XLF,1Hour,2016-01-04T09:30:00-05:00,2025-09-30T15:30:00-04:00,17092,2450,0,0,,1,2019-08-12,19,17093,1,5.8503480957116946e-05,0,0,0,0,0,0,0,0.05080297812374379,0.1910552367627094,
XLF,1Day,2016-01-04T00:00:00-05:00,2025-09-30T00:00:00-04:00,2450,2450,0,0,,1,2019-08-12,0,2450,0,0.0,0,0,0,0,0,0,0,,0.19726643685535006,5Min
XLK,5Min,2016-01-04T09:30:00-05:00,2025-09-30T15:55:00-04:00,190401,2450,0,0,,1,2019-08-12,19,190416,15,7.87748928661457e-05,0,0,0,0,0,0,0,0.0428864316421711,0.13751853848024131,
XLK,1Hour,2016-01-04T09:30:00-05:00,2025-09-30T15:30:00-04:00,17092,2450,0,0,,1,2019-08-12,19,17093,1,5.8503480957116946e-05,0,0,0,0,0,0,0,0.06532511230973137,0.10494236804562851,
XLK,1Day,2016-01-04T00:00:00-05:00,2025-09-30T00:00:00-04:00,2450,2450,0,0,,1,2019-08-12,0,2450,0,0.0,0,0,0,0,0,0,0,,0.14881154976689448,5Min
XLE,5Min,2016-01-04T09:30:00-05:00,2025-09-30T15:55:00-04:00,190401,2450,0,0,,1,2019-08-12,19,190416,15,7.87748928661457e-05,0,0,0,0,0,0,0,0.04245119570561995,0.21207332755996333,
XLE,1Hour,2016-01-04T09:30:00-05:00,2025-09-30T15:30:00-04:00,17093,2450,0,0,,0,,19,17093,0,0.0,0,0,0,0,0,0,0,0.06934307285631602,0.1745595514584659,
XLE,1Day,2016-01-04T00:00:00-05:00,2025-09-30T00:00:00-04:00,2450,2450,0,0,,1,2019-08-12,0,2450,0,0.0,0,0,0,0,0,0,0,,0.22515546873046466,5Min
XLV,5Min,2016-01-04T09:30:00-05:00,2025-09-30T15:55:00-04:00,190401,2450,0,0,,1,2019-08-12,19,190416,15,7.87748928661457e-05,0,0,0,0,0,0,0,0.03242945928032093,0.09546993697376749,
XLV,1Hour,2016-01-04T09:30:00-05:00,2025-09-30T15:30:00-04:00,17092,2450,0,0,,1,2019-08-12,19,17093,1,5.8503480957116946e-05,0,0,0,0,0,0,0,0.039411966500797924,0.08244174920800251,
XLV,1Day,2016-01-04T00:00:00-05:00,2025-09-30T00:00:00-04:00,2450,2450,0,0,,1,2019-08-12,0,2450,0,0.0,0,0,0,0,0,0,0,,0.10470536863578506,5Min
TLT,5Min,2016-01-04T09:30:00-05:00,2025-09-30T15:55:00-04:00,190245,2450,0,2,2018-05-02 2018-05-03,2,2018-05-02 2018-05-03,19,190416,171,0.000898033778674061,0,0,0,0,0,0,0,0.020973724748210465,0.07323007320202812,
TLT,1Hour,2016-01-04T09:30:00-05:00,2025-09-30T15:30:00-04:00,17081,2450,0,2,2018-05-02 2018-05-03,2,2018-05-02 2018-05-03,19,17093,12,0.0007020417714854034,0,0,0,0,0,0,0,0.03475581708003084,0.04790180939619848,
TLT,1Day,2016-01-04T00:00:00-05:00,2025-09-30T00:00:00-04:00,2450,2450,0,2,2018-05-02 2018-05-03,2,2018-05-02 2018-05-03,0,2450,0,0.0,0,0,0,0,0,0,0,,0.06816042349425988,5Min
GLD,5Min,2016-01-04T09:30:00-05:00,2025-09-30T15:55:00-04:00,190401,2450,0,0,,1,2019-08-12,19,190416,15,7.87748928661457e-05,0,0,0,0,0,0,0,0.010891260198621744,0.05142315608502557,
GLD,1Hour,2016-01-04T09:30:00-05:00,2025-09-30T15:30:00-04:00,17092,2450,0,0,,1,2019-08-12,19,17093,1,5.8503480957116946e-05,0,0,0,0,0,0,0,0.02651617944904494,0.04810640345903128,
GLD,1Day,2016-01-04T00:00:00-05:00,2025-09-30T00:00:00-04:00,2450,2450,0,0,,1,2019-08-12,0,2450,0,0.0,0,0,0,0,0,0,0,,0.055020089446136566,5Min
AAPL,5Min,2016-01-04T09:30:00-05:00,2025-09-30T15:55:00-04:00,190245,2450,0,2,2018-05-02 2018-05-03,2,2018-05-02 2018-05-03,19,190416,171,0.000898033778674061,0,0,0,0,0,0,0,0.04084197766780129,0.13346749554140303,
AAPL,1Hour,2016-01-04T09:30:00-05:00,2025-09-30T15:30:00-04:00,17081,2450,0,2,2018-05-02 2018-05-03,2,2018-05-02 2018-05-03,19,17093,12,0.0007020417714854034,0,0,0,0,0,0,0,0.06260212372011331,0.10889540769095785,
AAPL,1Day,2016-01-04T00:00:00-05:00,2025-09-30T00:00:00-04:00,2450,2450,0,2,2018-05-02 2018-05-03,2,2018-05-02 2018-05-03,0,2450,0,0.0,0,0,0,0,0,0,0,,0.14116444622321556,5Min
MSFT,5Min,2016-01-04T09:30:00-05:00,2025-09-30T15:55:00-04:00,190245,2450,0,2,2018-05-02 2018-05-03,2,2018-05-02 2018-05-03,19,190416,171,0.000898033778674061,0,0,0,0,0,0,0,0.03641397219784093,0.12614401600959813,
MSFT,1Hour,2016-01-04T09:30:00-05:00,2025-09-30T15:30:00-04:00,17081,2450,0,2,2018-05-02 2018-05-03,2,2018-05-02 2018-05-03,19,17093,12,0.0007020417714854034,0,0,0,0,0,0,0,0.08604395485211835,0.10021304962728905,
MSFT,1Day,2016-01-04T00:00:00-05:00,2025-09-30T00:00:00-04:00,2450,2450,0,2,2018-05-02 2018-05-03,2,2018-05-02 2018-05-03,0,2450,0,0.0,0,0,0,0,0,0,0,,0.15961095083742638,5Min
NVDA,5Min,2016-01-04T09:30:00-05:00,2025-09-30T15:55:00-04:00,190245,2450,0,2,2018-05-02 2018-05-03,2,2018-05-02 2018-05-03,19,190416,171,0.000898033778674061,0,0,0,0,0,0,0,0.052911417717961484,0.212556181995613,
NVDA,1Hour,2016-01-04T09:30:00-05:00,2025-09-30T15:30:00-04:00,17081,2450,0,2,2018-05-02 2018-05-03,2,2018-05-02 2018-05-03,19,17093,12,0.0007020417714854034,0,0,0,0,0,0,0,0.07856042072789005,0.22812455518971575,
NVDA,1Day,2016-01-04T00:00:00-05:00,2025-09-30T00:00:00-04:00,2450,2450,0,2,2018-05-02 2018-05-03,2,2018-05-02 2018-05-03,0,2450,0,0.0,0,0,0,0,0,0,0,,0.2593048823009403,5Min
AMZN,5Min,2016-01-04T09:30:00-05:00,2025-09-30T15:55:00-04:00,190245,2450,0,2,2018-05-02 2018-05-03,2,2018-05-02 2018-05-03,19,190416,171,0.000898033778674061,0,0,0,0,0,0,0,0.04031553717845959,0.11107900946785065,
AMZN,1Hour,2016-01-04T09:30:00-05:00,2025-09-30T15:30:00-04:00,17081,2450,0,2,2018-05-02 2018-05-03,2,2018-05-02 2018-05-03,19,17093,12,0.0007020417714854034,0,0,0,0,0,0,0,0.055025428928149545,0.13141418546031236,
AMZN,1Day,2016-01-04T00:00:00-05:00,2025-09-30T00:00:00-04:00,2450,2450,0,2,2018-05-02 2018-05-03,2,2018-05-02 2018-05-03,0,2450,0,0.0,0,0,0,0,0,0,0,,0.15543726733184826,5Min
GOOGL,5Min,2016-01-04T09:30:00-05:00,2025-09-30T15:55:00-04:00,190244,2450,0,2,2018-05-02 2018-05-03,2,2018-05-02 2018-05-03,19,190416,172,0.0009032854381984708,0,0,0,0,0,0,0,0.03173786261093614,0.10804259819049244,
GOOGL,1Hour,2016-01-04T09:30:00-05:00,2025-09-30T15:30:00-04:00,17081,2450,0,2,2018-05-02 2018-05-03,2,2018-05-02 2018-05-03,19,17093,12,0.0007020417714854034,0,0,0,0,0,0,0,0.061708091329783166,0.09607522715815353,
GOOGL,1Day,2016-01-04T00:00:00-05:00,2025-09-30T00:00:00-04:00,2450,2450,0,2,2018-05-02 2018-05-03,2,2018-05-02 2018-05-03,0,2450,0,0.0,0,0,0,0,0,0,0,,0.12391150208902069,5Min
META,5Min,2016-01-04T09:30:00-05:00,2025-09-30T15:55:00-04:00,190245,2450,0,2,2018-05-02 2018-05-03,2,2018-05-02 2018-05-03,19,190416,171,0.000898033778674061,0,0,0,0,0,0,0,0.044664552279591874,0.29696664595431965,
META,1Hour,2016-01-04T09:30:00-05:00,2025-09-30T15:30:00-04:00,17081,2450,0,2,2018-05-02 2018-05-03,2,2018-05-02 2018-05-03,19,17093,12,0.0007020417714854034,0,0,0,0,0,0,0,0.059670233960618546,0.2726978463220364,
META,1Day,2016-01-04T00:00:00-05:00,2025-09-30T00:00:00-04:00,2450,2450,0,2,2018-05-02 2018-05-03,2,2018-05-02 2018-05-03,0,2450,0,0.0,0,0,0,0,0,0,0,,0.3060516633338626,5Min
JPM,5Min,2016-01-04T09:30:00-05:00,2025-09-30T15:55:00-04:00,190168,2450,0,3,2021-04-19 2021-10-25 2022-03-08,4,2019-08-12 2021-04-19 2021-10-25 2022-03-08,19,190416,248,0.001302411562053609,0,0,0,0,0,0,0,0.04248289746595546,0.2022230561250833,
JPM,1Hour,2016-01-04T09:30:00-05:00,2025-09-30T15:30:00-04:00,17074,2450,0,3,2021-04-19 2021-10-25 2022-03-08,4,2019-08-12 2021-04-19 2021-10-25 2022-03-08,19,17093,19,0.001111566138185222,0,0,0,0,0,0,0,0.05238012564449157,0.15583039009048516,
JPM,1Day,2016-01-04T00:00:00-05:00,2025-09-30T00:00:00-04:00,2450,2450,0,3,2021-04-19 2021-10-25 2022-03-08,4,2019-08-12 2021-04-19 2021-10-25 2022-03-08,0,2450,0,0.0,0,0,0,0,0,0,0,,0.1648303836761853,5Min
XOM,5Min,2016-01-04T09:30:00-05:00,2025-09-30T15:55:00-04:00,190093,2450,0,4,2021-04-19 2021-10-25 2022-01-24 2022-03-08,6,2019-08-12 2021-04-19 2021-10-25 2022-01-24 2022-01-26 2022-03-08,19,190416,323,0.0016962860263843374,0,0,0,0,0,0,0,0.06563690824635326,0.1541971061602827,
XOM,1Hour,2016-01-04T09:30:00-05:00,2025-09-30T15:30:00-04:00,17068,2450,0,4,2021-04-19 2021-10-25 2022-01-24 2022-03-08,6,2019-08-12 2021-04-19 2021-10-25 2022-01-24 2022-01-26 2022-03-08,19,17093,25,0.0014625870239279237,0,0,0,0,0,0,0,0.05998527084610128,0.11270192251619404,
XOM,1Day,2016-01-04T00:00:00-05:00,2025-09-30T00:00:00-04:00,2450,2450,0,4,2021-04-19 2021-10-25 2022-01-24 2022-03-08,6,2019-08-12 2021-04-19 2021-10-25 2022-01-24 2022-01-26 2022-03-08,0,2450,0,0.0,0,0,0,0,0,0,0,,0.13043233972504975,5Min
UNH,5Min,2016-01-04T09:30:00-05:00,2025-09-30T15:55:00-04:00,190094,2450,0,4,2021-04-19 2021-10-25 2022-01-24 2022-03-08,6,2019-08-12 2021-04-19 2021-10-25 2022-01-24 2022-01-26 2022-03-08,19,190416,322,0.0016910343668599277,0,0,0,0,0,0,0,0.03880184413496224,0.1940595403162586,
UNH,1Hour,2016-01-04T09:30:00-05:00,2025-09-30T15:30:00-04:00,17068,2450,0,4,2021-04-19 2021-10-25 2022-01-24 2022-03-08,6,2019-08-12 2021-04-19 2021-10-25 2022-01-24 2022-01-26 2022-03-08,19,17093,25,0.0014625870239279237,0,0,0,0,0,0,0,0.06176345101030645,0.2254254640393354,
UNH,1Day,2016-01-04T00:00:00-05:00,2025-09-30T00:00:00-04:00,2450,2450,0,4,2021-04-19 2021-10-25 2022-01-24 2022-03-08,6,2019-08-12 2021-04-19 2021-10-25 2022-01-24 2022-01-26 2022-03-08,0,2450,0,0.0,0,0,0,0,0,0,0,,0.2541340566819459,5Min
