symbol,timeframe,primary,fold,start,end,n_events,long_share,precision,opportunity,recall,turnover,net_bp
SPY,1Day,bollinger_mr,1,2022-01-05 00:00:00-05:00,2022-03-31 00:00:00-04:00,22,0.7272727272727273,0.5454545454545454,1.0,0.5454545454545454,0.1428571428571428,61.57244854815642
SPY,1Day,bollinger_mr,2,2022-04-06 00:00:00-04:00,2022-07-07 00:00:00-04:00,21,0.8095238095238095,0.4285714285714285,1.0,0.4285714285714285,0.2,-99.76462461363778
SPY,1Day,bollinger_mr,3,2022-07-13 00:00:00-04:00,2022-10-04 00:00:00-04:00,18,0.6666666666666666,0.4444444444444444,1.0,0.4444444444444444,0.2352941176470588,-112.99436960019835
SPY,1Day,bollinger_mr,4,2022-10-07 00:00:00-04:00,2022-12-28 00:00:00-05:00,12,0.4166666666666667,0.3333333333333333,1.0,0.3333333333333333,0.1818181818181818,-78.78067184521937
SPY,1Day,bollinger_mr,5,2023-01-06 00:00:00-05:00,2023-03-31 00:00:00-04:00,13,0.3076923076923077,0.3076923076923077,1.0,0.3076923076923077,0.1666666666666666,-135.7629888257558
SPY,1Day,bollinger_mr,6,2023-04-17 00:00:00-04:00,2023-07-07 00:00:00-04:00,16,0.1875,0.25,0.9375,0.2666666666666666,0.4,-73.3067079675788
SPY,1Day,bollinger_mr,7,2023-07-12 00:00:00-04:00,2023-10-06 00:00:00-04:00,20,0.65,0.55,1.0,0.55,0.1578947368421052,11.812564350358768
SPY,1Day,bollinger_mr,8,2023-10-10 00:00:00-04:00,2024-01-08 00:00:00-05:00,18,0.2222222222222222,0.5,1.0,0.5,0.1176470588235294,-3.768320707371787
SPY,1Day,bollinger_mr,9,2024-01-19 00:00:00-05:00,2024-04-05 00:00:00-04:00,15,0.0666666666666666,0.2,1.0,0.2,0.1428571428571428,-128.67347508815124
SPY,1Day,bollinger_mr,10,2024-04-12 00:00:00-04:00,2024-07-10 00:00:00-04:00,17,0.3529411764705882,0.4117647058823529,1.0,0.4117647058823529,0.3125,-27.782392768197717
SPY,1Day,bollinger_mr,11,2024-07-11 00:00:00-04:00,2024-09-19 00:00:00-04:00,20,0.5,0.55,0.95,0.5789473684210527,0.3157894736842105,37.859060546683416
SPY,1Day,bollinger_mr,12,2024-10-09 00:00:00-04:00,2025-01-06 00:00:00-05:00,15,0.4,0.5333333333333333,1.0,0.5333333333333333,0.2142857142857142,-33.85056913916966
SPY,1Day,bollinger_mr,13,2025-01-10 00:00:00-05:00,2025-04-09 00:00:00-04:00,19,0.6842105263157895,0.4736842105263157,1.0,0.4736842105263157,0.2222222222222222,-19.685420379604725
SPY,1Day,bollinger_mr,14,2025-04-21 00:00:00-04:00,2025-06-30 00:00:00-04:00,8,0.25,0.25,1.0,0.25,0.1428571428571428,-27.98559062222783
SPY,1Day,bollinger_mr,all,2022-01-05 00:00:00-05:00,2025-06-30 00:00:00-04:00,234,0.4786324786324786,0.4316239316239316,0.9914529914529916,0.4353448275862069,0.2188841201716738,-39.48727552752383
SPY,1Day,donchian_breakout,1,2022-01-05 00:00:00-05:00,2022-03-31 00:00:00-04:00,22,0.3636363636363636,0.3636363636363636,1.0,0.3636363636363636,0.2857142857142857,-118.7998515704635
SPY,1Day,donchian_breakout,2,2022-04-06 00:00:00-04:00,2022-07-07 00:00:00-04:00,21,0.3333333333333333,0.4285714285714285,1.0,0.4285714285714285,0.3,-13.650833179976791
SPY,1Day,donchian_breakout,3,2022-07-13 00:00:00-04:00,2022-10-04 00:00:00-04:00,18,0.4444444444444444,0.5555555555555556,1.0,0.5555555555555556,0.1764705882352941,117.94518353668003
SPY,1Day,donchian_breakout,4,2022-10-07 00:00:00-04:00,2022-12-28 00:00:00-05:00,12,0.6666666666666666,0.5833333333333334,1.0,0.5833333333333334,0.1818181818181818,29.6981919066997
SPY,1Day,donchian_breakout,5,2023-01-06 00:00:00-05:00,2023-03-31 00:00:00-04:00,13,0.6153846153846154,0.6153846153846154,1.0,0.6153846153846154,0.25,91.4750644596193
SPY,1Day,donchian_breakout,6,2023-04-17 00:00:00-04:00,2023-07-07 00:00:00-04:00,16,0.875,0.75,0.9375,0.8,0.2666666666666666,82.33957905129733
SPY,1Day,donchian_breakout,7,2023-07-12 00:00:00-04:00,2023-10-06 00:00:00-04:00,20,0.45,0.35,1.0,0.35,0.1578947368421052,-57.00002388000651
SPY,1Day,donchian_breakout,8,2023-10-10 00:00:00-04:00,2024-01-08 00:00:00-05:00,18,0.6666666666666666,0.6111111111111112,1.0,0.6111111111111112,0.0588235294117647,55.619978488409174
SPY,1Day,donchian_breakout,9,2024-01-19 00:00:00-05:00,2024-04-05 00:00:00-04:00,15,0.9333333333333332,0.8,1.0,0.8,0.1428571428571428,124.67347508815122
SPY,1Day,donchian_breakout,10,2024-04-12 00:00:00-04:00,2024-07-10 00:00:00-04:00,17,0.7058823529411765,0.6470588235294118,1.0,0.6470588235294118,0.1875,49.392038836874086
SPY,1Day,donchian_breakout,11,2024-07-11 00:00:00-04:00,2024-09-19 00:00:00-04:00,20,0.55,0.45,0.95,0.4736842105263157,0.3157894736842105,-9.49870461945068
SPY,1Day,donchian_breakout,12,2024-10-09 00:00:00-04:00,2025-01-06 00:00:00-05:00,15,0.7333333333333333,0.3333333333333333,1.0,0.3333333333333333,0.4285714285714285,-21.252451112534263
SPY,1Day,donchian_breakout,13,2025-01-10 00:00:00-05:00,2025-04-09 00:00:00-04:00,19,0.3157894736842105,0.631578947368421,1.0,0.631578947368421,0.1666666666666666,80.70443476819605
SPY,1Day,donchian_breakout,14,2025-04-21 00:00:00-04:00,2025-06-30 00:00:00-04:00,8,0.875,0.875,1.0,0.875,0.1428571428571428,138.0567323753904
SPY,1Day,donchian_breakout,all,2022-01-05 00:00:00-05:00,2025-06-30 00:00:00-04:00,234,0.5769230769230769,0.5470085470085471,0.9914529914529916,0.5517241379310345,0.223175965665236,28.998887437046665
SPY,1Day,ml_xgb,1,2022-01-05 00:00:00-05:00,2022-03-31 00:00:00-04:00,22,0.7727272727272727,0.5909090909090909,1.0,0.5909090909090909,0.1904761904761904,58.94095454093159
SPY,1Day,ml_xgb,2,2022-04-06 00:00:00-04:00,2022-07-07 00:00:00-04:00,21,1.0,0.3333333333333333,1.0,0.3333333333333333,0.0,-204.92574821965192
SPY,1Day,ml_xgb,3,2022-07-13 00:00:00-04:00,2022-10-04 00:00:00-04:00,18,0.9444444444444444,0.3888888888888889,1.0,0.3888888888888889,0.1176470588235294,-100.80266140041418
SPY,1Day,ml_xgb,4,2022-10-07 00:00:00-04:00,2022-12-28 00:00:00-05:00,12,0.8333333333333334,0.9166666666666666,1.0,0.9166666666666666,0.3636363636363636,275.594022732265
SPY,1Day,ml_xgb,5,2023-01-06 00:00:00-05:00,2023-03-31 00:00:00-04:00,13,0.9230769230769232,0.7692307692307693,1.0,0.7692307692307693,0.1666666666666666,134.49944249511816
SPY,1Day,ml_xgb,6,2023-04-17 00:00:00-04:00,2023-07-07 00:00:00-04:00,16,0.5625,0.5625,0.9375,0.6,0.4666666666666667,30.379684457312305
SPY,1Day,ml_xgb,7,2023-07-12 00:00:00-04:00,2023-10-06 00:00:00-04:00,20,0.95,0.45,1.0,0.45,0.1052631578947368,-13.369118846289496
SPY,1Day,ml_xgb,8,2023-10-10 00:00:00-04:00,2024-01-08 00:00:00-05:00,18,0.7222222222222222,0.4444444444444444,1.0,0.4444444444444444,0.2352941176470588,-10.581036802438971
SPY,1Day,ml_xgb,9,2024-01-19 00:00:00-05:00,2024-04-05 00:00:00-04:00,15,0.4,0.4,1.0,0.4,0.5714285714285714,-34.133107539227346
SPY,1Day,ml_xgb,10,2024-04-12 00:00:00-04:00,2024-07-10 00:00:00-04:00,17,0.7058823529411765,0.6470588235294118,1.0,0.6470588235294118,0.1875,58.5959827988569
SPY,1Day,ml_xgb,11,2024-07-11 00:00:00-04:00,2024-09-19 00:00:00-04:00,20,0.45,0.55,0.95,0.5789473684210527,0.3684210526315789,51.07560058450822
SPY,1Day,ml_xgb,12,2024-10-09 00:00:00-04:00,2025-01-06 00:00:00-05:00,15,0.8,0.8,1.0,0.8,0.3571428571428571,94.92024645579862
SPY,1Day,ml_xgb,13,2025-01-10 00:00:00-05:00,2025-04-09 00:00:00-04:00,19,0.8421052631578947,0.4210526315789473,1.0,0.4210526315789473,0.1666666666666666,-57.37943950157007
SPY,1Day,ml_xgb,14,2025-04-21 00:00:00-04:00,2025-06-30 00:00:00-04:00,8,0.25,0.25,1.0,0.25,0.2857142857142857,-245.38360380488425
SPY,1Day,ml_xgb,all,2022-01-05 00:00:00-05:00,2025-06-30 00:00:00-04:00,234,0.7478632478632479,0.5299145299145299,0.9914529914529916,0.5344827586206896,0.2446351931330472,0.5933330824861774
SPY,1Day,sma_cross,1,2022-01-05 00:00:00-05:00,2022-03-31 00:00:00-04:00,22,0.1818181818181818,0.4545454545454545,1.0,0.4545454545454545,0.0476190476190476,-37.2877739602462
SPY,1Day,sma_cross,2,2022-04-06 00:00:00-04:00,2022-07-07 00:00:00-04:00,21,0.2857142857142857,0.3809523809523809,1.0,0.3809523809523809,0.05,-34.303095135719545
SPY,1Day,sma_cross,3,2022-07-13 00:00:00-04:00,2022-10-04 00:00:00-04:00,18,0.4444444444444444,0.3333333333333333,1.0,0.3333333333333333,0.1176470588235294,-131.41332499705152
SPY,1Day,sma_cross,4,2022-10-07 00:00:00-04:00,2022-12-28 00:00:00-05:00,12,0.3333333333333333,0.0833333333333333,1.0,0.0833333333333333,0.0909090909090909,-249.87719496714627
SPY,1Day,sma_cross,5,2023-01-06 00:00:00-05:00,2023-03-31 00:00:00-04:00,13,0.3846153846153846,0.0769230769230769,1.0,0.0769230769230769,0.1666666666666666,-215.9848508892239
SPY,1Day,sma_cross,6,2023-04-17 00:00:00-04:00,2023-07-07 00:00:00-04:00,16,1.0,0.875,0.9375,0.9333333333333332,0.0,142.13737797879875
SPY,1Day,sma_cross,7,2023-07-12 00:00:00-04:00,2023-10-06 00:00:00-04:00,20,0.5,0.5,1.0,0.5,0.0526315789473684,-15.280212965544992
SPY,1Day,sma_cross,8,2023-10-10 00:00:00-04:00,2024-01-08 00:00:00-05:00,18,0.4444444444444444,0.3888888888888889,1.0,0.3888888888888889,0.0588235294117647,-51.60871093202362
SPY,1Day,sma_cross,9,2024-01-19 00:00:00-05:00,2024-04-05 00:00:00-04:00,15,1.0,0.7333333333333333,1.0,0.7333333333333333,0.0,96.19387621536232
SPY,1Day,sma_cross,10,2024-04-12 00:00:00-04:00,2024-07-10 00:00:00-04:00,17,0.7058823529411765,0.6470588235294118,1.0,0.6470588235294118,0.125,31.945692889765823
SPY,1Day,sma_cross,11,2024-07-11 00:00:00-04:00,2024-09-19 00:00:00-04:00,20,0.85,0.45,0.95,0.4736842105263157,0.1052631578947368,12.329935752435905
SPY,1Day,sma_cross,12,2024-10-09 00:00:00-04:00,2025-01-06 00:00:00-05:00,15,1.0,0.6,1.0,0.6,0.0,35.08981770770577
SPY,1Day,sma_cross,13,2025-01-10 00:00:00-05:00,2025-04-09 00:00:00-04:00,19,0.4210526315789473,0.3157894736842105,1.0,0.3157894736842105,0.1666666666666666,-82.5593825026648
SPY,1Day,sma_cross,14,2025-04-21 00:00:00-04:00,2025-06-30 00:00:00-04:00,8,0.5,0.5,1.0,0.5,0.1428571428571428,-185.8227029290257
SPY,1Day,sma_cross,all,2022-01-05 00:00:00-05:00,2025-06-30 00:00:00-04:00,234,0.5641025641025641,0.4572649572649572,0.9914529914529916,0.4612068965517241,0.0858369098712446,-38.32951825844762
SPY,1Day,wavelet_trend,1,2022-01-05 00:00:00-05:00,2022-03-31 00:00:00-04:00,22,0.3181818181818182,0.4090909090909091,1.0,0.4090909090909091,0.2857142857142857,-114.50865277320392
SPY,1Day,wavelet_trend,2,2022-04-06 00:00:00-04:00,2022-07-07 00:00:00-04:00,21,0.1428571428571428,0.6190476190476191,1.0,0.6190476190476191,0.2,138.04582559813264
SPY,1Day,wavelet_trend,3,2022-07-13 00:00:00-04:00,2022-10-04 00:00:00-04:00,18,0.3888888888888889,0.6111111111111112,1.0,0.6111111111111112,0.0588235294117647,165.03325343294347
SPY,1Day,wavelet_trend,4,2022-10-07 00:00:00-04:00,2022-12-28 00:00:00-05:00,12,0.5833333333333334,0.6666666666666666,1.0,0.6666666666666666,0.1818181818181818,74.78067184521936
SPY,1Day,wavelet_trend,5,2023-01-06 00:00:00-05:00,2023-03-31 00:00:00-04:00,13,0.6153846153846154,0.6153846153846154,1.0,0.6153846153846154,0.25,91.4750644596193
SPY,1Day,wavelet_trend,6,2023-04-17 00:00:00-04:00,2023-07-07 00:00:00-04:00,16,0.8125,0.6875,0.9375,0.7333333333333333,0.2666666666666666,86.55751360872515
SPY,1Day,wavelet_trend,7,2023-07-12 00:00:00-04:00,2023-10-06 00:00:00-04:00,20,0.35,0.45,1.0,0.45,0.1578947368421052,-43.57013942242132
SPY,1Day,wavelet_trend,8,2023-10-10 00:00:00-04:00,2024-01-08 00:00:00-05:00,18,0.6666666666666666,0.5,1.0,0.5,0.1764705882352941,-7.547258709068803
SPY,1Day,wavelet_trend,9,2024-01-19 00:00:00-05:00,2024-04-05 00:00:00-04:00,15,0.9333333333333332,0.8,1.0,0.8,0.1428571428571428,124.67347508815122
SPY,1Day,wavelet_trend,10,2024-04-12 00:00:00-04:00,2024-07-10 00:00:00-04:00,17,0.5882352941176471,0.5294117647058824,1.0,0.5294117647058824,0.0625,-11.300865480940637
SPY,1Day,wavelet_trend,11,2024-07-11 00:00:00-04:00,2024-09-19 00:00:00-04:00,20,0.5,0.3,0.95,0.3157894736842105,0.2105263157894736,-97.0366481874645
SPY,1Day,wavelet_trend,12,2024-10-09 00:00:00-04:00,2025-01-06 00:00:00-05:00,15,0.6,0.4666666666666667,1.0,0.4666666666666667,0.2142857142857142,29.850569139169657
SPY,1Day,wavelet_trend,13,2025-01-10 00:00:00-05:00,2025-04-09 00:00:00-04:00,19,0.2631578947368421,0.5789473684210527,1.0,0.5789473684210527,0.1111111111111111,52.41469718717962
SPY,1Day,wavelet_trend,14,2025-04-21 00:00:00-04:00,2025-06-30 00:00:00-04:00,8,0.75,0.75,1.0,0.75,0.1428571428571428,23.985590622227825
SPY,1Day,wavelet_trend,all,2022-01-05 00:00:00-05:00,2025-06-30 00:00:00-04:00,234,0.5042735042735043,0.5512820512820513,0.9914529914529916,0.5560344827586207,0.1716738197424892,30.71520585046013
