,ret
2017-07-05 00:00:00-04:00,0.0
2017-07-06 00:00:00-04:00,0.0
2017-07-07 00:00:00-04:00,0.0
2017-07-10 00:00:00-04:00,0.0
2017-07-11 00:00:00-04:00,0.0
2017-07-12 00:00:00-04:00,0.0
2017-07-13 00:00:00-04:00,0.0
2017-07-14 00:00:00-04:00,0.0
2017-07-17 00:00:00-04:00,0.0
2017-07-18 00:00:00-04:00,0.0
2017-07-19 00:00:00-04:00,0.0
2017-07-20 00:00:00-04:00,0.0
2017-07-21 00:00:00-04:00,0.0
2017-07-24 00:00:00-04:00,0.0
2017-07-25 00:00:00-04:00,0.0
2017-07-26 00:00:00-04:00,0.0
2017-07-27 00:00:00-04:00,0.0
2017-07-28 00:00:00-04:00,0.0
2017-07-31 00:00:00-04:00,0.0
2017-08-01 00:00:00-04:00,0.0
2017-08-02 00:00:00-04:00,0.0
2017-08-03 00:00:00-04:00,0.0
2017-08-04 00:00:00-04:00,0.0
2017-08-07 00:00:00-04:00,0.0
2017-08-08 00:00:00-04:00,0.0
2017-08-09 00:00:00-04:00,0.0
2017-08-10 00:00:00-04:00,0.0
2017-08-11 00:00:00-04:00,0.0
2017-08-14 00:00:00-04:00,0.0
2017-08-15 00:00:00-04:00,0.0
2017-08-16 00:00:00-04:00,0.0
2017-08-17 00:00:00-04:00,0.0
2017-08-18 00:00:00-04:00,0.0
2017-08-21 00:00:00-04:00,0.0
2017-08-22 00:00:00-04:00,0.0
2017-08-23 00:00:00-04:00,0.0
2017-08-24 00:00:00-04:00,0.0009967493907632186
2017-08-25 00:00:00-04:00,0.0
2017-08-28 00:00:00-04:00,0.0
2017-08-29 00:00:00-04:00,0.0
2017-08-30 00:00:00-04:00,0.0
2017-08-31 00:00:00-04:00,0.0
2017-09-01 00:00:00-04:00,0.0
2017-09-05 00:00:00-04:00,0.0
2017-09-06 00:00:00-04:00,0.0
2017-09-07 00:00:00-04:00,0.0
2017-09-08 00:00:00-04:00,0.0
2017-09-11 00:00:00-04:00,0.0
2017-09-12 00:00:00-04:00,0.0
2017-09-13 00:00:00-04:00,0.0
2017-09-14 00:00:00-04:00,0.0
2017-09-15 00:00:00-04:00,0.0
2017-09-18 00:00:00-04:00,0.0
2017-09-19 00:00:00-04:00,0.0
2017-09-20 00:00:00-04:00,0.0
2017-09-21 00:00:00-04:00,0.0
2017-09-22 00:00:00-04:00,0.0
2017-09-25 00:00:00-04:00,0.0
2017-09-26 00:00:00-04:00,0.0
2017-09-27 00:00:00-04:00,0.0
2017-09-28 00:00:00-04:00,0.0
2017-09-29 00:00:00-04:00,0.0
2017-10-02 00:00:00-04:00,0.0
2017-10-03 00:00:00-04:00,0.0
2017-10-04 00:00:00-04:00,0.0
2017-10-05 00:00:00-04:00,0.0
2017-10-06 00:00:00-04:00,0.0
2017-10-09 00:00:00-04:00,0.0
2017-10-10 00:00:00-04:00,0.0
2017-10-11 00:00:00-04:00,0.0
2017-10-12 00:00:00-04:00,0.0
2017-10-13 00:00:00-04:00,0.0
2017-10-16 00:00:00-04:00,0.0
2017-10-17 00:00:00-04:00,0.0
2017-10-18 00:00:00-04:00,0.0
2017-10-19 00:00:00-04:00,0.0
2017-10-20 00:00:00-04:00,0.0
2017-10-23 00:00:00-04:00,0.0
2017-10-24 00:00:00-04:00,0.0
2017-10-25 00:00:00-04:00,0.0
2017-10-26 00:00:00-04:00,0.0
2017-10-27 00:00:00-04:00,0.0
2017-10-30 00:00:00-04:00,0.0
2017-10-31 00:00:00-04:00,0.0
2017-11-01 00:00:00-04:00,0.0
2017-11-02 00:00:00-04:00,0.0
2017-11-03 00:00:00-04:00,0.0
2017-11-06 00:00:00-05:00,0.0
2017-11-07 00:00:00-05:00,0.0
2017-11-08 00:00:00-05:00,0.0
2017-11-09 00:00:00-05:00,-0.003462069890286301
2017-11-10 00:00:00-05:00,0.0
2017-11-13 00:00:00-05:00,0.0
2017-11-14 00:00:00-05:00,0.0
2017-11-15 00:00:00-05:00,0.0
2017-11-16 00:00:00-05:00,0.0
2017-11-17 00:00:00-05:00,0.0
2017-11-20 00:00:00-05:00,0.0
2017-11-21 00:00:00-05:00,0.0
2017-11-22 00:00:00-05:00,0.0
2017-11-24 00:00:00-05:00,0.0
2017-11-27 00:00:00-05:00,0.0
2017-11-28 00:00:00-05:00,0.0
2017-11-29 00:00:00-05:00,0.0
2017-11-30 00:00:00-05:00,0.0
2017-12-01 00:00:00-05:00,0.0
2017-12-04 00:00:00-05:00,0.0
2017-12-05 00:00:00-05:00,0.0033364609339470164
2017-12-06 00:00:00-05:00,0.0002846736733208566
2017-12-07 00:00:00-05:00,0.0
2017-12-08 00:00:00-05:00,0.0
2017-12-11 00:00:00-05:00,0.0
2017-12-12 00:00:00-05:00,0.0
2017-12-13 00:00:00-05:00,0.0
2017-12-14 00:00:00-05:00,0.0
2017-12-15 00:00:00-05:00,0.0
2017-12-18 00:00:00-05:00,0.0
2017-12-19 00:00:00-05:00,0.0
2017-12-20 00:00:00-05:00,0.0
2017-12-21 00:00:00-05:00,0.0
2017-12-22 00:00:00-05:00,0.0
2017-12-26 00:00:00-05:00,0.0
2017-12-27 00:00:00-05:00,0.0
2017-12-28 00:00:00-05:00,0.0
2017-12-29 00:00:00-05:00,0.0
2018-01-02 00:00:00-05:00,0.0
2018-01-03 00:00:00-05:00,0.0
2018-01-04 00:00:00-05:00,0.0
2018-01-05 00:00:00-05:00,0.0
2018-01-08 00:00:00-05:00,0.0
2018-01-09 00:00:00-05:00,0.0
2018-01-10 00:00:00-05:00,0.0
2018-01-11 00:00:00-05:00,0.0
2018-01-12 00:00:00-05:00,0.0
2018-01-16 00:00:00-05:00,0.0
2018-01-17 00:00:00-05:00,0.0
2018-01-18 00:00:00-05:00,0.0
2018-01-19 00:00:00-05:00,0.0
2018-01-22 00:00:00-05:00,0.0
2018-01-23 00:00:00-05:00,0.0
2018-01-24 00:00:00-05:00,0.0
2018-01-25 00:00:00-05:00,0.0
2018-01-26 00:00:00-05:00,0.0
2018-01-29 00:00:00-05:00,0.0
2018-01-30 00:00:00-05:00,-0.0028477195381204634
2018-01-31 00:00:00-05:00,0.0
2018-02-01 00:00:00-05:00,0.0
2018-02-02 00:00:00-05:00,0.0
2018-02-05 00:00:00-05:00,0.008179480614892043
2018-02-06 00:00:00-05:00,-0.01741596657005484
2018-02-07 00:00:00-05:00,0.005659112610398642
2018-02-08 00:00:00-05:00,0.01513345696076085
2018-02-09 00:00:00-05:00,-0.021568170968405243
2018-02-12 00:00:00-05:00,0.0
2018-02-13 00:00:00-05:00,0.0
2018-02-14 00:00:00-05:00,0.0
2018-02-15 00:00:00-05:00,0.0
2018-02-16 00:00:00-05:00,0.0
2018-02-20 00:00:00-05:00,0.0020513872179659387
2018-02-21 00:00:00-05:00,0.0
2018-02-22 00:00:00-05:00,0.0
2018-02-23 00:00:00-05:00,0.0
2018-02-26 00:00:00-05:00,0.0
2018-02-27 00:00:00-05:00,0.0
2018-02-28 00:00:00-05:00,0.007048719744674248
2018-03-01 00:00:00-05:00,0.011017499642379747
2018-03-02 00:00:00-05:00,-0.018774952607618967
2018-03-05 00:00:00-05:00,0.0
2018-03-06 00:00:00-05:00,-0.0029613384151508937
2018-03-07 00:00:00-05:00,0.0
2018-03-08 00:00:00-05:00,0.0
2018-03-09 00:00:00-05:00,0.008825606031494626
2018-03-12 00:00:00-04:00,-0.0014183568238351763
2018-03-13 00:00:00-04:00,-0.016833184906820953
2018-03-14 00:00:00-04:00,0.0
2018-03-15 00:00:00-04:00,0.0
2018-03-16 00:00:00-04:00,0.0
2018-03-19 00:00:00-04:00,0.0
2018-03-20 00:00:00-04:00,0.0
2018-03-21 00:00:00-04:00,0.0
2018-03-22 00:00:00-04:00,0.0
2018-03-23 00:00:00-04:00,0.0
2018-03-26 00:00:00-04:00,0.0
2018-03-27 00:00:00-04:00,0.0
2018-03-28 00:00:00-04:00,0.0
2018-03-29 00:00:00-04:00,0.0
2018-04-02 00:00:00-04:00,0.0
2018-04-03 00:00:00-04:00,0.0
2018-04-04 00:00:00-04:00,0.0
2018-04-05 00:00:00-04:00,0.0
2018-04-06 00:00:00-04:00,0.0
2018-04-09 00:00:00-04:00,0.0
2018-04-10 00:00:00-04:00,0.0
2018-04-11 00:00:00-04:00,0.0
2018-04-12 00:00:00-04:00,0.0
2018-04-13 00:00:00-04:00,0.0
2018-04-16 00:00:00-04:00,0.0
2018-04-17 00:00:00-04:00,0.0
2018-04-18 00:00:00-04:00,0.0
2018-04-19 00:00:00-04:00,0.0
2018-04-20 00:00:00-04:00,0.0
2018-04-23 00:00:00-04:00,0.0
2018-04-24 00:00:00-04:00,0.0
2018-04-25 00:00:00-04:00,0.0
2018-04-26 00:00:00-04:00,0.0
2018-04-27 00:00:00-04:00,0.0
2018-04-30 00:00:00-04:00,0.0
2018-05-01 00:00:00-04:00,0.0
2018-05-04 00:00:00-04:00,0.0
2018-05-07 00:00:00-04:00,0.0
2018-05-08 00:00:00-04:00,0.0
2018-05-09 00:00:00-04:00,0.0
2018-05-10 00:00:00-04:00,0.0
2018-05-11 00:00:00-04:00,0.0
2018-05-14 00:00:00-04:00,0.0
2018-05-15 00:00:00-04:00,0.0
2018-05-16 00:00:00-04:00,0.0
2018-05-17 00:00:00-04:00,0.0
2018-05-18 00:00:00-04:00,0.0
2018-05-21 00:00:00-04:00,0.0
2018-05-22 00:00:00-04:00,0.0
2018-05-23 00:00:00-04:00,0.0
2018-05-24 00:00:00-04:00,0.0
2018-05-25 00:00:00-04:00,0.0
2018-05-29 00:00:00-04:00,0.0
2018-05-30 00:00:00-04:00,0.0
2018-05-31 00:00:00-04:00,0.0
2018-06-01 00:00:00-04:00,0.0
2018-06-04 00:00:00-04:00,0.0
2018-06-05 00:00:00-04:00,0.0
2018-06-06 00:00:00-04:00,0.0
2018-06-07 00:00:00-04:00,-0.0037332194148826936
2018-06-08 00:00:00-04:00,0.0
2018-06-11 00:00:00-04:00,0.0
2018-06-12 00:00:00-04:00,0.0
2018-06-13 00:00:00-04:00,0.0
2018-06-14 00:00:00-04:00,0.0
2018-06-15 00:00:00-04:00,0.0
2018-06-18 00:00:00-04:00,0.0
2018-06-19 00:00:00-04:00,0.0
2018-06-20 00:00:00-04:00,0.0
2018-06-21 00:00:00-04:00,0.0
2018-06-22 00:00:00-04:00,0.004006793757546978
2018-06-25 00:00:00-04:00,0.0
2018-06-26 00:00:00-04:00,0.0
2018-06-27 00:00:00-04:00,0.0
2018-06-28 00:00:00-04:00,0.0
2018-06-29 00:00:00-04:00,0.0
2018-07-02 00:00:00-04:00,0.0
2018-07-03 00:00:00-04:00,0.0
2018-07-05 00:00:00-04:00,0.0
2018-07-06 00:00:00-04:00,0.0
2018-07-09 00:00:00-04:00,0.0
2018-07-10 00:00:00-04:00,0.0
2018-07-11 00:00:00-04:00,0.0
2018-07-12 00:00:00-04:00,0.0
2018-07-13 00:00:00-04:00,0.0
2018-07-16 00:00:00-04:00,-0.0012038811627060886
2018-07-17 00:00:00-04:00,0.0
2018-07-18 00:00:00-04:00,0.0
2018-07-19 00:00:00-04:00,0.0
2018-07-20 00:00:00-04:00,0.0
2018-07-23 00:00:00-04:00,0.0
2018-07-24 00:00:00-04:00,0.0
2018-07-25 00:00:00-04:00,0.0
2018-07-26 00:00:00-04:00,0.0
2018-07-27 00:00:00-04:00,0.0
2018-07-30 00:00:00-04:00,0.0
2018-07-31 00:00:00-04:00,0.0
2018-08-01 00:00:00-04:00,0.0
2018-08-02 00:00:00-04:00,0.0
2018-08-03 00:00:00-04:00,0.0
2018-08-06 00:00:00-04:00,0.0
2018-08-07 00:00:00-04:00,0.0
2018-08-08 00:00:00-04:00,0.0
2018-08-09 00:00:00-04:00,0.0
2018-08-10 00:00:00-04:00,0.0017868227579946883
2018-08-13 00:00:00-04:00,0.006625144148313833
2018-08-14 00:00:00-04:00,0.0
2018-08-15 00:00:00-04:00,0.0
2018-08-16 00:00:00-04:00,0.0
2018-08-17 00:00:00-04:00,0.0
2018-08-20 00:00:00-04:00,0.0
2018-08-21 00:00:00-04:00,0.0
2018-08-22 00:00:00-04:00,0.0
2018-08-23 00:00:00-04:00,0.0
2018-08-24 00:00:00-04:00,0.0
2018-08-27 00:00:00-04:00,0.0
2018-08-28 00:00:00-04:00,0.0
2018-08-29 00:00:00-04:00,0.0
2018-08-30 00:00:00-04:00,0.0
2018-08-31 00:00:00-04:00,-0.0025845577121713648
2018-09-04 00:00:00-04:00,0.0
2018-09-05 00:00:00-04:00,0.003015872581114687
2018-09-06 00:00:00-04:00,0.0
2018-09-07 00:00:00-04:00,0.0
2018-09-10 00:00:00-04:00,0.0
2018-09-11 00:00:00-04:00,0.0
2018-09-12 00:00:00-04:00,0.0
2018-09-13 00:00:00-04:00,0.0
2018-09-14 00:00:00-04:00,0.0
2018-09-17 00:00:00-04:00,0.001487442944073436
2018-09-18 00:00:00-04:00,0.0
2018-09-19 00:00:00-04:00,0.0
2018-09-20 00:00:00-04:00,0.0
2018-09-21 00:00:00-04:00,0.0
2018-09-24 00:00:00-04:00,0.0
2018-09-25 00:00:00-04:00,0.0
2018-09-26 00:00:00-04:00,0.0
2018-09-27 00:00:00-04:00,0.0
2018-09-28 00:00:00-04:00,0.0
2018-10-01 00:00:00-04:00,0.0
2018-10-02 00:00:00-04:00,0.0
2018-10-03 00:00:00-04:00,0.0
2018-10-04 00:00:00-04:00,0.0
2018-10-05 00:00:00-04:00,0.0
2018-10-08 00:00:00-04:00,0.0
2018-10-09 00:00:00-04:00,0.0
2018-10-10 00:00:00-04:00,0.0
2018-10-11 00:00:00-04:00,0.0
2018-10-12 00:00:00-04:00,0.0
2018-10-15 00:00:00-04:00,0.0
2018-10-16 00:00:00-04:00,0.0
2018-10-17 00:00:00-04:00,0.0
2018-10-18 00:00:00-04:00,0.0
2018-10-19 00:00:00-04:00,0.0
2018-10-22 00:00:00-04:00,0.0
2018-10-23 00:00:00-04:00,0.0
2018-10-24 00:00:00-04:00,0.0
2018-10-25 00:00:00-04:00,0.0
2018-10-26 00:00:00-04:00,0.009447405970711031
2018-10-29 00:00:00-04:00,0.0
2018-10-30 00:00:00-04:00,0.0
2018-10-31 00:00:00-04:00,0.0
2018-11-01 00:00:00-04:00,0.0
2018-11-02 00:00:00-04:00,0.0
2018-11-05 00:00:00-05:00,-0.010292855723513683
2018-11-06 00:00:00-05:00,0.0
2018-11-07 00:00:00-05:00,0.0
2018-11-08 00:00:00-05:00,0.0
2018-11-09 00:00:00-05:00,-0.007759923504896293
2018-11-12 00:00:00-05:00,0.01281071196550565
2018-11-13 00:00:00-05:00,0.0
2018-11-14 00:00:00-05:00,0.0
2018-11-15 00:00:00-05:00,0.0
2018-11-16 00:00:00-05:00,0.0
2018-11-19 00:00:00-05:00,0.0020089310002775473
2018-11-20 00:00:00-05:00,0.01662409114281571
2018-11-21 00:00:00-05:00,0.0
2018-11-23 00:00:00-05:00,0.0
2018-11-26 00:00:00-05:00,0.0
2018-11-27 00:00:00-05:00,0.0
2018-11-28 00:00:00-05:00,0.0
2018-11-29 00:00:00-05:00,0.0
2018-11-30 00:00:00-05:00,0.0
2018-12-03 00:00:00-05:00,0.0
2018-12-04 00:00:00-05:00,0.0023385587289694865
2018-12-06 00:00:00-05:00,0.0
2018-12-07 00:00:00-05:00,0.0
2018-12-10 00:00:00-05:00,0.0
2018-12-11 00:00:00-05:00,0.0168097553311799
2018-12-12 00:00:00-05:00,-0.007872701662414383
2018-12-13 00:00:00-05:00,0.0
2018-12-14 00:00:00-05:00,0.0
2018-12-17 00:00:00-05:00,0.0
2018-12-18 00:00:00-05:00,0.0
2018-12-19 00:00:00-05:00,0.027846555338264523
2018-12-20 00:00:00-05:00,0.0
2018-12-21 00:00:00-05:00,0.0
2018-12-24 00:00:00-05:00,0.0
2018-12-26 00:00:00-05:00,-0.019137207927999556
2018-12-27 00:00:00-05:00,0.021629361542356174
2018-12-28 00:00:00-05:00,-0.0036237181706115784
2018-12-31 00:00:00-05:00,0.0
2019-01-02 00:00:00-05:00,0.0
2019-01-03 00:00:00-05:00,0.0
2019-01-04 00:00:00-05:00,0.0
2019-01-07 00:00:00-05:00,0.0
2019-01-08 00:00:00-05:00,0.0
2019-01-09 00:00:00-05:00,0.0
2019-01-10 00:00:00-05:00,0.0
2019-01-11 00:00:00-05:00,0.0
2019-01-14 00:00:00-05:00,0.0
2019-01-15 00:00:00-05:00,0.0
2019-01-16 00:00:00-05:00,0.0
2019-01-17 00:00:00-05:00,0.0
2019-01-18 00:00:00-05:00,0.0
2019-01-22 00:00:00-05:00,0.0
2019-01-23 00:00:00-05:00,0.0
2019-01-24 00:00:00-05:00,0.0
2019-01-25 00:00:00-05:00,0.0
2019-01-28 00:00:00-05:00,0.0
2019-01-29 00:00:00-05:00,0.0
2019-01-30 00:00:00-05:00,0.0
2019-01-31 00:00:00-05:00,0.0
2019-02-01 00:00:00-05:00,0.0
2019-02-04 00:00:00-05:00,0.0
2019-02-05 00:00:00-05:00,0.0
2019-02-06 00:00:00-05:00,0.0
2019-02-07 00:00:00-05:00,0.0
2019-02-08 00:00:00-05:00,0.0
2019-02-11 00:00:00-05:00,0.0
2019-02-12 00:00:00-05:00,0.0
2019-02-13 00:00:00-05:00,0.0
2019-02-14 00:00:00-05:00,0.0
2019-02-15 00:00:00-05:00,0.0
2019-02-19 00:00:00-05:00,0.0
2019-02-20 00:00:00-05:00,0.0
2019-02-21 00:00:00-05:00,0.0
2019-02-22 00:00:00-05:00,0.0
2019-02-25 00:00:00-05:00,0.0
2019-02-26 00:00:00-05:00,0.0
2019-02-27 00:00:00-05:00,0.0
2019-02-28 00:00:00-05:00,0.0
2019-03-01 00:00:00-05:00,0.0
2019-03-04 00:00:00-05:00,0.0
2019-03-05 00:00:00-05:00,0.0
2019-03-06 00:00:00-05:00,0.0
2019-03-07 00:00:00-05:00,0.0
2019-03-08 00:00:00-05:00,0.0
2019-03-11 00:00:00-04:00,0.0
2019-03-12 00:00:00-04:00,0.0016589416449706018
2019-03-13 00:00:00-04:00,-0.0035158699113801983
2019-03-14 00:00:00-04:00,0.0
2019-03-15 00:00:00-04:00,0.0
2019-03-18 00:00:00-04:00,0.0
2019-03-19 00:00:00-04:00,0.0
2019-03-20 00:00:00-04:00,0.0
2019-03-21 00:00:00-04:00,0.0
2019-03-22 00:00:00-04:00,-0.008376375437692984
2019-03-25 00:00:00-04:00,0.0
2019-03-26 00:00:00-04:00,0.0
2019-03-27 00:00:00-04:00,0.0
2019-03-28 00:00:00-04:00,0.0
2019-03-29 00:00:00-04:00,0.0
2019-04-01 00:00:00-04:00,0.005596634214129814
2019-04-02 00:00:00-04:00,0.0
2019-04-03 00:00:00-04:00,0.0
2019-04-04 00:00:00-04:00,0.0
2019-04-05 00:00:00-04:00,0.0
2019-04-08 00:00:00-04:00,0.0
2019-04-09 00:00:00-04:00,0.0
2019-04-10 00:00:00-04:00,0.0015575363359612293
2019-04-11 00:00:00-04:00,0.0
2019-04-12 00:00:00-04:00,0.0
2019-04-15 00:00:00-04:00,0.0
2019-04-16 00:00:00-04:00,0.0
2019-04-17 00:00:00-04:00,-0.0014325027208138552
2019-04-18 00:00:00-04:00,0.004965001118272916
2019-04-22 00:00:00-04:00,0.0
2019-04-23 00:00:00-04:00,0.005168759214224439
2019-04-24 00:00:00-04:00,0.0
2019-04-25 00:00:00-04:00,-0.0017962253543417628
2019-04-26 00:00:00-04:00,0.0
2019-04-29 00:00:00-04:00,0.0007902478157597592
2019-04-30 00:00:00-04:00,0.0
2019-05-01 00:00:00-04:00,0.0
2019-05-02 00:00:00-04:00,0.0
2019-05-03 00:00:00-04:00,0.0
2019-05-06 00:00:00-04:00,0.0
2019-05-07 00:00:00-04:00,0.0
2019-05-08 00:00:00-04:00,0.0
2019-05-09 00:00:00-04:00,0.0
2019-05-10 00:00:00-04:00,0.0
2019-05-13 00:00:00-04:00,0.0
2019-05-14 00:00:00-04:00,0.0
2019-05-15 00:00:00-04:00,-0.0012338778382259274
2019-05-16 00:00:00-04:00,-0.002465559018537178
2019-05-17 00:00:00-04:00,0.0
2019-05-20 00:00:00-04:00,0.0
2019-05-21 00:00:00-04:00,0.0
2019-05-22 00:00:00-04:00,0.0
2019-05-23 00:00:00-04:00,0.0
2019-05-24 00:00:00-04:00,0.0
2019-05-28 00:00:00-04:00,0.0
2019-05-29 00:00:00-04:00,0.0
2019-05-30 00:00:00-04:00,0.0
2019-05-31 00:00:00-04:00,0.0
2019-06-03 00:00:00-04:00,0.012707246278447881
2019-06-04 00:00:00-04:00,-0.012656967685132803
2019-06-05 00:00:00-04:00,0.0026076080328871765
2019-06-06 00:00:00-04:00,0.0
2019-06-07 00:00:00-04:00,0.003058213731699677
2019-06-10 00:00:00-04:00,0.0
2019-06-11 00:00:00-04:00,0.0
2019-06-12 00:00:00-04:00,0.0
2019-06-13 00:00:00-04:00,0.0
2019-06-14 00:00:00-04:00,0.0
2019-06-17 00:00:00-04:00,0.0
2019-06-18 00:00:00-04:00,0.0
2019-06-19 00:00:00-04:00,0.0
2019-06-20 00:00:00-04:00,0.0
2019-06-21 00:00:00-04:00,0.0
2019-06-24 00:00:00-04:00,0.0
2019-06-25 00:00:00-04:00,0.0
2019-06-26 00:00:00-04:00,0.0
2019-06-27 00:00:00-04:00,0.0
2019-06-28 00:00:00-04:00,0.0
2019-07-01 00:00:00-04:00,0.0
2019-07-02 00:00:00-04:00,0.0
2019-07-03 00:00:00-04:00,0.0
2019-07-05 00:00:00-04:00,0.0
2019-07-08 00:00:00-04:00,0.0
2019-07-09 00:00:00-04:00,0.0
2019-07-10 00:00:00-04:00,0.001762122086962803
2019-07-11 00:00:00-04:00,-0.0021560041702474164
2019-07-12 00:00:00-04:00,0.0
2019-07-15 00:00:00-04:00,0.0
2019-07-16 00:00:00-04:00,0.0009945890763662923
2019-07-17 00:00:00-04:00,0.0
2019-07-18 00:00:00-04:00,-0.00587605631457222
2019-07-19 00:00:00-04:00,0.005436923307685859
2019-07-22 00:00:00-04:00,0.0
2019-07-23 00:00:00-04:00,0.004033700864441325
2019-07-24 00:00:00-04:00,0.005081941952171931
2019-07-25 00:00:00-04:00,0.0
2019-07-26 00:00:00-04:00,0.0
2019-07-29 00:00:00-04:00,0.0
2019-07-30 00:00:00-04:00,0.0
2019-07-31 00:00:00-04:00,0.006063143749714062
2019-08-01 00:00:00-04:00,0.0
2019-08-02 00:00:00-04:00,0.0
2019-08-05 00:00:00-04:00,0.0
2019-08-06 00:00:00-04:00,0.0
2019-08-07 00:00:00-04:00,-0.01189186637194195
2019-08-08 00:00:00-04:00,0.011962489265829213
2019-08-09 00:00:00-04:00,0.0010937861991902054
2019-08-12 00:00:00-04:00,0.0
2019-08-13 00:00:00-04:00,-0.005177686579408758
2019-08-14 00:00:00-04:00,0.0
2019-08-15 00:00:00-04:00,0.0
2019-08-16 00:00:00-04:00,0.0
2019-08-19 00:00:00-04:00,0.002365325716424227
2019-08-20 00:00:00-04:00,0.0
2019-08-21 00:00:00-04:00,0.0
2019-08-22 00:00:00-04:00,0.0
2019-08-23 00:00:00-04:00,0.012263689919260079
2019-08-26 00:00:00-04:00,0.0
2019-08-27 00:00:00-04:00,0.005333433874040949
2019-08-28 00:00:00-04:00,0.0
2019-08-29 00:00:00-04:00,-0.0001442373603852687
2019-08-30 00:00:00-04:00,0.0037814996895060293
2019-09-03 00:00:00-04:00,-0.0019458145437637464
2019-09-04 00:00:00-04:00,0.0
2019-09-05 00:00:00-04:00,-0.0010183701957224844
2019-09-06 00:00:00-04:00,0.0
2019-09-09 00:00:00-04:00,0.0
2019-09-10 00:00:00-04:00,0.0
2019-09-11 00:00:00-04:00,0.0
2019-09-12 00:00:00-04:00,-0.006502598662547432
2019-09-13 00:00:00-04:00,0.0
2019-09-16 00:00:00-04:00,0.0
2019-09-17 00:00:00-04:00,0.0
2019-09-18 00:00:00-04:00,0.0
2019-09-19 00:00:00-04:00,-0.00522627341568771
2019-09-20 00:00:00-04:00,0.0
2019-09-23 00:00:00-04:00,0.0
2019-09-24 00:00:00-04:00,0.00872778434319521
2019-09-25 00:00:00-04:00,0.0
2019-09-26 00:00:00-04:00,0.0
2019-09-27 00:00:00-04:00,-0.00839667601296512
2019-09-30 00:00:00-04:00,0.0
2019-10-01 00:00:00-04:00,0.007783733667046766
2019-10-02 00:00:00-04:00,0.0
2019-10-03 00:00:00-04:00,0.0
2019-10-04 00:00:00-04:00,-0.008404785791079061
2019-10-07 00:00:00-04:00,0.0
2019-10-08 00:00:00-04:00,0.0
2019-10-09 00:00:00-04:00,0.0
2019-10-10 00:00:00-04:00,0.0
2019-10-11 00:00:00-04:00,0.0
2019-10-14 00:00:00-04:00,0.0
2019-10-15 00:00:00-04:00,0.0
2019-10-16 00:00:00-04:00,0.0
2019-10-17 00:00:00-04:00,0.0
2019-10-18 00:00:00-04:00,0.0
2019-10-21 00:00:00-04:00,0.0
2019-10-22 00:00:00-04:00,0.0
2019-10-23 00:00:00-04:00,0.0
2019-10-24 00:00:00-04:00,0.0
2019-10-25 00:00:00-04:00,0.0
2019-10-28 00:00:00-04:00,0.0
2019-10-29 00:00:00-04:00,0.0
2019-10-30 00:00:00-04:00,0.0
2019-10-31 00:00:00-04:00,0.0
2019-11-01 00:00:00-04:00,0.0
2019-11-04 00:00:00-05:00,0.0
2019-11-05 00:00:00-05:00,0.0
2019-11-06 00:00:00-05:00,0.0
2019-11-07 00:00:00-05:00,0.0
2019-11-08 00:00:00-05:00,0.0
2019-11-11 00:00:00-05:00,0.0
2019-11-12 00:00:00-05:00,0.0
2019-11-13 00:00:00-05:00,0.0
2019-11-14 00:00:00-05:00,0.0
2019-11-15 00:00:00-05:00,0.0
2019-11-18 00:00:00-05:00,0.0
2019-11-19 00:00:00-05:00,0.0
2019-11-20 00:00:00-05:00,0.0
2019-11-21 00:00:00-05:00,0.0
2019-11-22 00:00:00-05:00,0.0
2019-11-25 00:00:00-05:00,0.0
2019-11-26 00:00:00-05:00,0.0
2019-11-27 00:00:00-05:00,0.0
2019-11-29 00:00:00-05:00,0.0
2019-12-02 00:00:00-05:00,0.0
2019-12-03 00:00:00-05:00,0.0
2019-12-04 00:00:00-05:00,0.0
2019-12-05 00:00:00-05:00,0.0
2019-12-06 00:00:00-05:00,0.0
2019-12-09 00:00:00-05:00,0.0
2019-12-10 00:00:00-05:00,0.0
2019-12-11 00:00:00-05:00,0.0
2019-12-12 00:00:00-05:00,0.0
2019-12-13 00:00:00-05:00,0.0
2019-12-16 00:00:00-05:00,0.0
2019-12-17 00:00:00-05:00,0.0
2019-12-18 00:00:00-05:00,0.0
2019-12-19 00:00:00-05:00,0.0
2019-12-20 00:00:00-05:00,0.0
2019-12-23 00:00:00-05:00,0.0
2019-12-24 00:00:00-05:00,0.0
2019-12-26 00:00:00-05:00,0.0
2019-12-27 00:00:00-05:00,0.0
2019-12-30 00:00:00-05:00,0.0016164724507594652
2019-12-31 00:00:00-05:00,0.0
2020-01-02 00:00:00-05:00,0.0
2020-01-03 00:00:00-05:00,0.0
2020-01-06 00:00:00-05:00,0.0
2020-01-07 00:00:00-05:00,0.0
2020-01-08 00:00:00-05:00,0.0
2020-01-09 00:00:00-05:00,0.0
2020-01-10 00:00:00-05:00,0.0
2020-01-13 00:00:00-05:00,0.0
2020-01-14 00:00:00-05:00,0.0
2020-01-15 00:00:00-05:00,-0.0017189266382978685
2020-01-16 00:00:00-05:00,0.0
2020-01-17 00:00:00-05:00,0.0
2020-01-21 00:00:00-05:00,0.0
2020-01-22 00:00:00-05:00,0.0
2020-01-23 00:00:00-05:00,0.0
2020-01-24 00:00:00-05:00,0.0007362338779979272
2020-01-27 00:00:00-05:00,0.003091053025187973
2020-01-28 00:00:00-05:00,-0.00545824687612273
2020-01-29 00:00:00-05:00,0.0
2020-01-30 00:00:00-05:00,0.0
2020-01-31 00:00:00-05:00,0.0
2020-02-03 00:00:00-05:00,0.0
2020-02-04 00:00:00-05:00,0.0
2020-02-05 00:00:00-05:00,0.0
2020-02-06 00:00:00-05:00,0.0
2020-02-07 00:00:00-05:00,0.0
2020-02-10 00:00:00-05:00,0.0
2020-02-11 00:00:00-05:00,0.0
2020-02-12 00:00:00-05:00,0.0
2020-02-13 00:00:00-05:00,0.0
2020-02-14 00:00:00-05:00,0.0
2020-02-18 00:00:00-05:00,0.0
2020-02-19 00:00:00-05:00,0.0
2020-02-20 00:00:00-05:00,0.002071381796739491
2020-02-21 00:00:00-05:00,0.0
2020-02-24 00:00:00-05:00,0.0
2020-02-25 00:00:00-05:00,0.0
2020-02-26 00:00:00-05:00,0.0
2020-02-27 00:00:00-05:00,0.0
2020-02-28 00:00:00-05:00,-0.016465520763331742
2020-03-02 00:00:00-05:00,0.0
2020-03-03 00:00:00-05:00,0.0
2020-03-04 00:00:00-05:00,0.0
2020-03-05 00:00:00-05:00,-0.0012367525005216873
2020-03-06 00:00:00-05:00,-0.002209866319697329
2020-03-09 00:00:00-04:00,0.006968722118253723
2020-03-10 00:00:00-04:00,0.0
2020-03-11 00:00:00-04:00,0.0
2020-03-12 00:00:00-04:00,0.0
2020-03-13 00:00:00-04:00,0.0
2020-03-16 00:00:00-04:00,0.0
2020-03-17 00:00:00-04:00,0.0
2020-03-18 00:00:00-04:00,0.0
2020-03-19 00:00:00-04:00,0.0
2020-03-20 00:00:00-04:00,0.0
2020-03-23 00:00:00-04:00,0.0
2020-03-24 00:00:00-04:00,0.0
2020-03-25 00:00:00-04:00,0.0
2020-03-26 00:00:00-04:00,0.0
2020-03-27 00:00:00-04:00,0.0
2020-03-30 00:00:00-04:00,0.0
2020-03-31 00:00:00-04:00,0.0
2020-04-01 00:00:00-04:00,0.0
2020-04-02 00:00:00-04:00,0.0
2020-04-03 00:00:00-04:00,0.0
2020-04-06 00:00:00-04:00,0.0
2020-04-07 00:00:00-04:00,0.0
2020-04-08 00:00:00-04:00,0.0
2020-04-09 00:00:00-04:00,0.0
2020-04-13 00:00:00-04:00,0.0
2020-04-14 00:00:00-04:00,0.0
2020-04-15 00:00:00-04:00,0.0
2020-04-16 00:00:00-04:00,0.0
2020-04-17 00:00:00-04:00,0.0
2020-04-20 00:00:00-04:00,0.0
2020-04-21 00:00:00-04:00,0.0
2020-04-22 00:00:00-04:00,0.0
2020-04-23 00:00:00-04:00,0.0
2020-04-24 00:00:00-04:00,0.0
2020-04-27 00:00:00-04:00,0.0
2020-04-28 00:00:00-04:00,0.0
2020-04-29 00:00:00-04:00,0.0
2020-04-30 00:00:00-04:00,0.0
2020-05-01 00:00:00-04:00,0.0
2020-05-04 00:00:00-04:00,0.0
2020-05-05 00:00:00-04:00,0.0
2020-05-06 00:00:00-04:00,0.0
2020-05-07 00:00:00-04:00,0.0
2020-05-08 00:00:00-04:00,0.0
2020-05-11 00:00:00-04:00,0.0
2020-05-12 00:00:00-04:00,0.0
2020-05-13 00:00:00-04:00,0.0
2020-05-14 00:00:00-04:00,0.0
2020-05-15 00:00:00-04:00,0.0
2020-05-18 00:00:00-04:00,0.0
2020-05-19 00:00:00-04:00,0.0
2020-05-20 00:00:00-04:00,0.0
2020-05-21 00:00:00-04:00,0.0
2020-05-22 00:00:00-04:00,0.0
2020-05-26 00:00:00-04:00,0.0
2020-05-27 00:00:00-04:00,0.0
2020-05-28 00:00:00-04:00,0.0
2020-05-29 00:00:00-04:00,0.0
2020-06-01 00:00:00-04:00,0.0
2020-06-02 00:00:00-04:00,0.0
2020-06-03 00:00:00-04:00,0.0
2020-06-04 00:00:00-04:00,0.0
2020-06-05 00:00:00-04:00,0.0
2020-06-08 00:00:00-04:00,0.0
2020-06-09 00:00:00-04:00,0.0
2020-06-10 00:00:00-04:00,0.0
2020-06-11 00:00:00-04:00,0.0
2020-06-12 00:00:00-04:00,0.0
2020-06-15 00:00:00-04:00,0.0
2020-06-16 00:00:00-04:00,-0.017574298334716132
2020-06-17 00:00:00-04:00,0.0
2020-06-18 00:00:00-04:00,0.0
2020-06-19 00:00:00-04:00,0.0
2020-06-22 00:00:00-04:00,0.0
2020-06-23 00:00:00-04:00,0.0
2020-06-24 00:00:00-04:00,0.0
2020-06-25 00:00:00-04:00,0.0
2020-06-26 00:00:00-04:00,0.0
2020-06-29 00:00:00-04:00,0.0
2020-06-30 00:00:00-04:00,0.0
2020-07-01 00:00:00-04:00,0.00543257863839286
2020-07-02 00:00:00-04:00,0.0
2020-07-06 00:00:00-04:00,0.0
2020-07-07 00:00:00-04:00,0.0
2020-07-08 00:00:00-04:00,0.0
2020-07-09 00:00:00-04:00,0.0
2020-07-10 00:00:00-04:00,0.0
2020-07-13 00:00:00-04:00,0.0
2020-07-14 00:00:00-04:00,0.0
2020-07-15 00:00:00-04:00,0.0
2020-07-16 00:00:00-04:00,0.0
2020-07-17 00:00:00-04:00,0.0
2020-07-20 00:00:00-04:00,0.0
2020-07-21 00:00:00-04:00,0.0
2020-07-22 00:00:00-04:00,0.0
2020-07-23 00:00:00-04:00,0.0
2020-07-24 00:00:00-04:00,0.0
2020-07-27 00:00:00-04:00,0.0
2020-07-28 00:00:00-04:00,0.0
2020-07-29 00:00:00-04:00,0.0
2020-07-30 00:00:00-04:00,0.0
2020-07-31 00:00:00-04:00,0.0
2020-08-03 00:00:00-04:00,0.0
2020-08-04 00:00:00-04:00,0.0
2020-08-05 00:00:00-04:00,0.0
2020-08-06 00:00:00-04:00,0.0
2020-08-07 00:00:00-04:00,0.0
2020-08-10 00:00:00-04:00,0.0
2020-08-11 00:00:00-04:00,0.0
2020-08-12 00:00:00-04:00,0.0
2020-08-13 00:00:00-04:00,0.0
2020-08-14 00:00:00-04:00,0.0
2020-08-17 00:00:00-04:00,0.0
2020-08-18 00:00:00-04:00,0.0
2020-08-19 00:00:00-04:00,0.0
2020-08-20 00:00:00-04:00,0.0
2020-08-21 00:00:00-04:00,0.0
2020-08-24 00:00:00-04:00,0.005474003012434503
2020-08-25 00:00:00-04:00,0.0
2020-08-26 00:00:00-04:00,0.0
2020-08-27 00:00:00-04:00,0.0
2020-08-28 00:00:00-04:00,0.0
2020-08-31 00:00:00-04:00,0.0
2020-09-01 00:00:00-04:00,0.0
2020-09-02 00:00:00-04:00,0.0
2020-09-03 00:00:00-04:00,0.0
2020-09-04 00:00:00-04:00,0.0
2020-09-08 00:00:00-04:00,0.025178418987651163
2020-09-09 00:00:00-04:00,0.0
2020-09-10 00:00:00-04:00,-0.0012704068144163694
2020-09-11 00:00:00-04:00,-0.010607039661142847
2020-09-14 00:00:00-04:00,0.0
2020-09-15 00:00:00-04:00,-1.37766980929932e-05
2020-09-16 00:00:00-04:00,-0.004046815235488999
2020-09-17 00:00:00-04:00,0.0
2020-09-18 00:00:00-04:00,0.00298495928580067
2020-09-21 00:00:00-04:00,-0.021063000474730975
2020-09-22 00:00:00-04:00,0.003929844910407043
2020-09-23 00:00:00-04:00,-0.01874614095297511
2020-09-24 00:00:00-04:00,-0.004796383016149375
2020-09-25 00:00:00-04:00,-0.0011158623059029926
2020-09-28 00:00:00-04:00,0.005184398518683908
2020-09-29 00:00:00-04:00,0.0
2020-09-30 00:00:00-04:00,-0.004804786393551752
2020-10-01 00:00:00-04:00,0.005753191462169793
2020-10-02 00:00:00-04:00,-0.007012773884234491
2020-10-05 00:00:00-04:00,0.0
2020-10-06 00:00:00-04:00,-0.004554934841088598
2020-10-07 00:00:00-04:00,0.008844601689881548
2020-10-08 00:00:00-04:00,0.0
2020-10-09 00:00:00-04:00,0.006783957525689832
2020-10-12 00:00:00-04:00,0.0120777214641552
2020-10-13 00:00:00-04:00,0.002095650408819205
2020-10-14 00:00:00-04:00,0.0034714308169168095
2020-10-15 00:00:00-04:00,0.0
2020-10-16 00:00:00-04:00,0.01344377650659423
2020-10-19 00:00:00-04:00,0.0
2020-10-20 00:00:00-04:00,0.0
2020-10-21 00:00:00-04:00,0.0
2020-10-22 00:00:00-04:00,0.0
2020-10-23 00:00:00-04:00,0.0
2020-10-26 00:00:00-04:00,0.011546792813126983
2020-10-27 00:00:00-04:00,-0.0024823210303072107
2020-10-28 00:00:00-04:00,0.0
2020-10-29 00:00:00-04:00,0.0
2020-10-30 00:00:00-04:00,0.0
2020-11-02 00:00:00-05:00,0.0
2020-11-03 00:00:00-05:00,0.0
2020-11-04 00:00:00-05:00,-0.0004169504924508294
2020-11-05 00:00:00-05:00,0.00362185846328833
2020-11-06 00:00:00-05:00,0.0
2020-11-09 00:00:00-05:00,-0.021266277673205436
2020-11-10 00:00:00-05:00,0.0
2020-11-11 00:00:00-05:00,0.0
2020-11-12 00:00:00-05:00,0.0
2020-11-13 00:00:00-05:00,0.0
2020-11-16 00:00:00-05:00,0.0
2020-11-17 00:00:00-05:00,0.0
2020-11-18 00:00:00-05:00,0.0
2020-11-19 00:00:00-05:00,0.0
2020-11-20 00:00:00-05:00,-0.007084139855757066
2020-11-23 00:00:00-05:00,0.0
2020-11-24 00:00:00-05:00,0.004685036382355179
2020-11-25 00:00:00-05:00,0.0046535888853158625
2020-11-27 00:00:00-05:00,-0.0023811352502813854
2020-11-30 00:00:00-05:00,0.005376149501614469
2020-12-01 00:00:00-05:00,0.0034693255078539487
2020-12-02 00:00:00-05:00,0.0031230943517492893
2020-12-03 00:00:00-05:00,-0.003937804227938102
2020-12-04 00:00:00-05:00,0.0
2020-12-07 00:00:00-05:00,0.0004081914136320197
2020-12-08 00:00:00-05:00,0.007509105316509501
2020-12-09 00:00:00-05:00,0.0
2020-12-10 00:00:00-05:00,0.0
2020-12-11 00:00:00-05:00,0.0
2020-12-14 00:00:00-05:00,-0.006511291854014889
2020-12-15 00:00:00-05:00,0.0035963856828311602
2020-12-16 00:00:00-05:00,-0.0017085807765671035
2020-12-17 00:00:00-05:00,0.0
2020-12-18 00:00:00-05:00,0.0018131077257723671
2020-12-21 00:00:00-05:00,0.0
2020-12-22 00:00:00-05:00,-0.0007689619928998859
2020-12-23 00:00:00-05:00,0.0
2020-12-24 00:00:00-05:00,0.0
2020-12-28 00:00:00-05:00,0.004927370328670078
2020-12-29 00:00:00-05:00,0.0
2020-12-30 00:00:00-05:00,0.0
2020-12-31 00:00:00-05:00,0.0
2021-01-04 00:00:00-05:00,-0.0012737262033160057
2021-01-05 00:00:00-05:00,0.0
2021-01-06 00:00:00-05:00,0.0063256426017332945
2021-01-07 00:00:00-05:00,0.0038268135155383742
2021-01-08 00:00:00-05:00,0.004626820720850633
2021-01-11 00:00:00-05:00,-0.0075264391906793016
2021-01-12 00:00:00-05:00,0.0
2021-01-13 00:00:00-05:00,0.0
2021-01-14 00:00:00-05:00,-0.009298747636030669
2021-01-15 00:00:00-05:00,-0.0006652756846271535
2021-01-19 00:00:00-05:00,0.0
2021-01-20 00:00:00-05:00,0.003911515293243628
2021-01-21 00:00:00-05:00,0.0
2021-01-22 00:00:00-05:00,0.0
2021-01-25 00:00:00-05:00,5.234587265423585e-06
2021-01-26 00:00:00-05:00,-0.0012074937995099067
2021-01-27 00:00:00-05:00,0.010981976223713996
2021-01-28 00:00:00-05:00,0.0
2021-01-29 00:00:00-05:00,0.017859992741927178
2021-02-01 00:00:00-05:00,0.012917197310891249
2021-02-02 00:00:00-05:00,0.004498686419939002
2021-02-03 00:00:00-05:00,0.0
2021-02-04 00:00:00-05:00,0.0035451787231248755
2021-02-05 00:00:00-05:00,-0.0005123882199785657
2021-02-08 00:00:00-05:00,0.0
2021-02-09 00:00:00-05:00,0.0
2021-02-10 00:00:00-05:00,0.0026404496386549514
2021-02-11 00:00:00-05:00,4.772517483497829e-05
2021-02-12 00:00:00-05:00,0.0
2021-02-16 00:00:00-05:00,-0.0016486528428887315
2021-02-17 00:00:00-05:00,0.0
2021-02-18 00:00:00-05:00,0.0
2021-02-19 00:00:00-05:00,0.008565890732725734
2021-02-22 00:00:00-05:00,0.0
2021-02-23 00:00:00-05:00,-0.012660247855065365
2021-02-24 00:00:00-05:00,-0.013351212211865637
2021-02-25 00:00:00-05:00,0.02659979951962055
2021-02-26 00:00:00-05:00,0.002888436797165106
2021-03-01 00:00:00-05:00,-0.0104533397426666
2021-03-02 00:00:00-05:00,-0.006342449244695847
2021-03-03 00:00:00-05:00,0.012896538141067282
2021-03-04 00:00:00-05:00,0.0017042808554477151
2021-03-05 00:00:00-05:00,-0.021292489921130087
2021-03-08 00:00:00-05:00,0.014000497799260714
2021-03-09 00:00:00-05:00,0.0027650062290429656
2021-03-10 00:00:00-05:00,0.0
2021-03-11 00:00:00-05:00,0.007112670608369731
2021-03-12 00:00:00-05:00,-0.010451846259359687
2021-03-15 00:00:00-04:00,0.0
2021-03-16 00:00:00-04:00,-0.00913133904334995
2021-03-17 00:00:00-04:00,0.014467143790384718
2021-03-18 00:00:00-04:00,0.013392769345376143
2021-03-19 00:00:00-04:00,0.0
2021-03-22 00:00:00-04:00,-0.004112145243207577
2021-03-23 00:00:00-04:00,-0.01129883139219312
2021-03-24 00:00:00-04:00,0.0
2021-03-25 00:00:00-04:00,-0.008545074451152379
2021-03-26 00:00:00-04:00,0.0
2021-03-29 00:00:00-04:00,-0.009657394476181635
2021-03-30 00:00:00-04:00,0.00539085460125821
2021-03-31 00:00:00-04:00,0.00044903007265006956
2021-04-01 00:00:00-04:00,0.00027828642335880893
2021-04-05 00:00:00-04:00,0.004792112799773873
2021-04-06 00:00:00-04:00,-0.0047445255474452
2021-04-07 00:00:00-04:00,0.0
2021-04-08 00:00:00-04:00,0.0029890266268801646
2021-04-09 00:00:00-04:00,0.0021990233375839274
2021-04-12 00:00:00-04:00,0.0
2021-04-13 00:00:00-04:00,0.0033043480168899464
2021-04-14 00:00:00-04:00,-0.005611245131793452
2021-04-15 00:00:00-04:00,0.0017720719886495928
2021-04-16 00:00:00-04:00,0.0
2021-04-19 00:00:00-04:00,-0.002088694238437383
2021-04-20 00:00:00-04:00,-0.003471976367775298
2021-04-21 00:00:00-04:00,-0.005411470745260161
2021-04-22 00:00:00-04:00,-0.006603078243834548
2021-04-23 00:00:00-04:00,0.008169820856784415
2021-04-26 00:00:00-04:00,0.002349678508575259
2021-04-27 00:00:00-04:00,0.0
2021-04-28 00:00:00-04:00,0.0
2021-04-29 00:00:00-04:00,-0.007007000658505014
2021-04-30 00:00:00-04:00,0.00038149163753598003
2021-05-03 00:00:00-04:00,0.005879450220623417
2021-05-04 00:00:00-04:00,0.010069021548409829
2021-05-05 00:00:00-04:00,0.0
2021-05-06 00:00:00-04:00,0.0010182597824199835
2021-05-07 00:00:00-04:00,-0.005342477332899942
2021-05-10 00:00:00-04:00,-0.011971935400890032
2021-05-11 00:00:00-04:00,0.0
2021-05-12 00:00:00-04:00,0.0
2021-05-13 00:00:00-04:00,0.0058865858251742065
2021-05-14 00:00:00-04:00,-0.0074494661701552944
2021-05-17 00:00:00-04:00,0.0018445354876597264
2021-05-18 00:00:00-04:00,-0.013330572536586094
2021-05-19 00:00:00-04:00,0.0
2021-05-20 00:00:00-04:00,0.004762355706766197
2021-05-21 00:00:00-04:00,0.0
2021-05-24 00:00:00-04:00,0.00017341641392176754
2021-05-25 00:00:00-04:00,0.0
2021-05-26 00:00:00-04:00,0.0
2021-05-27 00:00:00-04:00,0.0
2021-05-28 00:00:00-04:00,-0.002703652840058357
2021-06-01 00:00:00-04:00,0.0008558950660018105
2021-06-02 00:00:00-04:00,0.0
2021-06-03 00:00:00-04:00,-0.001047673743174049
2021-06-04 00:00:00-04:00,0.002921787148579824
2021-06-07 00:00:00-04:00,0.0
2021-06-08 00:00:00-04:00,0.0
2021-06-09 00:00:00-04:00,-0.003108600485840163
2021-06-10 00:00:00-04:00,0.0016571959540243597
2021-06-11 00:00:00-04:00,0.0008924986211997776
2021-06-14 00:00:00-04:00,0.006266914490355546
2021-06-15 00:00:00-04:00,-0.00249192346171212
2021-06-16 00:00:00-04:00,-0.006590209980019579
2021-06-17 00:00:00-04:00,0.004282753597533828
2021-06-18 00:00:00-04:00,-0.004767884148192736
2021-06-21 00:00:00-04:00,0.0013327181169100477
2021-06-22 00:00:00-04:00,0.003320337557149333
2021-06-23 00:00:00-04:00,0.0
2021-06-24 00:00:00-04:00,-0.003613873865174644
2021-06-25 00:00:00-04:00,0.0007172948691103187
2021-06-28 00:00:00-04:00,0.0030529746884613296
2021-06-29 00:00:00-04:00,0.0010239437742662894
2021-06-30 00:00:00-04:00,0.0
2021-07-01 00:00:00-04:00,-0.004150488191007384
2021-07-02 00:00:00-04:00,0.004488481852908954
2021-07-06 00:00:00-04:00,-3.3111570664767775e-05
2021-07-07 00:00:00-04:00,0.0
2021-07-08 00:00:00-04:00,0.0
2021-07-09 00:00:00-04:00,0.0006879927409504383
2021-07-12 00:00:00-04:00,0.0
2021-07-13 00:00:00-04:00,-0.006470823424923555
2021-07-14 00:00:00-04:00,-0.004281837700384039
2021-07-15 00:00:00-04:00,0.0
2021-07-16 00:00:00-04:00,0.002336948977079034
2021-07-19 00:00:00-04:00,-0.0032984244125505713
2021-07-20 00:00:00-04:00,-0.008280433267058074
2021-07-21 00:00:00-04:00,0.0
2021-07-22 00:00:00-04:00,0.0014492450245888744
2021-07-23 00:00:00-04:00,0.006819336345354365
2021-07-26 00:00:00-04:00,0.0
2021-07-27 00:00:00-04:00,-0.007248782738918602
2021-07-28 00:00:00-04:00,0.007882142935625058
2021-07-29 00:00:00-04:00,0.0017702074124565925
2021-07-30 00:00:00-04:00,0.0004807155947195163
2021-08-02 00:00:00-04:00,0.0034442619519685636
2021-08-03 00:00:00-04:00,-0.0031759194773046673
2021-08-04 00:00:00-04:00,0.00033467241511142554
2021-08-05 00:00:00-04:00,0.0025456457885006945
2021-08-06 00:00:00-04:00,0.0004460307986506873
2021-08-09 00:00:00-04:00,0.0
2021-08-10 00:00:00-04:00,-0.0010741481805139896
2021-08-11 00:00:00-04:00,-0.0018961367054121103
2021-08-12 00:00:00-04:00,-0.0023415345816756306
2021-08-13 00:00:00-04:00,0.0006410833315189102
2021-08-16 00:00:00-04:00,-0.005757292693088889
2021-08-17 00:00:00-04:00,0.0068329239699223
2021-08-18 00:00:00-04:00,0.006316186984438588
2021-08-19 00:00:00-04:00,0.0033827988839187917
2021-08-20 00:00:00-04:00,0.000587241970384067
2021-08-23 00:00:00-04:00,0.004053541758134216
2021-08-24 00:00:00-04:00,0.0
2021-08-25 00:00:00-04:00,0.0
2021-08-26 00:00:00-04:00,0.0012687431881834854
2021-08-27 00:00:00-04:00,0.0021680398746133367
2021-08-30 00:00:00-04:00,0.0016779109327742514
2021-08-31 00:00:00-04:00,0.0
2021-09-01 00:00:00-04:00,-0.004066789188447384
2021-09-02 00:00:00-04:00,0.0
2021-09-03 00:00:00-04:00,0.0016172957458058246
2021-09-07 00:00:00-04:00,-0.001280290134632156
2021-09-08 00:00:00-04:00,-0.005360436179112749
2021-09-09 00:00:00-04:00,-0.004028888406669484
2021-09-10 00:00:00-04:00,0.00498923890309122
2021-09-13 00:00:00-04:00,-0.0031470502137644907
2021-09-14 00:00:00-04:00,-0.0005582677016841009
2021-09-15 00:00:00-04:00,-0.002326342011031657
2021-09-16 00:00:00-04:00,-0.00415967313933252
2021-09-17 00:00:00-04:00,-0.006650286693206553
2021-09-20 00:00:00-04:00,0.0
2021-09-21 00:00:00-04:00,0.0
2021-09-22 00:00:00-04:00,-0.003170051156444642
2021-09-23 00:00:00-04:00,-0.0016369507327876898
2021-09-24 00:00:00-04:00,0.00494016572108924
2021-09-27 00:00:00-04:00,-8.850714883901212e-05
2021-09-28 00:00:00-04:00,0.0
2021-09-29 00:00:00-04:00,-0.0005161479283291026
2021-09-30 00:00:00-04:00,0.0013559939728235992
2021-10-01 00:00:00-04:00,-0.012905233338768696
2021-10-04 00:00:00-04:00,0.002864050081156977
2021-10-05 00:00:00-04:00,-0.002023301288462176
2021-10-06 00:00:00-04:00,-0.010612123672495977
2021-10-07 00:00:00-04:00,-0.006529080029682666
2021-10-08 00:00:00-04:00,-0.0027086023149511806
2021-10-11 00:00:00-04:00,0.0
2021-10-12 00:00:00-04:00,0.0
2021-10-13 00:00:00-04:00,0.0
2021-10-14 00:00:00-04:00,0.0041823796807016755
2021-10-15 00:00:00-04:00,0.0
2021-10-18 00:00:00-04:00,0.0
2021-10-19 00:00:00-04:00,0.00241816327766875
2021-10-20 00:00:00-04:00,-0.007850725175157058
2021-10-21 00:00:00-04:00,0.0028730352355144095
2021-10-22 00:00:00-04:00,0.0
2021-10-25 00:00:00-04:00,0.006963658656171434
2021-10-26 00:00:00-04:00,-0.008176634585911668
2021-10-27 00:00:00-04:00,0.0
2021-10-28 00:00:00-04:00,0.0
2021-10-29 00:00:00-04:00,0.0
2021-11-01 00:00:00-04:00,0.0
2021-11-02 00:00:00-04:00,0.0
2021-11-03 00:00:00-04:00,0.0
2021-11-04 00:00:00-04:00,0.0
2021-11-05 00:00:00-04:00,-0.004098709151038604
2021-11-08 00:00:00-05:00,0.0
2021-11-09 00:00:00-05:00,0.0
2021-11-10 00:00:00-05:00,0.0
2021-11-11 00:00:00-05:00,0.0
2021-11-12 00:00:00-05:00,-0.0007757801265497744
2021-11-15 00:00:00-05:00,0.0048991630622940985
2021-11-16 00:00:00-05:00,0.0002415704185951828
2021-11-17 00:00:00-05:00,-0.002814276124295634
2021-11-18 00:00:00-05:00,0.005928060834277993
2021-11-19 00:00:00-05:00,0.0012838962783523478
2021-11-22 00:00:00-05:00,-0.023148849284785222
2021-11-23 00:00:00-05:00,0.0
2021-11-24 00:00:00-05:00,0.0
2021-11-26 00:00:00-05:00,0.009856329336312308
2021-11-29 00:00:00-05:00,0.0077651021672109355
2021-11-30 00:00:00-05:00,0.0010049140258672207
2021-12-01 00:00:00-05:00,-0.012572801921531873
2021-12-02 00:00:00-05:00,0.0
2021-12-03 00:00:00-05:00,0.013156959870693097
2021-12-06 00:00:00-05:00,-0.005033850142968421
2021-12-07 00:00:00-05:00,0.005170803457883011
2021-12-08 00:00:00-05:00,0.0
2021-12-09 00:00:00-05:00,0.0
2021-12-10 00:00:00-05:00,0.0017742152620978668
2021-12-13 00:00:00-05:00,0.004306683779215614
2021-12-14 00:00:00-05:00,0.0
2021-12-15 00:00:00-05:00,-0.019299898501749735
2021-12-16 00:00:00-05:00,0.014088544215470122
2021-12-17 00:00:00-05:00,-0.005566211103282148
2021-12-20 00:00:00-05:00,0.0
2021-12-21 00:00:00-05:00,-0.013680197675946637
2021-12-22 00:00:00-05:00,0.003028653001223125
2021-12-23 00:00:00-05:00,-0.0001999800019996112
2021-12-27 00:00:00-05:00,0.0030809942976988136
2021-12-28 00:00:00-05:00,0.0
2021-12-29 00:00:00-05:00,0.003070032940048817
2021-12-30 00:00:00-05:00,-0.0080961641854983
2021-12-31 00:00:00-05:00,0.0
2022-01-03 00:00:00-05:00,-0.00471123143242147
2022-01-04 00:00:00-05:00,0.0029864481486892025
2022-01-05 00:00:00-05:00,0.01862984921106281
2022-01-06 00:00:00-05:00,0.0
2022-01-07 00:00:00-05:00,0.004582006511069547
2022-01-10 00:00:00-05:00,-0.012688835499021112
2022-01-11 00:00:00-05:00,-0.005491515126215152
2022-01-12 00:00:00-05:00,-0.005202818258323916
2022-01-13 00:00:00-05:00,-0.012617484135348467
2022-01-14 00:00:00-05:00,0.0
2022-01-18 00:00:00-05:00,0.012533613049375836
2022-01-19 00:00:00-05:00,0.007199561385507591
2022-01-20 00:00:00-05:00,0.022897530620273665
2022-01-21 00:00:00-05:00,0.00041776944855720366
2022-01-24 00:00:00-05:00,0.0
2022-01-25 00:00:00-05:00,0.004115677153193609
2022-01-26 00:00:00-05:00,0.020784637716558807
2022-01-27 00:00:00-05:00,1.1579373604631016e-05
2022-01-28 00:00:00-05:00,0.014901212581444723
2022-01-31 00:00:00-05:00,0.01603231838767849
2022-02-01 00:00:00-05:00,0.0
2022-02-02 00:00:00-05:00,0.0031954507543996424
2022-02-03 00:00:00-05:00,-0.019816766466274727
2022-02-04 00:00:00-05:00,0.0
2022-02-07 00:00:00-05:00,0.0016255855507907313
2022-02-08 00:00:00-05:00,-0.01647244737156317
2022-02-09 00:00:00-05:00,0.009303283154830755
2022-02-10 00:00:00-05:00,-0.0055195864932071625
2022-02-11 00:00:00-05:00,0.014467611391196789
2022-02-14 00:00:00-05:00,-0.0038910146594685058
2022-02-15 00:00:00-05:00,-0.0077830375910981076
2022-02-16 00:00:00-05:00,0.01136771208643661
2022-02-17 00:00:00-05:00,-0.012517723705111061
2022-02-18 00:00:00-05:00,0.0
2022-02-22 00:00:00-05:00,0.0018998978857265314
2022-02-23 00:00:00-05:00,0.015404528200357426
2022-02-24 00:00:00-05:00,-0.03295615092924464
2022-02-25 00:00:00-05:00,0.003959370015350849
2022-02-28 00:00:00-05:00,-0.0022270609342425196
2022-03-01 00:00:00-05:00,-0.003957722575207767
2022-03-02 00:00:00-05:00,-0.005064486756000686
2022-03-03 00:00:00-05:00,0.004626795033678688
2022-03-04 00:00:00-05:00,0.0
2022-03-07 00:00:00-05:00,0.0
2022-03-08 00:00:00-05:00,0.0020244336971511068
2022-03-09 00:00:00-05:00,-0.008328196343207583
2022-03-10 00:00:00-05:00,0.005146376975286637
2022-03-11 00:00:00-05:00,0.00887237474967928
2022-03-14 00:00:00-04:00,0.0
2022-03-15 00:00:00-04:00,-0.014767277607358076
2022-03-16 00:00:00-04:00,0.006463691813029637
2022-03-17 00:00:00-04:00,0.005822004759319377
2022-03-18 00:00:00-04:00,0.013804653735369987
2022-03-21 00:00:00-04:00,0.009567635112008643
2022-03-22 00:00:00-04:00,0.004377222222144761
2022-03-23 00:00:00-04:00,-0.0041342500547508765
2022-03-24 00:00:00-04:00,0.009219012210442523
2022-03-25 00:00:00-04:00,-0.010945827004801623
2022-03-28 00:00:00-04:00,0.0025431495431662565
2022-03-29 00:00:00-04:00,0.009460329382958266
2022-03-30 00:00:00-04:00,-0.0028003492124988316
2022-03-31 00:00:00-04:00,-0.010305509794760859
2022-04-01 00:00:00-04:00,0.0
2022-04-04 00:00:00-04:00,0.007723567918058505
2022-04-05 00:00:00-04:00,0.008758597943881341
2022-04-06 00:00:00-04:00,0.0
2022-04-07 00:00:00-04:00,-0.012918279950896228
2022-04-08 00:00:00-04:00,0.004848085970603044
2022-04-11 00:00:00-04:00,0.0
2022-04-12 00:00:00-04:00,0.01520308582612695
2022-04-13 00:00:00-04:00,-0.010655072475888594
2022-04-14 00:00:00-04:00,-0.012280884388642055
2022-04-18 00:00:00-04:00,-0.011123360318376352
2022-04-19 00:00:00-04:00,-0.009387736324064755
2022-04-20 00:00:00-04:00,-0.003239251695597911
2022-04-21 00:00:00-04:00,-0.00019869447229736714
2022-04-22 00:00:00-04:00,0.014378143780004349
2022-04-25 00:00:00-04:00,-0.006709323115793198
2022-04-26 00:00:00-04:00,0.015284141003660157
2022-04-27 00:00:00-04:00,0.007926967972479382
2022-04-28 00:00:00-04:00,-0.012324812108361116
2022-04-29 00:00:00-04:00,-0.01744625684913037
2022-05-02 00:00:00-04:00,-0.017043005141207712
2022-05-03 00:00:00-04:00,0.0015085113113753046
2022-05-04 00:00:00-04:00,0.022121675680659925
2022-05-05 00:00:00-04:00,-0.011982954816430302
2022-05-06 00:00:00-04:00,0.0
2022-05-09 00:00:00-04:00,0.0
2022-05-10 00:00:00-04:00,0.0065325859459990365
2022-05-11 00:00:00-04:00,0.01873699882535429
2022-05-12 00:00:00-04:00,-0.008111528747116625
2022-05-13 00:00:00-04:00,-0.005411895320488691
2022-05-16 00:00:00-04:00,0.0012848373241007849
2022-05-17 00:00:00-04:00,0.012565597372847126
2022-05-18 00:00:00-04:00,0.0
2022-05-19 00:00:00-04:00,0.0
2022-05-20 00:00:00-04:00,-0.0010316199182429653
2022-05-23 00:00:00-04:00,-0.0119169531436637
2022-05-24 00:00:00-04:00,-0.011768685933132739
2022-05-25 00:00:00-04:00,0.004985115299211973
2022-05-26 00:00:00-04:00,0.009523674239036772
2022-05-27 00:00:00-04:00,0.009140805236588667
2022-05-31 00:00:00-04:00,-0.007360114093030279
2022-06-01 00:00:00-04:00,-0.0010739310684315662
2022-06-02 00:00:00-04:00,-0.01745863460429975
2022-06-03 00:00:00-04:00,0.006715883533437994
2022-06-06 00:00:00-04:00,-0.014238867519730247
2022-06-07 00:00:00-04:00,0.0
2022-06-08 00:00:00-04:00,0.0002683167410355569
2022-06-09 00:00:00-04:00,0.0
2022-06-10 00:00:00-04:00,0.0
2022-06-13 00:00:00-04:00,0.0
2022-06-14 00:00:00-04:00,0.0
2022-06-15 00:00:00-04:00,-0.021999506493685872
2022-06-16 00:00:00-04:00,0.006315818356952496
2022-06-17 00:00:00-04:00,-0.00023750875837202923
2022-06-21 00:00:00-04:00,0.004456980564012669
2022-06-22 00:00:00-04:00,0.0
2022-06-23 00:00:00-04:00,0.0
2022-06-24 00:00:00-04:00,0.008016977172751849
2022-06-27 00:00:00-04:00,0.0
2022-06-28 00:00:00-04:00,-0.01617794914405013
2022-06-29 00:00:00-04:00,0.0
2022-06-30 00:00:00-04:00,0.0031264254997973584
2022-07-01 00:00:00-04:00,-0.014537686081017798
2022-07-05 00:00:00-04:00,0.014842802680046008
2022-07-06 00:00:00-04:00,-0.006247585358195584
2022-07-07 00:00:00-04:00,0.008195501860817966
2022-07-08 00:00:00-04:00,-0.004184075164679335
2022-07-11 00:00:00-04:00,0.0019649151062290926
2022-07-12 00:00:00-04:00,0.0052292494444785564
2022-07-13 00:00:00-04:00,0.005026508377394601
2022-07-14 00:00:00-04:00,-0.014547186677613788
2022-07-15 00:00:00-04:00,0.003190489527825191
2022-07-18 00:00:00-04:00,-0.015842478016188877
2022-07-19 00:00:00-04:00,0.01617043562412812
2022-07-20 00:00:00-04:00,0.005872025305572848
2022-07-21 00:00:00-04:00,0.010917169064491583
2022-07-22 00:00:00-04:00,-0.0053108437082760585
2022-07-25 00:00:00-04:00,0.0
2022-07-26 00:00:00-04:00,0.0
2022-07-27 00:00:00-04:00,-0.022513156288887504
2022-07-28 00:00:00-04:00,0.01740608562074497
2022-07-29 00:00:00-04:00,0.0040192755129093705
2022-08-01 00:00:00-04:00,0.001628464566103549
2022-08-02 00:00:00-04:00,-0.011895058918834134
2022-08-03 00:00:00-04:00,0.010674055675810923
2022-08-04 00:00:00-04:00,0.0
2022-08-05 00:00:00-04:00,0.01008961240925843
2022-08-08 00:00:00-04:00,-0.01578523440100743
2022-08-09 00:00:00-04:00,0.0
2022-08-10 00:00:00-04:00,0.008384450621909734
2022-08-11 00:00:00-04:00,-0.015114927424651481
2022-08-12 00:00:00-04:00,0.008200383836588498
2022-08-15 00:00:00-04:00,-0.0012475685464830022
2022-08-16 00:00:00-04:00,0.008182703167915362
2022-08-17 00:00:00-04:00,0.0
2022-08-18 00:00:00-04:00,0.0
2022-08-19 00:00:00-04:00,0.0
2022-08-22 00:00:00-04:00,0.0
2022-08-23 00:00:00-04:00,0.0
2022-08-24 00:00:00-04:00,0.003958950941710615
2022-08-25 00:00:00-04:00,0.0045990085612275244
2022-08-26 00:00:00-04:00,0.00011006867466134551
2022-08-29 00:00:00-04:00,0.0
2022-08-30 00:00:00-04:00,0.0
2022-08-31 00:00:00-04:00,0.008076792695445256
2022-09-01 00:00:00-04:00,0.011674595043200009
2022-09-02 00:00:00-04:00,-0.011141194813667488
2022-09-06 00:00:00-04:00,-0.0026258979372577596
2022-09-07 00:00:00-04:00,-0.013450255743854722
2022-09-08 00:00:00-04:00,-0.001712199030685646
2022-09-09 00:00:00-04:00,0.005047431198743402
2022-09-12 00:00:00-04:00,3.15011166081014e-05
2022-09-13 00:00:00-04:00,-0.02037590895984276
2022-09-14 00:00:00-04:00,0.0
2022-09-15 00:00:00-04:00,0.0033894670868819254
2022-09-16 00:00:00-04:00,0.0
2022-09-19 00:00:00-04:00,-0.0015740179160573797
2022-09-20 00:00:00-04:00,0.0033587870656943686
2022-09-21 00:00:00-04:00,-0.030593228804650985
2022-09-22 00:00:00-04:00,0.0
2022-09-23 00:00:00-04:00,0.0
2022-09-26 00:00:00-04:00,0.015605444832947013
2022-09-27 00:00:00-04:00,0.010622027910504261
2022-09-28 00:00:00-04:00,0.01506821820557036
2022-09-29 00:00:00-04:00,-0.0023883112566253084
2022-09-30 00:00:00-04:00,0.017236000411300134
2022-10-03 00:00:00-04:00,-0.007592704364334679
2022-10-04 00:00:00-04:00,0.001799474623114472
2022-10-05 00:00:00-04:00,0.02105626211770595
2022-10-06 00:00:00-04:00,0.0
2022-10-07 00:00:00-04:00,0.0
2022-10-10 00:00:00-04:00,0.0
2022-10-11 00:00:00-04:00,-0.003052041464448818
2022-10-12 00:00:00-04:00,0.0
2022-10-13 00:00:00-04:00,-0.01481502667256196
2022-10-14 00:00:00-04:00,-0.015934208141323403
2022-10-17 00:00:00-04:00,0.0018937224462143298
2022-10-18 00:00:00-04:00,-0.005223912303335854
2022-10-19 00:00:00-04:00,0.005852032149356479
2022-10-20 00:00:00-04:00,-0.020994988502503698
2022-10-21 00:00:00-04:00,0.009670418093325805
2022-10-24 00:00:00-04:00,0.004155803729207985
2022-10-25 00:00:00-04:00,0.00537719981035556
2022-10-26 00:00:00-04:00,-0.011094302377342102
2022-10-27 00:00:00-04:00,0.0
2022-10-28 00:00:00-04:00,-0.017335090454185798
2022-10-31 00:00:00-04:00,-0.004678914284974356
2022-11-01 00:00:00-04:00,0.0010272649188025618
2022-11-02 00:00:00-04:00,0.02310106107938048
2022-11-03 00:00:00-04:00,0.0
2022-11-04 00:00:00-04:00,0.010186291482045418
2022-11-07 00:00:00-05:00,-0.001040983307037724
2022-11-08 00:00:00-05:00,-0.006274637710541264
2022-11-09 00:00:00-05:00,-0.011617259529045465
2022-11-10 00:00:00-05:00,0.017792512152701168
2022-11-11 00:00:00-05:00,0.0021518198882231054
2022-11-14 00:00:00-05:00,0.0
2022-11-15 00:00:00-05:00,-0.01132324930051154
2022-11-16 00:00:00-05:00,0.0
2022-11-17 00:00:00-05:00,0.0
2022-11-18 00:00:00-05:00,0.0
2022-11-21 00:00:00-05:00,-0.0023851351054126058
2022-11-22 00:00:00-05:00,-0.005529618668437597
2022-11-23 00:00:00-05:00,0.0005803101977219782
2022-11-25 00:00:00-05:00,0.0
2022-11-28 00:00:00-05:00,-0.00778484334718299
2022-11-29 00:00:00-05:00,-0.003018928590271308
2022-11-30 00:00:00-05:00,0.011412058215225729
2022-12-01 00:00:00-05:00,0.0
2022-12-02 00:00:00-05:00,0.008588152057429133
2022-12-05 00:00:00-05:00,0.0
2022-12-06 00:00:00-05:00,0.0
2022-12-07 00:00:00-05:00,0.0
2022-12-08 00:00:00-05:00,1.6387632777226102e-05
2022-12-09 00:00:00-05:00,0.0
2022-12-12 00:00:00-05:00,0.002711744789279047
2022-12-13 00:00:00-05:00,-0.009645362503467814
2022-12-14 00:00:00-05:00,-0.017344223673920856
2022-12-15 00:00:00-05:00,0.0
2022-12-16 00:00:00-05:00,0.0
2022-12-19 00:00:00-05:00,0.0
2022-12-20 00:00:00-05:00,-0.005687667753287662
2022-12-21 00:00:00-05:00,-0.004100312543440565
2022-12-22 00:00:00-05:00,-0.0026567593818024315
2022-12-23 00:00:00-05:00,0.0
2022-12-27 00:00:00-05:00,0.0
2022-12-28 00:00:00-05:00,0.005154286138210562
2022-12-29 00:00:00-05:00,-0.00389391866785338
2022-12-30 00:00:00-05:00,-0.009219200491201396
2023-01-03 00:00:00-05:00,0.002316555054531655
2023-01-04 00:00:00-05:00,-0.0005461365884360525
2023-01-05 00:00:00-05:00,0.004813026955038602
2023-01-06 00:00:00-05:00,0.013341493654147385
2023-01-09 00:00:00-05:00,-0.010252540567876167
2023-01-10 00:00:00-05:00,0.0
2023-01-11 00:00:00-05:00,0.007549258053983321
2023-01-12 00:00:00-05:00,-0.0010045597239966009
2023-01-13 00:00:00-05:00,0.0031190701154601985
2023-01-17 00:00:00-05:00,-0.002841889849963808
2023-01-18 00:00:00-05:00,-0.018465757869037036
2023-01-19 00:00:00-05:00,0.0
2023-01-20 00:00:00-05:00,-0.012477431150084817
2023-01-23 00:00:00-05:00,0.006595571893648788
2023-01-24 00:00:00-05:00,0.0
2023-01-25 00:00:00-05:00,0.0
2023-01-26 00:00:00-05:00,0.006740398077430765
2023-01-27 00:00:00-05:00,0.0007663771577208767
2023-01-30 00:00:00-05:00,-0.007156144045758928
2023-01-31 00:00:00-05:00,0.0
2023-02-01 00:00:00-05:00,-0.0012504392672068043
2023-02-02 00:00:00-05:00,0.009324444639420726
2023-02-03 00:00:00-05:00,-0.005607532288546935
2023-02-06 00:00:00-05:00,0.0021603451607219437
2023-02-07 00:00:00-05:00,-0.011298910556856168
2023-02-08 00:00:00-05:00,-0.0007037806728763529
2023-02-09 00:00:00-05:00,0.0
2023-02-10 00:00:00-05:00,0.0
2023-02-13 00:00:00-05:00,-0.006954021082437478
2023-02-14 00:00:00-05:00,-0.00010135560558188761
2023-02-15 00:00:00-05:00,0.001851774308865739
2023-02-16 00:00:00-05:00,-0.010795034866014963
2023-02-17 00:00:00-05:00,0.0
2023-02-21 00:00:00-05:00,0.007284235320083932
2023-02-22 00:00:00-05:00,-0.003754737843122191
2023-02-23 00:00:00-05:00,0.013736950241415968
2023-02-24 00:00:00-05:00,-0.003325754816431048
2023-02-27 00:00:00-05:00,-0.006140685547985858
2023-02-28 00:00:00-05:00,0.0
2023-03-01 00:00:00-05:00,-0.001042944381523081
2023-03-02 00:00:00-05:00,-0.012034492598277713
2023-03-03 00:00:00-05:00,0.006869625054794382
2023-03-06 00:00:00-05:00,-0.009206579595085418
2023-03-07 00:00:00-05:00,-0.005888645068655052
2023-03-08 00:00:00-05:00,0.0
2023-03-09 00:00:00-05:00,-0.00018985460078757566
2023-03-10 00:00:00-05:00,0.012130047559527846
2023-03-13 00:00:00-04:00,0.009061736083794125
2023-03-14 00:00:00-04:00,0.001899283429773746
2023-03-15 00:00:00-04:00,0.015492688461727688
2023-03-16 00:00:00-04:00,0.009242557073906532
2023-03-17 00:00:00-04:00,0.0032235328904333116
2023-03-20 00:00:00-04:00,0.0
2023-03-21 00:00:00-04:00,0.009622150961140274
2023-03-22 00:00:00-04:00,-0.011948494368924867
2023-03-23 00:00:00-04:00,-0.0067403916069975756
2023-03-24 00:00:00-04:00,0.0
2023-03-27 00:00:00-04:00,0.0
2023-03-28 00:00:00-04:00,0.0
2023-03-29 00:00:00-04:00,0.005768387999825153
2023-03-30 00:00:00-04:00,-0.0007810713923765977
2023-03-31 00:00:00-04:00,0.011489656723735031
2023-04-03 00:00:00-04:00,0.006049571347519933
2023-04-04 00:00:00-04:00,0.0
2023-04-05 00:00:00-04:00,0.0
2023-04-06 00:00:00-04:00,-0.0025787698487027555
2023-04-10 00:00:00-04:00,-0.011029039391972528
2023-04-11 00:00:00-04:00,-0.00023232098762926423
2023-04-12 00:00:00-04:00,0.005051394784592711
2023-04-13 00:00:00-04:00,-0.006534266439792269
2023-04-14 00:00:00-04:00,-0.0057382617507155675
2023-04-17 00:00:00-04:00,-0.007354895443143494
2023-04-18 00:00:00-04:00,0.0
2023-04-19 00:00:00-04:00,-0.0051207763948198926
2023-04-20 00:00:00-04:00,0.00809216207627772
2023-04-21 00:00:00-04:00,0.0
2023-04-24 00:00:00-04:00,-0.004903866748895869
2023-04-25 00:00:00-04:00,0.00824390788939744
2023-04-26 00:00:00-04:00,0.0025733286099771657
2023-04-27 00:00:00-04:00,0.010281486212584623
2023-04-28 00:00:00-04:00,0.002239715816090726
2023-05-01 00:00:00-04:00,0.0
2023-05-02 00:00:00-04:00,0.0017765338719122337
2023-05-03 00:00:00-04:00,0.0015968809995754452
2023-05-04 00:00:00-04:00,0.004391883261782192
2023-05-05 00:00:00-04:00,0.006507953611774253
2023-05-08 00:00:00-04:00,0.0
2023-05-09 00:00:00-04:00,-0.0010237211852538453
2023-05-10 00:00:00-04:00,-0.02100827599355537
2023-05-11 00:00:00-04:00,0.0
2023-05-12 00:00:00-04:00,0.0012138087954083332
2023-05-15 00:00:00-04:00,0.002521543158721995
2023-05-16 00:00:00-04:00,-0.0020046170156581278
2023-05-17 00:00:00-04:00,0.007019478103389876
2023-05-18 00:00:00-04:00,0.007888671756092869
2023-05-19 00:00:00-04:00,0.0018042966835960517
2023-05-22 00:00:00-04:00,-4.896193360537371e-05
2023-05-23 00:00:00-04:00,-0.007229245455632083
2023-05-24 00:00:00-04:00,0.0
2023-05-25 00:00:00-04:00,-0.006788833477974987
2023-05-26 00:00:00-04:00,0.011379564380487706
2023-05-30 00:00:00-04:00,-0.002293497566049796
2023-05-31 00:00:00-04:00,-8.264291078141639e-05
2023-06-01 00:00:00-04:00,0.009664735864445717
2023-06-02 00:00:00-04:00,-0.0008895963399779827
2023-06-05 00:00:00-04:00,-0.009353074693204566
2023-06-06 00:00:00-04:00,0.0
2023-06-07 00:00:00-04:00,0.01137010451379905
2023-06-08 00:00:00-04:00,-0.00618767523202568
2023-06-09 00:00:00-04:00,-0.009330543479556752
2023-06-12 00:00:00-04:00,0.00912456007767326
2023-06-13 00:00:00-04:00,8.080748922334458e-05
2023-06-14 00:00:00-04:00,0.0035220462253946483
2023-06-15 00:00:00-04:00,0.008776736676360253
2023-06-16 00:00:00-04:00,-0.0016116186891871331
2023-06-20 00:00:00-04:00,0.008864857734578235
2023-06-21 00:00:00-04:00,0.0
2023-06-22 00:00:00-04:00,-0.005260713922564997
2023-06-23 00:00:00-04:00,-0.0009592598046387346
2023-06-26 00:00:00-04:00,0.009249667140553308
2023-06-27 00:00:00-04:00,-0.010057827914203843
2023-06-28 00:00:00-04:00,0.0
2023-06-29 00:00:00-04:00,0.0
2023-06-30 00:00:00-04:00,-0.0013010510297774003
2023-07-03 00:00:00-04:00,0.0
2023-07-05 00:00:00-04:00,-0.003461925562666779
2023-07-06 00:00:00-04:00,0.0
2023-07-07 00:00:00-04:00,-0.00937488414415244
2023-07-10 00:00:00-04:00,-0.002540581671271802
2023-07-11 00:00:00-04:00,0.0
2023-07-12 00:00:00-04:00,-0.002434230877887855
2023-07-13 00:00:00-04:00,0.009590128842989598
2023-07-14 00:00:00-04:00,-0.009576063388560097
2023-07-17 00:00:00-04:00,0.003888908374672484
2023-07-18 00:00:00-04:00,0.012204350669136721
2023-07-19 00:00:00-04:00,0.0005404167332538901
2023-07-20 00:00:00-04:00,0.0
2023-07-21 00:00:00-04:00,0.0
2023-07-24 00:00:00-04:00,0.0
2023-07-25 00:00:00-04:00,0.0021983328053913898
2023-07-26 00:00:00-04:00,0.00020475363809224767
2023-07-27 00:00:00-04:00,-0.005793702641609055
2023-07-28 00:00:00-04:00,0.0032640535418755334
2023-07-31 00:00:00-04:00,0.0
2023-08-01 00:00:00-04:00,0.0020128517000836954
2023-08-02 00:00:00-04:00,-0.0026276237484939013
2023-08-03 00:00:00-04:00,-0.005240190996149696
2023-08-04 00:00:00-04:00,0.010263961711265868
2023-08-07 00:00:00-04:00,0.0
2023-08-08 00:00:00-04:00,-0.004297735170970873
2023-08-09 00:00:00-04:00,-0.0006987346934139715
2023-08-10 00:00:00-04:00,0.01373765732390786
2023-08-11 00:00:00-04:00,-0.003045539262318875
2023-08-14 00:00:00-04:00,0.0032478916149547565
2023-08-15 00:00:00-04:00,0.0019084677800964567
2023-08-16 00:00:00-04:00,0.004527140448258304
2023-08-17 00:00:00-04:00,0.006347749535527969
2023-08-18 00:00:00-04:00,-0.00994071603412805
2023-08-21 00:00:00-04:00,-0.009648662815043285
2023-08-22 00:00:00-04:00,-0.004191476215174794
2023-08-23 00:00:00-04:00,0.004511351725454915
2023-08-24 00:00:00-04:00,-0.009644630750992644
2023-08-25 00:00:00-04:00,0.0
2023-08-28 00:00:00-04:00,-0.0001444841874527203
2023-08-29 00:00:00-04:00,0.007853645015245325
2023-08-30 00:00:00-04:00,-0.0007400037786001734
2023-08-31 00:00:00-04:00,-0.004199072723797825
2023-09-01 00:00:00-04:00,0.0012852057130547934
2023-09-05 00:00:00-04:00,-0.0029933927328327226
2023-09-06 00:00:00-04:00,0.0
2023-09-07 00:00:00-04:00,-0.0045176280069578745
2023-09-08 00:00:00-04:00,0.00502267251473576
2023-09-11 00:00:00-04:00,0.005942599976783702
2023-09-12 00:00:00-04:00,-0.005660250733974692
2023-09-13 00:00:00-04:00,-0.002724110682017611
2023-09-14 00:00:00-04:00,0.0006104058350244745
2023-09-15 00:00:00-04:00,-0.008700127851223205
2023-09-18 00:00:00-04:00,0.002236554196832996
2023-09-19 00:00:00-04:00,-0.0051751769257673
2023-09-20 00:00:00-04:00,0.00650770910539844
2023-09-21 00:00:00-04:00,0.006914420695767198
2023-09-22 00:00:00-04:00,0.005536076392056
2023-09-25 00:00:00-04:00,-0.0007094020855231697
2023-09-26 00:00:00-04:00,0.0037474604864822236
2023-09-27 00:00:00-04:00,0.0088755591670453
2023-09-28 00:00:00-04:00,-0.0022497852210292546
2023-09-29 00:00:00-04:00,-0.010411446110083489
2023-10-02 00:00:00-04:00,0.0034722243998688285
2023-10-03 00:00:00-04:00,0.0037399109990639
2023-10-04 00:00:00-04:00,-0.005630018405171855
2023-10-05 00:00:00-04:00,-0.0045296436005737295
2023-10-06 00:00:00-04:00,0.004449992073525921
2023-10-09 00:00:00-04:00,0.009457604365904704
2023-10-10 00:00:00-04:00,-0.0015776463471438573
2023-10-11 00:00:00-04:00,0.0
2023-10-12 00:00:00-04:00,-0.009314318131373178
2023-10-13 00:00:00-04:00,0.0
2023-10-16 00:00:00-04:00,2.018530278591335e-05
2023-10-17 00:00:00-04:00,-0.003998739306177113
2023-10-18 00:00:00-04:00,-0.009915614517311933
2023-10-19 00:00:00-04:00,0.0005906742739549831
2023-10-20 00:00:00-04:00,0.006722272295584419
2023-10-23 00:00:00-04:00,0.005204775191548938
2023-10-24 00:00:00-04:00,-0.00020002000200025627
2023-10-25 00:00:00-04:00,0.009064021604231254
2023-10-26 00:00:00-04:00,0.010958540992705101
2023-10-27 00:00:00-04:00,0.004052032387477089
2023-10-30 00:00:00-04:00,-0.00556027430429229
2023-10-31 00:00:00-04:00,2.8956144302316744e-06
2023-11-01 00:00:00-04:00,0.007403607465340523
2023-11-02 00:00:00-04:00,0.00452255502652843
2023-11-03 00:00:00-04:00,0.006284637653593439
2023-11-06 00:00:00-05:00,0.0
2023-11-07 00:00:00-05:00,0.002152104518183817
2023-11-08 00:00:00-05:00,0.0043463083703136896
2023-11-09 00:00:00-05:00,-0.008245274242139056
2023-11-10 00:00:00-05:00,0.00816982427292512
2023-11-13 00:00:00-05:00,0.0
2023-11-14 00:00:00-05:00,-0.000490205373298136
2023-11-15 00:00:00-05:00,-0.004479810961075192
2023-11-16 00:00:00-05:00,0.005150368477073952
2023-11-17 00:00:00-05:00,0.0
2023-11-20 00:00:00-05:00,0.004637677677019836
2023-11-21 00:00:00-05:00,0.0036367124997012112
2023-11-22 00:00:00-05:00,-0.0011116121682087643
2023-11-24 00:00:00-05:00,0.0
2023-11-27 00:00:00-05:00,-0.003948644348188091
2023-11-28 00:00:00-05:00,-0.004152034943917138
2023-11-29 00:00:00-05:00,-0.005313316379880972
2023-11-30 00:00:00-05:00,-0.0021135008306638614
2023-12-01 00:00:00-05:00,-0.007416105257995409
2023-12-04 00:00:00-05:00,-0.007655289521631081
2023-12-05 00:00:00-05:00,0.0
2023-12-06 00:00:00-05:00,-0.0009653013846034897
2023-12-07 00:00:00-05:00,0.0025935596804596006
2023-12-08 00:00:00-05:00,0.0
2023-12-11 00:00:00-05:00,0.005254085620678639
2023-12-12 00:00:00-05:00,0.00417971575114251
2023-12-13 00:00:00-05:00,0.004786111941183169
2023-12-14 00:00:00-05:00,0.00395140373042735
2023-12-15 00:00:00-05:00,-0.002779753589348677
2023-12-18 00:00:00-05:00,0.001873257435161868
2023-12-19 00:00:00-05:00,0.0015392347445177812
2023-12-20 00:00:00-05:00,-0.006431791281302002
2023-12-21 00:00:00-05:00,0.0
2023-12-22 00:00:00-05:00,-0.0030491189513187633
2023-12-26 00:00:00-05:00,0.0018295180086902452
2023-12-27 00:00:00-05:00,0.0
2023-12-28 00:00:00-05:00,0.0
2023-12-29 00:00:00-05:00,0.0
2024-01-02 00:00:00-05:00,-0.004681361693946839
2024-01-03 00:00:00-05:00,0.002087313292376214
2024-01-04 00:00:00-05:00,0.003601081918072735
2024-01-05 00:00:00-05:00,0.004407554343788034
2024-01-08 00:00:00-05:00,0.009211051160733064
2024-01-09 00:00:00-05:00,5.003250612678478e-05
2024-01-10 00:00:00-05:00,0.001989617373935104
2024-01-11 00:00:00-05:00,0.007658691077848001
2024-01-12 00:00:00-05:00,2.295741884106306e-05
2024-01-16 00:00:00-05:00,0.002656378587416297
2024-01-17 00:00:00-05:00,0.0
2024-01-18 00:00:00-05:00,0.0042629726373322185
2024-01-19 00:00:00-05:00,0.009297420946132062
2024-01-22 00:00:00-05:00,-0.001784829683041833
2024-01-23 00:00:00-05:00,0.0
2024-01-24 00:00:00-05:00,-0.005531172638731929
2024-01-25 00:00:00-05:00,-0.008879085548824439
2024-01-26 00:00:00-05:00,0.0
2024-01-29 00:00:00-05:00,6.066843664043198e-05
2024-01-30 00:00:00-05:00,-0.0004623008182188526
2024-01-31 00:00:00-05:00,0.0
2024-02-01 00:00:00-05:00,-0.004376371697799253
2024-02-02 00:00:00-05:00,0.009201596358353603
2024-02-05 00:00:00-05:00,0.0037930404035551035
2024-02-06 00:00:00-05:00,0.0030838262327614885
2024-02-07 00:00:00-05:00,-0.001536391632041778
2024-02-08 00:00:00-05:00,0.0
2024-02-09 00:00:00-05:00,0.003596935336870999
2024-02-12 00:00:00-05:00,-0.00866720738942195
2024-02-13 00:00:00-05:00,0.0
2024-02-14 00:00:00-05:00,0.0
2024-02-15 00:00:00-05:00,-0.0006432882183764477
2024-02-16 00:00:00-05:00,-0.0013058753901974418
2024-02-20 00:00:00-05:00,0.0
2024-02-21 00:00:00-05:00,0.0
2024-02-22 00:00:00-05:00,0.00475539880566922
2024-02-23 00:00:00-05:00,0.0
2024-02-26 00:00:00-05:00,0.0
2024-02-27 00:00:00-05:00,0.0
2024-02-28 00:00:00-05:00,0.0
2024-02-29 00:00:00-05:00,0.0024867827816670296
2024-03-01 00:00:00-05:00,0.00916053026563457
2024-03-04 00:00:00-05:00,0.0
2024-03-05 00:00:00-05:00,0.0
2024-03-06 00:00:00-05:00,0.0
2024-03-07 00:00:00-05:00,-0.004155819998807431
2024-03-08 00:00:00-05:00,-0.01910252097117171
2024-03-11 00:00:00-04:00,0.0
2024-03-12 00:00:00-04:00,-0.00629739762566095
2024-03-13 00:00:00-04:00,-0.0010287343358686973
2024-03-14 00:00:00-04:00,0.0
2024-03-15 00:00:00-04:00,0.002714791330856947
2024-03-18 00:00:00-04:00,-0.007828708522128913
2024-03-19 00:00:00-04:00,-0.010650957393326888
2024-03-20 00:00:00-04:00,0.0059775789234746135
2024-03-21 00:00:00-04:00,-0.005556172608964793
2024-03-22 00:00:00-04:00,0.0
2024-03-25 00:00:00-04:00,0.0
2024-03-26 00:00:00-04:00,0.0
2024-03-27 00:00:00-04:00,0.0
2024-03-28 00:00:00-04:00,0.0
2024-04-01 00:00:00-04:00,0.0022873685516209274
2024-04-02 00:00:00-04:00,0.0
2024-04-03 00:00:00-04:00,0.0019501607115384179
2024-04-04 00:00:00-04:00,-0.01618127088106558
2024-04-05 00:00:00-04:00,0.0030787980911703983
2024-04-08 00:00:00-04:00,0.0
2024-04-09 00:00:00-04:00,0.007276368005740164
2024-04-10 00:00:00-04:00,0.0
2024-04-11 00:00:00-04:00,-0.005294449764460252
2024-04-12 00:00:00-04:00,-0.002447764643016659
2024-04-15 00:00:00-04:00,0.003990991107350794
2024-04-16 00:00:00-04:00,0.0
2024-04-17 00:00:00-04:00,0.006161191587287895
2024-04-18 00:00:00-04:00,0.0022592925322610924
2024-04-19 00:00:00-04:00,0.010225999767223604
2024-04-22 00:00:00-04:00,0.0
2024-04-23 00:00:00-04:00,0.002236226449022549
2024-04-24 00:00:00-04:00,-0.004080493167136212
2024-04-25 00:00:00-04:00,0.007424186616700412
2024-04-26 00:00:00-04:00,0.0022263188472755324
2024-04-29 00:00:00-04:00,-0.0002701988960648327
2024-04-30 00:00:00-04:00,-0.009972563871289974
2024-05-01 00:00:00-04:00,0.0
2024-05-02 00:00:00-04:00,0.0
2024-05-03 00:00:00-04:00,0.003043699457894844
2024-05-06 00:00:00-04:00,0.005584426861981573
2024-05-07 00:00:00-04:00,-0.002953112371538502
2024-05-08 00:00:00-04:00,0.0
2024-05-09 00:00:00-04:00,0.0
2024-05-10 00:00:00-04:00,0.0009470531997783915
2024-05-13 00:00:00-04:00,0.0
2024-05-14 00:00:00-04:00,0.002373244055847268
2024-05-15 00:00:00-04:00,0.007062258869332316
2024-05-16 00:00:00-04:00,0.0
2024-05-17 00:00:00-04:00,0.0
2024-05-20 00:00:00-04:00,0.0005130487619837698
2024-05-21 00:00:00-04:00,0.0
2024-05-22 00:00:00-04:00,0.0
2024-05-23 00:00:00-04:00,-0.006464953973655874
2024-05-24 00:00:00-04:00,0.0019276784830659643
2024-05-28 00:00:00-04:00,0.0006822224333642435
2024-05-29 00:00:00-04:00,-0.002502187509578313
2024-05-30 00:00:00-04:00,0.0
2024-05-31 00:00:00-04:00,-0.007670719607209886
2024-06-03 00:00:00-04:00,-0.008270330515212532
2024-06-04 00:00:00-04:00,0.0
2024-06-05 00:00:00-04:00,0.009230578507500642
2024-06-06 00:00:00-04:00,0.0
2024-06-07 00:00:00-04:00,-0.00403597589316762
2024-06-10 00:00:00-04:00,0.0
2024-06-11 00:00:00-04:00,0.006400726089282438
2024-06-12 00:00:00-04:00,-0.0027783219120542935
2024-06-13 00:00:00-04:00,0.0008422981713060995
2024-06-14 00:00:00-04:00,0.0028321586741903992
2024-06-17 00:00:00-04:00,0.008690870958849573
2024-06-18 00:00:00-04:00,0.0020596914882122785
2024-06-20 00:00:00-04:00,-0.0016498182050987964
2024-06-21 00:00:00-04:00,0.0
2024-06-24 00:00:00-04:00,0.0
2024-06-25 00:00:00-04:00,-0.0007903674276055206
2024-06-26 00:00:00-04:00,0.0
2024-06-27 00:00:00-04:00,-0.0015631625434775476
2024-06-28 00:00:00-04:00,-0.010736865104898796
2024-07-01 00:00:00-04:00,0.0
2024-07-02 00:00:00-04:00,0.006363487336742413
2024-07-03 00:00:00-04:00,0.0032101201158205583
2024-07-05 00:00:00-04:00,0.004921211732781927
2024-07-08 00:00:00-04:00,0.0
2024-07-09 00:00:00-04:00,-0.0013770031850612874
2024-07-10 00:00:00-04:00,0.005459992055994123
2024-07-11 00:00:00-04:00,-0.006910369948974204
2024-07-12 00:00:00-04:00,0.0
2024-07-15 00:00:00-04:00,-0.0006889096529555383
2024-07-16 00:00:00-04:00,0.0
2024-07-17 00:00:00-04:00,0.0
2024-07-18 00:00:00-04:00,-0.003948467005755352
2024-07-19 00:00:00-04:00,0.0019031596666601036
2024-07-22 00:00:00-04:00,-0.002196720890883741
2024-07-23 00:00:00-04:00,0.0
2024-07-24 00:00:00-04:00,0.0
2024-07-25 00:00:00-04:00,0.0
2024-07-26 00:00:00-04:00,0.002741296195970966
2024-07-29 00:00:00-04:00,0.0
2024-07-30 00:00:00-04:00,-0.004602833709935306
2024-07-31 00:00:00-04:00,0.002922914377813779
2024-08-01 00:00:00-04:00,-0.015298453090946684
2024-08-02 00:00:00-04:00,0.0
2024-08-05 00:00:00-04:00,0.014261805956390816
2024-08-06 00:00:00-04:00,0.008583069834479318
2024-08-07 00:00:00-04:00,0.022026294043075323
2024-08-08 00:00:00-04:00,0.007462455337291507
2024-08-09 00:00:00-04:00,-0.002663148319314357
2024-08-12 00:00:00-04:00,0.0
2024-08-13 00:00:00-04:00,0.01031585899214571
2024-08-14 00:00:00-04:00,-0.00022183164382338916
2024-08-15 00:00:00-04:00,0.00563125778510587
2024-08-16 00:00:00-04:00,0.0
2024-08-19 00:00:00-04:00,0.009968269383940909
2024-08-20 00:00:00-04:00,0.0
2024-08-21 00:00:00-04:00,-0.0015395491874182765
2024-08-22 00:00:00-04:00,0.0
2024-08-23 00:00:00-04:00,-0.0126963105587381
2024-08-26 00:00:00-04:00,0.0
2024-08-27 00:00:00-04:00,0.0
2024-08-28 00:00:00-04:00,-0.0018773420169673205
2024-08-29 00:00:00-04:00,-0.011550418882095514
2024-08-30 00:00:00-04:00,-0.003588217014598327
2024-09-03 00:00:00-04:00,0.0
2024-09-04 00:00:00-04:00,0.0
2024-09-05 00:00:00-04:00,0.005236721446981729
2024-09-06 00:00:00-04:00,0.0
2024-09-09 00:00:00-04:00,0.0
2024-09-10 00:00:00-04:00,-0.004208527045827304
2024-09-11 00:00:00-04:00,0.026328224532474964
2024-09-12 00:00:00-04:00,0.005538709194196523
2024-09-13 00:00:00-04:00,0.0
2024-09-16 00:00:00-04:00,0.0023282302320084547
2024-09-17 00:00:00-04:00,-0.01112790480931014
2024-09-18 00:00:00-04:00,-0.010020145799788938
2024-09-19 00:00:00-04:00,-0.0023918372334392757
2024-09-20 00:00:00-04:00,0.006065250632864894
2024-09-23 00:00:00-04:00,-0.0012860380976734698
2024-09-24 00:00:00-04:00,-0.0009485045048578389
2024-09-25 00:00:00-04:00,0.0
2024-09-26 00:00:00-04:00,-0.0006331063644536838
2024-09-27 00:00:00-04:00,0.0
2024-09-30 00:00:00-04:00,0.0
2024-10-01 00:00:00-04:00,0.0
2024-10-02 00:00:00-04:00,0.0
2024-10-03 00:00:00-04:00,0.0031030228206267996
2024-10-04 00:00:00-04:00,0.008113757289001766
2024-10-07 00:00:00-04:00,-0.005534580663111743
2024-10-08 00:00:00-04:00,0.005528938251564863
2024-10-09 00:00:00-04:00,0.0020165529377476066
2024-10-10 00:00:00-04:00,0.0
2024-10-11 00:00:00-04:00,0.0
2024-10-14 00:00:00-04:00,-0.0011328941348228705
2024-10-15 00:00:00-04:00,-0.00529597087956768
2024-10-16 00:00:00-04:00,0.0
2024-10-17 00:00:00-04:00,-0.0018006122049479822
2024-10-18 00:00:00-04:00,-0.000955038903065808
2024-10-21 00:00:00-04:00,0.007126615068532516
2024-10-22 00:00:00-04:00,-0.0006883822100184345
2024-10-23 00:00:00-04:00,0.0
2024-10-24 00:00:00-04:00,0.0
2024-10-25 00:00:00-04:00,-0.009399694586921359
2024-10-28 00:00:00-04:00,0.0
2024-10-29 00:00:00-04:00,0.0045271588912536576
2024-10-30 00:00:00-04:00,-0.0042524292653117746
2024-10-31 00:00:00-04:00,0.0
2024-11-01 00:00:00-04:00,0.0
2024-11-04 00:00:00-05:00,0.0
2024-11-05 00:00:00-05:00,0.0036720207346438993
2024-11-06 00:00:00-05:00,0.0045967159346373965
2024-11-07 00:00:00-05:00,0.005018327371904885
2024-11-08 00:00:00-05:00,0.0
2024-11-11 00:00:00-05:00,0.0
2024-11-12 00:00:00-05:00,0.0
2024-11-13 00:00:00-05:00,-0.0035794085961052824
2024-11-14 00:00:00-05:00,0.0
2024-11-15 00:00:00-05:00,0.0
2024-11-18 00:00:00-05:00,0.0
2024-11-19 00:00:00-05:00,0.0017297090130550252
2024-11-20 00:00:00-05:00,0.01013272599340187
2024-11-21 00:00:00-05:00,0.0019043558389966186
2024-11-22 00:00:00-05:00,0.0
2024-11-25 00:00:00-05:00,-0.0028247011220995377
2024-11-26 00:00:00-05:00,0.0014286822738125426
2024-11-27 00:00:00-05:00,0.0
2024-11-29 00:00:00-05:00,0.001924592558518956
2024-12-02 00:00:00-05:00,0.00154733863874279
2024-12-03 00:00:00-05:00,0.0
2024-12-04 00:00:00-05:00,0.0035778947393019234
2024-12-05 00:00:00-05:00,-0.004055968663117859
2024-12-06 00:00:00-05:00,0.0009714656055428428
2024-12-09 00:00:00-05:00,-0.0034759278731648635
2024-12-10 00:00:00-05:00,-0.007406559483256081
2024-12-11 00:00:00-05:00,0.004510187279144429
2024-12-12 00:00:00-05:00,0.0
2024-12-13 00:00:00-05:00,-0.00044740343311622244
2024-12-16 00:00:00-05:00,0.005062919616494632
2024-12-17 00:00:00-05:00,0.0028625999480753617
2024-12-18 00:00:00-05:00,0.0
2024-12-19 00:00:00-05:00,0.0
2024-12-20 00:00:00-05:00,0.004876153972130481
2024-12-23 00:00:00-05:00,0.0017125700333568972
2024-12-24 00:00:00-05:00,0.005174363481872835
2024-12-26 00:00:00-05:00,0.0
2024-12-27 00:00:00-05:00,0.0
2024-12-30 00:00:00-05:00,0.0
2024-12-31 00:00:00-05:00,0.0
2025-01-02 00:00:00-05:00,-0.0052274488783166095
2025-01-03 00:00:00-05:00,-0.00849644733867072
2025-01-06 00:00:00-05:00,-0.00574380420466547
2025-01-07 00:00:00-05:00,-0.012897073228898992
2025-01-08 00:00:00-05:00,0.0
2025-01-10 00:00:00-05:00,0.0006345397731126745
2025-01-13 00:00:00-05:00,0.0
2025-01-14 00:00:00-05:00,0.0
2025-01-15 00:00:00-05:00,0.0001710467832882756
2025-01-16 00:00:00-05:00,0.0
2025-01-17 00:00:00-05:00,0.002998852739263036
2025-01-21 00:00:00-05:00,0.0007425924074260237
2025-01-22 00:00:00-05:00,-0.000882450293812731
2025-01-23 00:00:00-05:00,0.0062386673593286535
2025-01-24 00:00:00-05:00,0.0
2025-01-27 00:00:00-05:00,0.0
2025-01-28 00:00:00-05:00,0.0
2025-01-29 00:00:00-05:00,0.005818687564323577
2025-01-30 00:00:00-05:00,-0.0031786065439816102
2025-01-31 00:00:00-05:00,-0.013112881373688379
2025-02-03 00:00:00-05:00,0.0
2025-02-04 00:00:00-05:00,0.0
2025-02-05 00:00:00-05:00,0.0017943657041166183
2025-02-06 00:00:00-05:00,0.0
2025-02-07 00:00:00-05:00,-0.003562880815016878
2025-02-10 00:00:00-05:00,-0.0009995458811251634
2025-02-11 00:00:00-05:00,0.0
2025-02-12 00:00:00-05:00,0.004613388975664323
2025-02-13 00:00:00-05:00,0.006105099284783977
2025-02-14 00:00:00-05:00,0.0
2025-02-18 00:00:00-05:00,0.0
2025-02-19 00:00:00-05:00,-0.0001252244067330155
2025-02-20 00:00:00-05:00,0.0
2025-02-21 00:00:00-05:00,0.0
2025-02-24 00:00:00-05:00,0.0036466057706574517
2025-02-25 00:00:00-05:00,-0.010852072810215052
2025-02-26 00:00:00-05:00,-0.0012991409031013479
2025-02-27 00:00:00-05:00,0.0
2025-02-28 00:00:00-05:00,-0.01172585544346727
2025-03-03 00:00:00-05:00,0.0
2025-03-04 00:00:00-05:00,-0.030466886659193837
2025-03-05 00:00:00-05:00,-0.007892776243033972
2025-03-06 00:00:00-05:00,-0.01939460647037461
2025-03-07 00:00:00-05:00,0.0
2025-03-10 00:00:00-04:00,0.0
2025-03-11 00:00:00-04:00,0.0
2025-03-12 00:00:00-04:00,0.0008349245863241705
2025-03-13 00:00:00-04:00,-0.011775088771875275
2025-03-14 00:00:00-04:00,-0.012095509793522363
2025-03-17 00:00:00-04:00,-0.004587895309102419
2025-03-18 00:00:00-04:00,-5.128242540541894e-05
2025-03-19 00:00:00-04:00,0.0
2025-03-20 00:00:00-04:00,0.002352036756496645
2025-03-21 00:00:00-04:00,0.0
2025-03-24 00:00:00-04:00,0.0012184676463986577
2025-03-25 00:00:00-04:00,0.0
2025-03-26 00:00:00-04:00,-0.008792478267475867
2025-03-27 00:00:00-04:00,0.0
2025-03-28 00:00:00-04:00,0.0
2025-03-31 00:00:00-04:00,-0.00904080095827775
2025-04-01 00:00:00-04:00,-0.0020146838589943927
2025-04-02 00:00:00-04:00,-0.004390115502696967
2025-04-03 00:00:00-04:00,0.0
2025-04-04 00:00:00-04:00,0.0
2025-04-07 00:00:00-04:00,-0.021244997267136356
2025-04-08 00:00:00-04:00,0.04517117927724823
2025-04-09 00:00:00-04:00,0.048633084408103766
2025-04-10 00:00:00-04:00,-0.009011943581160198
2025-04-11 00:00:00-04:00,0.0023776832416106952
2025-04-14 00:00:00-04:00,0.0
2025-04-15 00:00:00-04:00,0.0
2025-04-16 00:00:00-04:00,0.0
2025-04-17 00:00:00-04:00,0.0
2025-04-21 00:00:00-04:00,0.0
2025-04-22 00:00:00-04:00,0.005358894439825734
2025-04-23 00:00:00-04:00,-0.016332467623257907
2025-04-24 00:00:00-04:00,0.009218756996436595
2025-04-25 00:00:00-04:00,-0.0010515077524504424
2025-04-28 00:00:00-04:00,0.0
2025-04-29 00:00:00-04:00,0.004523484659408217
2025-04-30 00:00:00-04:00,0.0
2025-05-01 00:00:00-04:00,-0.006313692971891216
2025-05-02 00:00:00-04:00,0.000253313222795315
2025-05-05 00:00:00-04:00,0.0
2025-05-06 00:00:00-04:00,0.0
2025-05-07 00:00:00-04:00,0.0
2025-05-08 00:00:00-04:00,-0.007487778833247027
2025-05-09 00:00:00-04:00,0.0015358556740745488
2025-05-12 00:00:00-04:00,0.009853091806492964
2025-05-13 00:00:00-04:00,0.0025806146715032785
2025-05-14 00:00:00-04:00,0.0
2025-05-15 00:00:00-04:00,0.00034317872054479004
2025-05-16 00:00:00-04:00,0.00018626686684219962
2025-05-19 00:00:00-04:00,0.0
2025-05-20 00:00:00-04:00,0.0
2025-05-21 00:00:00-04:00,-0.011483832025088181
2025-05-22 00:00:00-04:00,0.0037424625636213182
2025-05-23 00:00:00-04:00,0.0
2025-05-27 00:00:00-04:00,0.004321104589459779
2025-05-28 00:00:00-04:00,0.0
2025-05-29 00:00:00-04:00,0.0
2025-05-30 00:00:00-04:00,0.0
2025-06-02 00:00:00-04:00,0.0009944781689550375
2025-06-03 00:00:00-04:00,0.0013294677875030914
2025-06-04 00:00:00-04:00,-0.0019296062865481467
2025-06-05 00:00:00-04:00,-0.01753099094407473
2025-06-06 00:00:00-04:00,4.71047699710514e-05
2025-06-09 00:00:00-04:00,0.0
2025-06-10 00:00:00-04:00,0.002426200178273996
2025-06-11 00:00:00-04:00,-0.006389901050730562
2025-06-12 00:00:00-04:00,-0.001067060202597503
2025-06-13 00:00:00-04:00,0.006520886703909268
2025-06-16 00:00:00-04:00,-0.0012165343435530662
2025-06-17 00:00:00-04:00,0.0
2025-06-18 00:00:00-04:00,-0.005877543575025901
2025-06-20 00:00:00-04:00,0.0
2025-06-23 00:00:00-04:00,-0.01184361827707503
2025-06-24 00:00:00-04:00,0.00412273102254801
2025-06-25 00:00:00-04:00,-0.0013693584599656639
2025-06-26 00:00:00-04:00,0.004331282806456116
2025-06-27 00:00:00-04:00,-0.008075492937244744
2025-06-30 00:00:00-04:00,0.0018277154945156582
2025-07-01 00:00:00-04:00,-0.007650622557567988
2025-07-02 00:00:00-04:00,0.0022709216492540207
2025-07-03 00:00:00-04:00,-0.00027230349881690596
2025-07-07 00:00:00-04:00,-0.00256254230613584
2025-07-08 00:00:00-04:00,-0.002597669087420318
2025-07-09 00:00:00-04:00,0.0
2025-07-10 00:00:00-04:00,0.0031424354430416024
2025-07-11 00:00:00-04:00,0.0
2025-07-14 00:00:00-04:00,-0.0008866061994973196
2025-07-15 00:00:00-04:00,-0.005697433886375336
2025-07-16 00:00:00-04:00,-0.006015941453879292
2025-07-17 00:00:00-04:00,0.004223118313281038
2025-07-18 00:00:00-04:00,0.0
2025-07-21 00:00:00-04:00,-0.003256657217017178
2025-07-22 00:00:00-04:00,0.0
2025-07-23 00:00:00-04:00,0.0
2025-07-24 00:00:00-04:00,-0.000502426757876151
2025-07-25 00:00:00-04:00,-0.0001289525607420794
2025-07-28 00:00:00-04:00,-0.0006245761211218781
2025-07-29 00:00:00-04:00,-0.004922782713575602
2025-07-30 00:00:00-04:00,-0.0048813964912455265
2025-07-31 00:00:00-04:00,-0.012617858495471812
2025-08-01 00:00:00-04:00,0.0
2025-08-04 00:00:00-04:00,-0.002416450519723279
2025-08-05 00:00:00-04:00,0.0
2025-08-06 00:00:00-04:00,0.004144112539972156
2025-08-07 00:00:00-04:00,-0.009491410796440336
2025-08-08 00:00:00-04:00,0.0014305003294192709
2025-08-11 00:00:00-04:00,-0.006429209257995505
2025-08-12 00:00:00-04:00,0.007953877480238791
2025-08-13 00:00:00-04:00,0.0
2025-08-14 00:00:00-04:00,0.0
2025-08-15 00:00:00-04:00,0.0
2025-08-18 00:00:00-04:00,0.0
2025-08-19 00:00:00-04:00,0.0
2025-08-20 00:00:00-04:00,-0.008924378706955727
2025-08-21 00:00:00-04:00,0.00845738733232504
2025-08-22 00:00:00-04:00,0.00029254965351133144
2025-08-25 00:00:00-04:00,0.0
2025-08-26 00:00:00-04:00,0.0
2025-08-27 00:00:00-04:00,0.0005896821463093893
2025-08-28 00:00:00-04:00,0.00025332543910150385
2025-08-29 00:00:00-04:00,0.0
2025-09-02 00:00:00-04:00,0.0
2025-09-03 00:00:00-04:00,0.0
2025-09-04 00:00:00-04:00,0.00797812973510581
2025-09-05 00:00:00-04:00,0.0
2025-09-08 00:00:00-04:00,-0.002643758437317234
2025-09-09 00:00:00-04:00,0.0
2025-09-10 00:00:00-04:00,-0.006693753001586256
2025-09-11 00:00:00-04:00,0.0017667039590687494
2025-09-12 00:00:00-04:00,0.0013451998207809623
2025-09-15 00:00:00-04:00,0.0
2025-09-16 00:00:00-04:00,0.0
2025-09-17 00:00:00-04:00,0.0
2025-09-18 00:00:00-04:00,0.0
2025-09-19 00:00:00-04:00,0.0
2025-09-22 00:00:00-04:00,0.0
2025-09-23 00:00:00-04:00,0.0
2025-09-24 00:00:00-04:00,0.0
2025-09-25 00:00:00-04:00,0.0
2025-09-26 00:00:00-04:00,0.0
2025-09-29 00:00:00-04:00,0.0
2025-09-30 00:00:00-04:00,0.0
